# Blender 4.4.1
# www.blender.org
mtllib title.mtl
o テキスト
v 4.419000 0.463000 0.100000
v 4.405011 0.477081 0.100000
v 4.388334 0.493065 0.100000
v 4.369407 0.510562 0.100000
v 4.348667 0.529185 0.100000
v 4.326552 0.548544 0.100000
v 4.303500 0.568250 0.100000
v 4.279948 0.587914 0.100000
v 4.256334 0.607148 0.100000
v 4.233094 0.625563 0.100000
v 4.210667 0.642769 0.100000
v 4.189490 0.658377 0.100000
v 4.170000 0.672000 0.100000
v 4.227000 0.733000 0.100000
v 4.245862 0.720123 0.100000
v 4.266653 0.705236 0.100000
v 4.288922 0.688703 0.100000
v 4.312222 0.670889 0.100000
v 4.336106 0.652158 0.100000
v 4.360125 0.632875 0.100000
v 4.383832 0.613405 0.100000
v 4.406778 0.594111 0.100000
v 4.428516 0.575359 0.100000
v 4.448597 0.557514 0.100000
v 4.466575 0.540939 0.100000
v 4.482000 0.526000 0.100000
v 4.578815 0.234269 0.100000
v 4.615185 0.261398 0.100000
v 4.650000 0.290125 0.100000
v 4.683148 0.320185 0.100000
v 4.714519 0.351315 0.100000
v 4.744000 0.383250 0.100000
v 4.771482 0.415727 0.100000
v 4.796852 0.448481 0.100000
v 4.820000 0.481250 0.100000
v 4.840815 0.513768 0.100000
v 4.859185 0.545773 0.100000
v 4.875000 0.577000 0.100000
v 4.923000 0.492000 0.100000
v 4.904989 0.460551 0.100000
v 4.884987 0.428824 0.100000
v 4.863048 0.397000 0.100000
v 4.839223 0.365259 0.100000
v 4.813565 0.333782 0.100000
v 4.786126 0.302750 0.100000
v 4.756957 0.272343 0.100000
v 4.726111 0.242741 0.100000
v 4.693641 0.214125 0.100000
v 4.659597 0.186676 0.100000
v 4.624033 0.160574 0.100000
v 4.587000 0.136000 0.100000
v 4.561431 0.120308 0.100000
v 4.534695 0.104796 0.100000
v 4.506750 0.089562 0.100000
v 4.477556 0.074704 0.100000
v 4.447070 0.060317 0.100000
v 4.415250 0.046500 0.100000
v 4.382056 0.033350 0.100000
v 4.347445 0.020963 0.100000
v 4.311375 0.009437 0.100000
v 4.273806 -0.001130 0.100000
v 4.234694 -0.010641 0.100000
v 4.194000 -0.019000 0.100000
v 4.141000 0.063000 0.100000
v 4.183817 0.070208 0.100000
v 4.224795 0.078745 0.100000
v 4.263968 0.088484 0.100000
v 4.301370 0.099296 0.100000
v 4.337035 0.111053 0.100000
v 4.370999 0.123625 0.100000
v 4.403297 0.136885 0.100000
v 4.433962 0.150704 0.100000
v 4.463031 0.164953 0.100000
v 4.490537 0.179505 0.100000
v 4.516515 0.194230 0.100000
v 4.541000 0.209000 0.100000
v 3.294000 0.408000 0.100000
v 3.304153 0.400463 0.100000
v 3.315977 0.391454 0.100000
v 3.329266 0.381125 0.100000
v 3.343815 0.369630 0.100000
v 3.359420 0.357120 0.100000
v 3.375875 0.343750 0.100000
v 3.392976 0.329671 0.100000
v 3.410518 0.315037 0.100000
v 3.428297 0.300000 0.100000
v 3.446106 0.284713 0.100000
v 3.463742 0.269329 0.100000
v 3.481000 0.254000 0.100000
v 3.517064 0.282216 0.100000
v 3.551681 0.311648 0.100000
v 3.584734 0.341969 0.100000
v 3.616111 0.372852 0.100000
v 3.645696 0.403971 0.100000
v 3.673375 0.435000 0.100000
v 3.699033 0.465612 0.100000
v 3.722556 0.495481 0.100000
v 3.743828 0.524281 0.100000
v 3.762736 0.551685 0.100000
v 3.779165 0.577367 0.100000
v 3.793000 0.601000 0.100000
v 3.763842 0.601000 0.100000
v 3.722570 0.601000 0.100000
v 3.671735 0.601000 0.100000
v 3.613889 0.601000 0.100000
v 3.551585 0.601000 0.100000
v 3.487375 0.601000 0.100000
v 3.423811 0.601000 0.100000
v 3.363444 0.601000 0.100000
v 3.308828 0.601000 0.100000
v 3.262514 0.601000 0.100000
v 3.227054 0.601000 0.100000
v 3.205000 0.601000 0.100000
v 3.195182 0.600920 0.100000
v 3.185292 0.600694 0.100000
v 3.175422 0.600344 0.100000
v 3.165667 0.599889 0.100000
v 3.156120 0.599351 0.100000
v 3.146875 0.598750 0.100000
v 3.138026 0.598108 0.100000
v 3.129667 0.597444 0.100000
v 3.121891 0.596781 0.100000
v 3.114792 0.596139 0.100000
v 3.108464 0.595538 0.100000
v 3.103000 0.595000 0.100000
v 3.103000 0.685000 0.100000
v 3.110220 0.684002 0.100000
v 3.117847 0.683019 0.100000
v 3.125828 0.682063 0.100000
v 3.134111 0.681148 0.100000
v 3.142644 0.680289 0.100000
v 3.151375 0.679500 0.100000
v 3.160252 0.678794 0.100000
v 3.169222 0.678185 0.100000
v 3.178234 0.677688 0.100000
v 3.187236 0.677315 0.100000
v 3.196175 0.677081 0.100000
v 3.205000 0.677000 0.100000
v 3.225531 0.677000 0.100000
v 3.259912 0.677000 0.100000
v 3.305578 0.677000 0.100000
v 3.359963 0.677000 0.100000
v 3.420501 0.677000 0.100000
v 3.484625 0.677000 0.100000
v 3.549770 0.677000 0.100000
v 3.613370 0.677000 0.100000
v 3.672859 0.677000 0.100000
v 3.725671 0.677000 0.100000
v 3.769240 0.677000 0.100000
v 3.801000 0.677000 0.100000
v 3.807893 0.677062 0.100000
v 3.814564 0.677245 0.100000
v 3.821000 0.677547 0.100000
v 3.827185 0.677963 0.100000
v 3.833106 0.678490 0.100000
v 3.838750 0.679125 0.100000
v 3.844102 0.679864 0.100000
v 3.849148 0.680704 0.100000
v 3.853875 0.681641 0.100000
v 3.858268 0.682671 0.100000
v 3.862315 0.683792 0.100000
v 3.866000 0.685000 0.100000
v 3.929000 0.634000 0.100000
v 3.926522 0.631251 0.100000
v 3.924093 0.628509 0.100000
v 3.921719 0.625781 0.100000
v 3.919408 0.623074 0.100000
v 3.917166 0.620395 0.100000
v 3.915000 0.617750 0.100000
v 3.912918 0.615147 0.100000
v 3.910926 0.612593 0.100000
v 3.909031 0.610094 0.100000
v 3.907241 0.607657 0.100000
v 3.905561 0.605291 0.100000
v 3.904000 0.603000 0.100000
v 3.884864 0.572840 0.100000
v 3.863496 0.541051 0.100000
v 3.839953 0.507922 0.100000
v 3.814296 0.473741 0.100000
v 3.786584 0.438796 0.100000
v 3.756875 0.403375 0.100000
v 3.725229 0.367767 0.100000
v 3.691704 0.332259 0.100000
v 3.656359 0.297141 0.100000
v 3.619255 0.262699 0.100000
v 3.580448 0.229223 0.100000
v 3.540000 0.197000 0.100000
v 3.555204 0.181711 0.100000
v 3.570722 0.165940 0.100000
v 3.586406 0.149828 0.100000
v 3.602111 0.133519 0.100000
v 3.617691 0.117153 0.100000
v 3.633000 0.100875 0.100000
v 3.647892 0.084826 0.100000
v 3.662222 0.069148 0.100000
v 3.675844 0.053984 0.100000
v 3.688611 0.039477 0.100000
v 3.700378 0.025768 0.100000
v 3.711000 0.013000 0.100000
v 3.638000 -0.045000 0.100000
v 3.627889 -0.031514 0.100000
v 3.616194 -0.016694 0.100000
v 3.603125 -0.000750 0.100000
v 3.588889 0.016111 0.100000
v 3.573694 0.033681 0.100000
v 3.557750 0.051750 0.100000
v 3.541264 0.070111 0.100000
v 3.524444 0.088556 0.100000
v 3.507500 0.106875 0.100000
v 3.490639 0.124861 0.100000
v 3.474069 0.142306 0.100000
v 3.458000 0.159000 0.100000
v 3.441902 0.174774 0.100000
v 3.423884 0.191856 0.100000
v 3.404360 0.209891 0.100000
v 3.383741 0.228519 0.100000
v 3.362442 0.247383 0.100000
v 3.340875 0.266125 0.100000
v 3.319454 0.284388 0.100000
v 3.298593 0.301815 0.100000
v 3.278703 0.318047 0.100000
v 3.260199 0.332727 0.100000
v 3.243494 0.345497 0.100000
v 3.229000 0.356000 0.100000
v 2.778000 0.632000 0.100000
v 2.772760 0.642563 0.100000
v 2.767079 0.653671 0.100000
v 2.761016 0.665203 0.100000
v 2.754630 0.677037 0.100000
v 2.747980 0.689051 0.100000
v 2.741125 0.701125 0.100000
v 2.734124 0.713136 0.100000
v 2.727037 0.724963 0.100000
v 2.719922 0.736484 0.100000
v 2.712838 0.747579 0.100000
v 2.705844 0.758124 0.100000
v 2.699000 0.768000 0.100000
v 2.752000 0.790000 0.100000
v 2.758425 0.780794 0.100000
v 2.765148 0.770769 0.100000
v 2.772094 0.760063 0.100000
v 2.779185 0.748815 0.100000
v 2.786346 0.737164 0.100000
v 2.793500 0.725250 0.100000
v 2.800571 0.713211 0.100000
v 2.807482 0.701185 0.100000
v 2.814156 0.689313 0.100000
v 2.820518 0.677732 0.100000
v 2.826492 0.666581 0.100000
v 2.832000 0.656000 0.100000
v 2.898000 0.662000 0.100000
v 2.892319 0.672963 0.100000
v 2.886305 0.684287 0.100000
v 2.880000 0.695875 0.100000
v 2.873444 0.707630 0.100000
v 2.866680 0.719454 0.100000
v 2.859750 0.731250 0.100000
v 2.852694 0.742921 0.100000
v 2.845555 0.754370 0.100000
v 2.838375 0.765500 0.100000
v 2.831194 0.776213 0.100000
v 2.824055 0.786412 0.100000
v 2.817000 0.796000 0.100000
v 2.870000 0.819000 0.100000
v 2.876712 0.809317 0.100000
v 2.883782 0.798870 0.100000
v 2.891109 0.787813 0.100000
v 2.898592 0.776296 0.100000
v 2.906131 0.764475 0.100000
v 2.913625 0.752500 0.100000
v 2.920973 0.740526 0.100000
v 2.928074 0.728704 0.100000
v 2.934828 0.717188 0.100000
v 2.941134 0.706130 0.100000
v 2.946892 0.695683 0.100000
v 2.952000 0.686000 0.100000
v 2.061000 0.139000 0.100000
v 2.077878 0.155633 0.100000
v 2.095356 0.174310 0.100000
v 2.113203 0.194703 0.100000
v 2.131185 0.216482 0.100000
v 2.149070 0.239315 0.100000
v 2.166625 0.262875 0.100000
v 2.183617 0.286830 0.100000
v 2.199815 0.310852 0.100000
v 2.214984 0.334609 0.100000
v 2.228894 0.357773 0.100000
v 2.241310 0.380013 0.100000
v 2.252000 0.401000 0.100000
v 2.322000 0.367000 0.100000
v 2.310469 0.344708 0.100000
v 2.297083 0.321079 0.100000
v 2.282156 0.296484 0.100000
v 2.266000 0.271296 0.100000
v 2.248927 0.245886 0.100000
v 2.231250 0.220625 0.100000
v 2.213281 0.195885 0.100000
v 2.195333 0.172037 0.100000
v 2.177719 0.149453 0.100000
v 2.160750 0.128505 0.100000
v 2.144740 0.109563 0.100000
v 2.130000 0.093000 0.100000
v 2.839000 0.098000 0.100000
v 2.828533 0.118416 0.100000
v 2.816768 0.140412 0.100000
v 2.803906 0.163609 0.100000
v 2.790148 0.187630 0.100000
v 2.775695 0.212094 0.100000
v 2.760750 0.236625 0.100000
v 2.745512 0.260843 0.100000
v 2.730185 0.284370 0.100000
v 2.714969 0.306828 0.100000
v 2.700065 0.327838 0.100000
v 2.685675 0.347021 0.100000
v 2.672000 0.364000 0.100000
v 2.740000 0.400000 0.100000
v 2.753774 0.382795 0.100000
v 2.768440 0.363444 0.100000
v 2.783766 0.342344 0.100000
v 2.799519 0.319889 0.100000
v 2.815466 0.296476 0.100000
v 2.831375 0.272500 0.100000
v 2.847013 0.248358 0.100000
v 2.862148 0.224444 0.100000
v 2.876547 0.201156 0.100000
v 2.889977 0.178889 0.100000
v 2.902205 0.158038 0.100000
v 2.913000 0.139000 0.100000
v 2.455000 0.597000 0.100000
v 2.455000 0.700000 0.100000
v 2.454938 0.705732 0.100000
v 2.454759 0.711856 0.100000
v 2.454468 0.718266 0.100000
v 2.454074 0.724852 0.100000
v 2.453582 0.731508 0.100000
v 2.453000 0.738125 0.100000
v 2.452334 0.744597 0.100000
v 2.451592 0.750815 0.100000
v 2.450781 0.756672 0.100000
v 2.449907 0.762060 0.100000
v 2.448978 0.766872 0.100000
v 2.448000 0.771000 0.100000
v 2.542000 0.771000 0.100000
v 2.541252 0.767063 0.100000
v 2.540514 0.762333 0.100000
v 2.539797 0.756938 0.100000
v 2.539111 0.751000 0.100000
v 2.538467 0.744646 0.100000
v 2.537875 0.738000 0.100000
v 2.537345 0.731188 0.100000
v 2.536889 0.724333 0.100000
v 2.536515 0.717562 0.100000
v 2.536236 0.711000 0.100000
v 2.536061 0.704771 0.100000
v 2.536000 0.699000 0.100000
v 2.536000 0.597000 0.100000
v 2.800000 0.597000 0.100000
v 2.806177 0.597041 0.100000
v 2.812671 0.597162 0.100000
v 2.819422 0.597359 0.100000
v 2.826370 0.597630 0.100000
v 2.833457 0.597969 0.100000
v 2.840625 0.598375 0.100000
v 2.847813 0.598843 0.100000
v 2.854963 0.599370 0.100000
v 2.862015 0.599953 0.100000
v 2.868912 0.600588 0.100000
v 2.875593 0.601271 0.100000
v 2.882000 0.602000 0.100000
v 2.882000 0.519000 0.100000
v 2.875193 0.519460 0.100000
v 2.868292 0.519843 0.100000
v 2.861328 0.520156 0.100000
v 2.854333 0.520407 0.100000
v 2.847339 0.520603 0.100000
v 2.840375 0.520750 0.100000
v 2.833474 0.520855 0.100000
v 2.826667 0.520926 0.100000
v 2.819984 0.520969 0.100000
v 2.813458 0.520991 0.100000
v 2.807120 0.520999 0.100000
v 2.801000 0.521000 0.100000
v 2.536000 0.521000 0.100000
v 2.536000 0.514000 0.100000
v 2.536000 0.488745 0.100000
v 2.536000 0.455125 0.100000
v 2.536000 0.414859 0.100000
v 2.536000 0.369667 0.100000
v 2.536000 0.321266 0.100000
v 2.536000 0.271375 0.100000
v 2.536000 0.221714 0.100000
v 2.536000 0.174000 0.100000
v 2.536000 0.129953 0.100000
v 2.536000 0.091292 0.100000
v 2.536000 0.059734 0.100000
v 2.536000 0.037000 0.100000
v 2.535454 0.024292 0.100000
v 2.533797 0.012671 0.100000
v 2.531000 0.002141 0.100000
v 2.527037 -0.007296 0.100000
v 2.521880 -0.015636 0.100000
v 2.515500 -0.022875 0.100000
v 2.507870 -0.029010 0.100000
v 2.498963 -0.034037 0.100000
v 2.488750 -0.037953 0.100000
v 2.477204 -0.040755 0.100000
v 2.464296 -0.042438 0.100000
v 2.450000 -0.043000 0.100000
v 2.439147 -0.042939 0.100000
v 2.427676 -0.042759 0.100000
v 2.415719 -0.042469 0.100000
v 2.403407 -0.042074 0.100000
v 2.390874 -0.041582 0.100000
v 2.378250 -0.041000 0.100000
v 2.365668 -0.040334 0.100000
v 2.353259 -0.039593 0.100000
v 2.341156 -0.038781 0.100000
v 2.329491 -0.037907 0.100000
v 2.318395 -0.036978 0.100000
v 2.308000 -0.036000 0.100000
v 2.301000 0.044000 0.100000
v 2.311799 0.042083 0.100000
v 2.322643 0.040333 0.100000
v 2.333453 0.038750 0.100000
v 2.344148 0.037333 0.100000
v 2.354649 0.036083 0.100000
v 2.364875 0.035000 0.100000
v 2.374747 0.034083 0.100000
v 2.384185 0.033333 0.100000
v 2.393109 0.032750 0.100000
v 2.401440 0.032333 0.100000
v 2.409096 0.032083 0.100000
v 2.416000 0.032000 0.100000
v 2.422420 0.032251 0.100000
v 2.428194 0.033009 0.100000
v 2.433344 0.034281 0.100000
v 2.437889 0.036074 0.100000
v 2.441851 0.038395 0.100000
v 2.445250 0.041250 0.100000
v 2.448108 0.044647 0.100000
v 2.450444 0.048593 0.100000
v 2.452281 0.053094 0.100000
v 2.453639 0.058157 0.100000
v 2.454538 0.063791 0.100000
v 2.455000 0.070000 0.100000
v 2.455000 0.089373 0.100000
v 2.455000 0.118653 0.100000
v 2.455000 0.155828 0.100000
v 2.455000 0.198889 0.100000
v 2.455000 0.245825 0.100000
v 2.455000 0.294625 0.100000
v 2.455000 0.343280 0.100000
v 2.455000 0.389778 0.100000
v 2.455000 0.432109 0.100000
v 2.455000 0.468264 0.100000
v 2.455000 0.496231 0.100000
v 2.455000 0.514000 0.100000
v 2.455000 0.521000 0.100000
v 2.177000 0.521000 0.100000
v 2.169542 0.520979 0.100000
v 2.162163 0.520917 0.100000
v 2.154860 0.520813 0.100000
v 2.147630 0.520667 0.100000
v 2.140470 0.520479 0.100000
v 2.133375 0.520250 0.100000
v 2.126343 0.519979 0.100000
v 2.119370 0.519667 0.100000
v 2.112453 0.519313 0.100000
v 2.105588 0.518917 0.100000
v 2.098771 0.518479 0.100000
v 2.092000 0.518000 0.100000
v 2.092000 0.602000 0.100000
v 2.098943 0.601271 0.100000
v 2.105797 0.600588 0.100000
v 2.112594 0.599953 0.100000
v 2.119371 0.599370 0.100000
v 2.126161 0.598843 0.100000
v 2.133000 0.598375 0.100000
v 2.139923 0.597969 0.100000
v 2.146963 0.597630 0.100000
v 2.154156 0.597359 0.100000
v 2.161537 0.597162 0.100000
v 2.169140 0.597041 0.100000
v 2.177000 0.597000 0.100000
v 1.419000 0.463000 0.100000
v 1.405010 0.477081 0.100000
v 1.388333 0.493065 0.100000
v 1.369406 0.510562 0.100000
v 1.348667 0.529185 0.100000
v 1.326552 0.548544 0.100000
v 1.303500 0.568250 0.100000
v 1.279948 0.587914 0.100000
v 1.256333 0.607148 0.100000
v 1.233094 0.625563 0.100000
v 1.210667 0.642769 0.100000
v 1.189489 0.658377 0.100000
v 1.170000 0.672000 0.100000
v 1.227000 0.733000 0.100000
v 1.245863 0.720123 0.100000
v 1.266653 0.705236 0.100000
v 1.288922 0.688703 0.100000
v 1.312222 0.670889 0.100000
v 1.336106 0.652158 0.100000
v 1.360125 0.632875 0.100000
v 1.383832 0.613405 0.100000
v 1.406778 0.594111 0.100000
v 1.428516 0.575359 0.100000
v 1.448597 0.557514 0.100000
v 1.466575 0.540939 0.100000
v 1.482000 0.526000 0.100000
v 1.578815 0.234269 0.100000
v 1.615185 0.261398 0.100000
v 1.650000 0.290125 0.100000
v 1.683148 0.320185 0.100000
v 1.714519 0.351315 0.100000
v 1.744000 0.383250 0.100000
v 1.771482 0.415727 0.100000
v 1.796852 0.448481 0.100000
v 1.820000 0.481250 0.100000
v 1.840815 0.513768 0.100000
v 1.859185 0.545773 0.100000
v 1.875000 0.577000 0.100000
v 1.923000 0.492000 0.100000
v 1.904988 0.460551 0.100000
v 1.884986 0.428824 0.100000
v 1.863047 0.397000 0.100000
v 1.839222 0.365259 0.100000
v 1.813564 0.333782 0.100000
v 1.786125 0.302750 0.100000
v 1.756957 0.272343 0.100000
v 1.726111 0.242741 0.100000
v 1.693641 0.214125 0.100000
v 1.659597 0.186676 0.100000
v 1.624033 0.160574 0.100000
v 1.587000 0.136000 0.100000
v 1.561431 0.120308 0.100000
v 1.534694 0.104796 0.100000
v 1.506750 0.089562 0.100000
v 1.477556 0.074704 0.100000
v 1.447069 0.060317 0.100000
v 1.415250 0.046500 0.100000
v 1.382056 0.033350 0.100000
v 1.347444 0.020963 0.100000
v 1.311375 0.009437 0.100000
v 1.273806 -0.001130 0.100000
v 1.234694 -0.010641 0.100000
v 1.194000 -0.019000 0.100000
v 1.141000 0.063000 0.100000
v 1.183818 0.070208 0.100000
v 1.224796 0.078745 0.100000
v 1.263969 0.088484 0.100000
v 1.301370 0.099296 0.100000
v 1.337036 0.111053 0.100000
v 1.371000 0.123625 0.100000
v 1.403298 0.136885 0.100000
v 1.433963 0.150704 0.100000
v 1.463031 0.164953 0.100000
v 1.490537 0.179505 0.100000
v 1.516515 0.194230 0.100000
v 1.541000 0.209000 0.100000
v 0.761000 0.128000 0.100000
v 0.761000 0.600000 0.100000
v 0.282000 0.600000 0.100000
v 0.272502 0.599960 0.100000
v 0.262602 0.599847 0.100000
v 0.252438 0.599672 0.100000
v 0.242148 0.599445 0.100000
v 0.231873 0.599175 0.100000
v 0.221750 0.598875 0.100000
v 0.211919 0.598554 0.100000
v 0.202519 0.598222 0.100000
v 0.193687 0.597891 0.100000
v 0.185565 0.597569 0.100000
v 0.178289 0.597269 0.100000
v 0.172000 0.597000 0.100000
v 0.172000 0.686000 0.100000
v 0.180466 0.685042 0.100000
v 0.189310 0.684167 0.100000
v 0.198453 0.683375 0.100000
v 0.207815 0.682667 0.100000
v 0.217315 0.682042 0.100000
v 0.226875 0.681500 0.100000
v 0.236414 0.681042 0.100000
v 0.245852 0.680667 0.100000
v 0.255109 0.680375 0.100000
v 0.264107 0.680167 0.100000
v 0.272763 0.680042 0.100000
v 0.281000 0.680000 0.100000
v 0.774000 0.680000 0.100000
v 0.780116 0.680020 0.100000
v 0.786426 0.680079 0.100000
v 0.792875 0.680172 0.100000
v 0.799407 0.680296 0.100000
v 0.805968 0.680449 0.100000
v 0.812500 0.680625 0.100000
v 0.818949 0.680822 0.100000
v 0.825259 0.681037 0.100000
v 0.831375 0.681266 0.100000
v 0.837241 0.681505 0.100000
v 0.842801 0.681751 0.100000
v 0.848000 0.682000 0.100000
v 0.847731 0.676092 0.100000
v 0.847431 0.669903 0.100000
v 0.847109 0.663484 0.100000
v 0.846778 0.656889 0.100000
v 0.846446 0.650168 0.100000
v 0.846125 0.643375 0.100000
v 0.845825 0.636561 0.100000
v 0.845556 0.629778 0.100000
v 0.845328 0.623078 0.100000
v 0.845153 0.616514 0.100000
v 0.845040 0.610137 0.100000
v 0.845000 0.604000 0.100000
v 0.845000 0.088000 0.100000
v 0.845060 0.078834 0.100000
v 0.845227 0.069426 0.100000
v 0.845484 0.059906 0.100000
v 0.845815 0.050407 0.100000
v 0.846201 0.041061 0.100000
v 0.846625 0.032000 0.100000
v 0.847070 0.023355 0.100000
v 0.847519 0.015259 0.100000
v 0.847953 0.007844 0.100000
v 0.848356 0.001241 0.100000
v 0.848711 -0.004418 0.100000
v 0.849000 -0.009000 0.100000
v 0.759000 -0.009000 0.100000
v 0.761000 0.047000 0.100000
v 0.272000 0.047000 0.100000
v 0.261679 0.046959 0.100000
v 0.251269 0.046843 0.100000
v 0.240844 0.046656 0.100000
v 0.230481 0.046407 0.100000
v 0.220258 0.046103 0.100000
v 0.210250 0.045750 0.100000
v 0.200534 0.045355 0.100000
v 0.191185 0.044926 0.100000
v 0.182281 0.044469 0.100000
v 0.173898 0.043991 0.100000
v 0.166112 0.043499 0.100000
v 0.159000 0.043000 0.100000
v 0.159000 0.134000 0.100000
v 0.165844 0.133252 0.100000
v 0.173333 0.132514 0.100000
v 0.181406 0.131797 0.100000
v 0.190000 0.131111 0.100000
v 0.199052 0.130467 0.100000
v 0.208500 0.129875 0.100000
v 0.218281 0.129345 0.100000
v 0.228333 0.128889 0.100000
v 0.238594 0.128516 0.100000
v 0.249000 0.128236 0.100000
v 0.259490 0.128061 0.100000
v 0.270000 0.128000 0.100000
v 4.419000 0.463000 -0.100000
v 4.405011 0.477081 -0.100000
v 4.388334 0.493065 -0.100000
v 4.369407 0.510562 -0.100000
v 4.348667 0.529185 -0.100000
v 4.326552 0.548544 -0.100000
v 4.303500 0.568250 -0.100000
v 4.279948 0.587914 -0.100000
v 4.256334 0.607148 -0.100000
v 4.233094 0.625563 -0.100000
v 4.210667 0.642769 -0.100000
v 4.189490 0.658377 -0.100000
v 4.170000 0.672000 -0.100000
v 4.227000 0.733000 -0.100000
v 4.245862 0.720123 -0.100000
v 4.266653 0.705236 -0.100000
v 4.288922 0.688703 -0.100000
v 4.312222 0.670889 -0.100000
v 4.336106 0.652158 -0.100000
v 4.360125 0.632875 -0.100000
v 4.383832 0.613405 -0.100000
v 4.406778 0.594111 -0.100000
v 4.428516 0.575359 -0.100000
v 4.448597 0.557514 -0.100000
v 4.466575 0.540939 -0.100000
v 4.482000 0.526000 -0.100000
v 4.578815 0.234269 -0.100000
v 4.615185 0.261398 -0.100000
v 4.650000 0.290125 -0.100000
v 4.683148 0.320185 -0.100000
v 4.714519 0.351315 -0.100000
v 4.744000 0.383250 -0.100000
v 4.771482 0.415727 -0.100000
v 4.796852 0.448481 -0.100000
v 4.820000 0.481250 -0.100000
v 4.840815 0.513768 -0.100000
v 4.859185 0.545773 -0.100000
v 4.875000 0.577000 -0.100000
v 4.923000 0.492000 -0.100000
v 4.904989 0.460551 -0.100000
v 4.884987 0.428824 -0.100000
v 4.863048 0.397000 -0.100000
v 4.839223 0.365259 -0.100000
v 4.813565 0.333782 -0.100000
v 4.786126 0.302750 -0.100000
v 4.756957 0.272343 -0.100000
v 4.726111 0.242741 -0.100000
v 4.693641 0.214125 -0.100000
v 4.659597 0.186676 -0.100000
v 4.624033 0.160574 -0.100000
v 4.587000 0.136000 -0.100000
v 4.561431 0.120308 -0.100000
v 4.534695 0.104796 -0.100000
v 4.506750 0.089563 -0.100000
v 4.477556 0.074704 -0.100000
v 4.447070 0.060317 -0.100000
v 4.415250 0.046500 -0.100000
v 4.382056 0.033350 -0.100000
v 4.347445 0.020963 -0.100000
v 4.311375 0.009438 -0.100000
v 4.273806 -0.001130 -0.100000
v 4.234694 -0.010641 -0.100000
v 4.194000 -0.019000 -0.100000
v 4.141000 0.063000 -0.100000
v 4.183817 0.070208 -0.100000
v 4.224795 0.078745 -0.100000
v 4.263968 0.088484 -0.100000
v 4.301370 0.099296 -0.100000
v 4.337035 0.111053 -0.100000
v 4.370999 0.123625 -0.100000
v 4.403297 0.136885 -0.100000
v 4.433962 0.150704 -0.100000
v 4.463031 0.164953 -0.100000
v 4.490537 0.179505 -0.100000
v 4.516515 0.194230 -0.100000
v 4.541000 0.209000 -0.100000
v 3.294000 0.408000 -0.100000
v 3.304153 0.400463 -0.100000
v 3.315977 0.391454 -0.100000
v 3.329266 0.381125 -0.100000
v 3.343815 0.369630 -0.100000
v 3.359420 0.357120 -0.100000
v 3.375875 0.343750 -0.100000
v 3.392976 0.329671 -0.100000
v 3.410518 0.315037 -0.100000
v 3.428297 0.300000 -0.100000
v 3.446106 0.284713 -0.100000
v 3.463742 0.269329 -0.100000
v 3.481000 0.254000 -0.100000
v 3.517064 0.282216 -0.100000
v 3.551681 0.311648 -0.100000
v 3.584734 0.341969 -0.100000
v 3.616111 0.372852 -0.100000
v 3.645696 0.403971 -0.100000
v 3.673375 0.435000 -0.100000
v 3.699033 0.465612 -0.100000
v 3.722556 0.495481 -0.100000
v 3.743828 0.524281 -0.100000
v 3.762736 0.551685 -0.100000
v 3.779165 0.577367 -0.100000
v 3.793000 0.601000 -0.100000
v 3.763842 0.601000 -0.100000
v 3.722570 0.601000 -0.100000
v 3.671735 0.601000 -0.100000
v 3.613889 0.601000 -0.100000
v 3.551585 0.601000 -0.100000
v 3.487375 0.601000 -0.100000
v 3.423811 0.601000 -0.100000
v 3.363444 0.601000 -0.100000
v 3.308828 0.601000 -0.100000
v 3.262514 0.601000 -0.100000
v 3.227054 0.601000 -0.100000
v 3.205000 0.601000 -0.100000
v 3.195182 0.600920 -0.100000
v 3.185292 0.600694 -0.100000
v 3.175422 0.600344 -0.100000
v 3.165667 0.599889 -0.100000
v 3.156120 0.599351 -0.100000
v 3.146875 0.598750 -0.100000
v 3.138026 0.598108 -0.100000
v 3.129667 0.597444 -0.100000
v 3.121891 0.596781 -0.100000
v 3.114792 0.596139 -0.100000
v 3.108464 0.595538 -0.100000
v 3.103000 0.595000 -0.100000
v 3.103000 0.685000 -0.100000
v 3.110220 0.684002 -0.100000
v 3.117847 0.683019 -0.100000
v 3.125828 0.682063 -0.100000
v 3.134111 0.681148 -0.100000
v 3.142644 0.680289 -0.100000
v 3.151375 0.679500 -0.100000
v 3.160252 0.678794 -0.100000
v 3.169222 0.678185 -0.100000
v 3.178234 0.677688 -0.100000
v 3.187236 0.677315 -0.100000
v 3.196175 0.677081 -0.100000
v 3.205000 0.677000 -0.100000
v 3.225531 0.677000 -0.100000
v 3.259912 0.677000 -0.100000
v 3.305578 0.677000 -0.100000
v 3.359963 0.677000 -0.100000
v 3.420501 0.677000 -0.100000
v 3.484625 0.677000 -0.100000
v 3.549770 0.677000 -0.100000
v 3.613370 0.677000 -0.100000
v 3.672859 0.677000 -0.100000
v 3.725671 0.677000 -0.100000
v 3.769240 0.677000 -0.100000
v 3.801000 0.677000 -0.100000
v 3.807893 0.677062 -0.100000
v 3.814564 0.677245 -0.100000
v 3.821000 0.677547 -0.100000
v 3.827185 0.677963 -0.100000
v 3.833106 0.678490 -0.100000
v 3.838750 0.679125 -0.100000
v 3.844102 0.679864 -0.100000
v 3.849148 0.680704 -0.100000
v 3.853875 0.681641 -0.100000
v 3.858268 0.682671 -0.100000
v 3.862315 0.683792 -0.100000
v 3.866000 0.685000 -0.100000
v 3.929000 0.634000 -0.100000
v 3.926522 0.631251 -0.100000
v 3.924093 0.628509 -0.100000
v 3.921719 0.625781 -0.100000
v 3.919408 0.623074 -0.100000
v 3.917166 0.620395 -0.100000
v 3.915000 0.617750 -0.100000
v 3.912918 0.615147 -0.100000
v 3.910926 0.612593 -0.100000
v 3.909031 0.610094 -0.100000
v 3.907241 0.607657 -0.100000
v 3.905561 0.605291 -0.100000
v 3.904000 0.603000 -0.100000
v 3.884864 0.572840 -0.100000
v 3.863496 0.541051 -0.100000
v 3.839953 0.507922 -0.100000
v 3.814296 0.473741 -0.100000
v 3.786584 0.438796 -0.100000
v 3.756875 0.403375 -0.100000
v 3.725229 0.367767 -0.100000
v 3.691704 0.332259 -0.100000
v 3.656359 0.297141 -0.100000
v 3.619255 0.262699 -0.100000
v 3.580448 0.229223 -0.100000
v 3.540000 0.197000 -0.100000
v 3.555204 0.181711 -0.100000
v 3.570722 0.165940 -0.100000
v 3.586406 0.149828 -0.100000
v 3.602111 0.133519 -0.100000
v 3.617691 0.117153 -0.100000
v 3.633000 0.100875 -0.100000
v 3.647892 0.084826 -0.100000
v 3.662222 0.069148 -0.100000
v 3.675844 0.053984 -0.100000
v 3.688611 0.039477 -0.100000
v 3.700378 0.025768 -0.100000
v 3.711000 0.013000 -0.100000
v 3.638000 -0.045000 -0.100000
v 3.627889 -0.031514 -0.100000
v 3.616194 -0.016694 -0.100000
v 3.603125 -0.000750 -0.100000
v 3.588889 0.016111 -0.100000
v 3.573694 0.033681 -0.100000
v 3.557750 0.051750 -0.100000
v 3.541264 0.070111 -0.100000
v 3.524444 0.088556 -0.100000
v 3.507500 0.106875 -0.100000
v 3.490639 0.124861 -0.100000
v 3.474069 0.142306 -0.100000
v 3.458000 0.159000 -0.100000
v 3.441902 0.174774 -0.100000
v 3.423884 0.191856 -0.100000
v 3.404360 0.209891 -0.100000
v 3.383741 0.228519 -0.100000
v 3.362442 0.247383 -0.100000
v 3.340875 0.266125 -0.100000
v 3.319454 0.284388 -0.100000
v 3.298593 0.301815 -0.100000
v 3.278703 0.318047 -0.100000
v 3.260199 0.332727 -0.100000
v 3.243494 0.345497 -0.100000
v 3.229000 0.356000 -0.100000
v 2.778000 0.632000 -0.100000
v 2.772760 0.642563 -0.100000
v 2.767079 0.653671 -0.100000
v 2.761016 0.665203 -0.100000
v 2.754630 0.677037 -0.100000
v 2.747980 0.689051 -0.100000
v 2.741125 0.701125 -0.100000
v 2.734124 0.713136 -0.100000
v 2.727037 0.724963 -0.100000
v 2.719922 0.736484 -0.100000
v 2.712838 0.747579 -0.100000
v 2.705844 0.758124 -0.100000
v 2.699000 0.768000 -0.100000
v 2.752000 0.790000 -0.100000
v 2.758425 0.780794 -0.100000
v 2.765148 0.770769 -0.100000
v 2.772094 0.760063 -0.100000
v 2.779185 0.748815 -0.100000
v 2.786346 0.737164 -0.100000
v 2.793500 0.725250 -0.100000
v 2.800571 0.713211 -0.100000
v 2.807482 0.701185 -0.100000
v 2.814156 0.689313 -0.100000
v 2.820518 0.677732 -0.100000
v 2.826492 0.666581 -0.100000
v 2.832000 0.656000 -0.100000
v 2.898000 0.662000 -0.100000
v 2.892319 0.672963 -0.100000
v 2.886305 0.684287 -0.100000
v 2.880000 0.695875 -0.100000
v 2.873444 0.707630 -0.100000
v 2.866680 0.719454 -0.100000
v 2.859750 0.731250 -0.100000
v 2.852694 0.742921 -0.100000
v 2.845555 0.754370 -0.100000
v 2.838375 0.765500 -0.100000
v 2.831194 0.776213 -0.100000
v 2.824055 0.786412 -0.100000
v 2.817000 0.796000 -0.100000
v 2.870000 0.819000 -0.100000
v 2.876712 0.809317 -0.100000
v 2.883782 0.798870 -0.100000
v 2.891109 0.787813 -0.100000
v 2.898592 0.776296 -0.100000
v 2.906131 0.764475 -0.100000
v 2.913625 0.752500 -0.100000
v 2.920973 0.740526 -0.100000
v 2.928074 0.728704 -0.100000
v 2.934828 0.717188 -0.100000
v 2.941134 0.706130 -0.100000
v 2.946892 0.695683 -0.100000
v 2.952000 0.686000 -0.100000
v 2.061000 0.139000 -0.100000
v 2.077878 0.155633 -0.100000
v 2.095356 0.174310 -0.100000
v 2.113203 0.194703 -0.100000
v 2.131185 0.216482 -0.100000
v 2.149070 0.239315 -0.100000
v 2.166625 0.262875 -0.100000
v 2.183617 0.286830 -0.100000
v 2.199815 0.310852 -0.100000
v 2.214984 0.334609 -0.100000
v 2.228894 0.357773 -0.100000
v 2.241310 0.380013 -0.100000
v 2.252000 0.401000 -0.100000
v 2.322000 0.367000 -0.100000
v 2.310469 0.344708 -0.100000
v 2.297083 0.321079 -0.100000
v 2.282156 0.296484 -0.100000
v 2.266000 0.271296 -0.100000
v 2.248927 0.245886 -0.100000
v 2.231250 0.220625 -0.100000
v 2.213281 0.195885 -0.100000
v 2.195333 0.172037 -0.100000
v 2.177719 0.149453 -0.100000
v 2.160750 0.128505 -0.100000
v 2.144740 0.109563 -0.100000
v 2.130000 0.093000 -0.100000
v 2.839000 0.098000 -0.100000
v 2.828533 0.118416 -0.100000
v 2.816768 0.140412 -0.100000
v 2.803906 0.163609 -0.100000
v 2.790148 0.187630 -0.100000
v 2.775695 0.212094 -0.100000
v 2.760750 0.236625 -0.100000
v 2.745512 0.260843 -0.100000
v 2.730185 0.284370 -0.100000
v 2.714969 0.306828 -0.100000
v 2.700065 0.327838 -0.100000
v 2.685675 0.347021 -0.100000
v 2.672000 0.364000 -0.100000
v 2.740000 0.400000 -0.100000
v 2.753774 0.382795 -0.100000
v 2.768440 0.363444 -0.100000
v 2.783766 0.342344 -0.100000
v 2.799519 0.319889 -0.100000
v 2.815466 0.296476 -0.100000
v 2.831375 0.272500 -0.100000
v 2.847013 0.248358 -0.100000
v 2.862148 0.224444 -0.100000
v 2.876547 0.201156 -0.100000
v 2.889977 0.178889 -0.100000
v 2.902205 0.158038 -0.100000
v 2.913000 0.139000 -0.100000
v 2.455000 0.597000 -0.100000
v 2.455000 0.700000 -0.100000
v 2.454938 0.705732 -0.100000
v 2.454759 0.711856 -0.100000
v 2.454468 0.718266 -0.100000
v 2.454074 0.724852 -0.100000
v 2.453582 0.731508 -0.100000
v 2.453000 0.738125 -0.100000
v 2.452334 0.744597 -0.100000
v 2.451592 0.750815 -0.100000
v 2.450781 0.756672 -0.100000
v 2.449907 0.762060 -0.100000
v 2.448978 0.766872 -0.100000
v 2.448000 0.771000 -0.100000
v 2.542000 0.771000 -0.100000
v 2.541252 0.767063 -0.100000
v 2.540514 0.762333 -0.100000
v 2.539797 0.756938 -0.100000
v 2.539111 0.751000 -0.100000
v 2.538467 0.744646 -0.100000
v 2.537875 0.738000 -0.100000
v 2.537345 0.731188 -0.100000
v 2.536889 0.724333 -0.100000
v 2.536515 0.717562 -0.100000
v 2.536236 0.711000 -0.100000
v 2.536061 0.704771 -0.100000
v 2.536000 0.699000 -0.100000
v 2.536000 0.597000 -0.100000
v 2.800000 0.597000 -0.100000
v 2.806177 0.597041 -0.100000
v 2.812671 0.597162 -0.100000
v 2.819422 0.597359 -0.100000
v 2.826370 0.597630 -0.100000
v 2.833457 0.597969 -0.100000
v 2.840625 0.598375 -0.100000
v 2.847813 0.598843 -0.100000
v 2.854963 0.599370 -0.100000
v 2.862015 0.599953 -0.100000
v 2.868912 0.600588 -0.100000
v 2.875593 0.601271 -0.100000
v 2.882000 0.602000 -0.100000
v 2.882000 0.519000 -0.100000
v 2.875193 0.519460 -0.100000
v 2.868292 0.519843 -0.100000
v 2.861328 0.520156 -0.100000
v 2.854333 0.520407 -0.100000
v 2.847339 0.520603 -0.100000
v 2.840375 0.520750 -0.100000
v 2.833474 0.520855 -0.100000
v 2.826667 0.520926 -0.100000
v 2.819984 0.520969 -0.100000
v 2.813458 0.520991 -0.100000
v 2.807120 0.520999 -0.100000
v 2.801000 0.521000 -0.100000
v 2.536000 0.521000 -0.100000
v 2.536000 0.514000 -0.100000
v 2.536000 0.488745 -0.100000
v 2.536000 0.455125 -0.100000
v 2.536000 0.414859 -0.100000
v 2.536000 0.369667 -0.100000
v 2.536000 0.321266 -0.100000
v 2.536000 0.271375 -0.100000
v 2.536000 0.221714 -0.100000
v 2.536000 0.174000 -0.100000
v 2.536000 0.129953 -0.100000
v 2.536000 0.091292 -0.100000
v 2.536000 0.059734 -0.100000
v 2.536000 0.037000 -0.100000
v 2.535454 0.024292 -0.100000
v 2.533797 0.012671 -0.100000
v 2.531000 0.002141 -0.100000
v 2.527037 -0.007296 -0.100000
v 2.521880 -0.015636 -0.100000
v 2.515500 -0.022875 -0.100000
v 2.507870 -0.029010 -0.100000
v 2.498963 -0.034037 -0.100000
v 2.488750 -0.037953 -0.100000
v 2.477204 -0.040755 -0.100000
v 2.464296 -0.042438 -0.100000
v 2.450000 -0.043000 -0.100000
v 2.439147 -0.042939 -0.100000
v 2.427676 -0.042759 -0.100000
v 2.415719 -0.042469 -0.100000
v 2.403407 -0.042074 -0.100000
v 2.390874 -0.041582 -0.100000
v 2.378250 -0.041000 -0.100000
v 2.365668 -0.040334 -0.100000
v 2.353259 -0.039593 -0.100000
v 2.341156 -0.038781 -0.100000
v 2.329491 -0.037907 -0.100000
v 2.318395 -0.036978 -0.100000
v 2.308000 -0.036000 -0.100000
v 2.301000 0.044000 -0.100000
v 2.311799 0.042083 -0.100000
v 2.322643 0.040333 -0.100000
v 2.333453 0.038750 -0.100000
v 2.344148 0.037333 -0.100000
v 2.354649 0.036083 -0.100000
v 2.364875 0.035000 -0.100000
v 2.374747 0.034083 -0.100000
v 2.384185 0.033333 -0.100000
v 2.393109 0.032750 -0.100000
v 2.401440 0.032333 -0.100000
v 2.409096 0.032083 -0.100000
v 2.416000 0.032000 -0.100000
v 2.422420 0.032251 -0.100000
v 2.428194 0.033009 -0.100000
v 2.433344 0.034281 -0.100000
v 2.437889 0.036074 -0.100000
v 2.441851 0.038395 -0.100000
v 2.445250 0.041250 -0.100000
v 2.448108 0.044647 -0.100000
v 2.450444 0.048593 -0.100000
v 2.452281 0.053094 -0.100000
v 2.453639 0.058157 -0.100000
v 2.454538 0.063791 -0.100000
v 2.455000 0.070000 -0.100000
v 2.455000 0.089373 -0.100000
v 2.455000 0.118653 -0.100000
v 2.455000 0.155828 -0.100000
v 2.455000 0.198889 -0.100000
v 2.455000 0.245825 -0.100000
v 2.455000 0.294625 -0.100000
v 2.455000 0.343280 -0.100000
v 2.455000 0.389778 -0.100000
v 2.455000 0.432109 -0.100000
v 2.455000 0.468264 -0.100000
v 2.455000 0.496231 -0.100000
v 2.455000 0.514000 -0.100000
v 2.455000 0.521000 -0.100000
v 2.177000 0.521000 -0.100000
v 2.169542 0.520979 -0.100000
v 2.162163 0.520917 -0.100000
v 2.154860 0.520813 -0.100000
v 2.147630 0.520667 -0.100000
v 2.140470 0.520479 -0.100000
v 2.133375 0.520250 -0.100000
v 2.126343 0.519979 -0.100000
v 2.119370 0.519667 -0.100000
v 2.112453 0.519313 -0.100000
v 2.105588 0.518917 -0.100000
v 2.098771 0.518479 -0.100000
v 2.092000 0.518000 -0.100000
v 2.092000 0.602000 -0.100000
v 2.098943 0.601271 -0.100000
v 2.105797 0.600588 -0.100000
v 2.112594 0.599953 -0.100000
v 2.119371 0.599370 -0.100000
v 2.126161 0.598843 -0.100000
v 2.133000 0.598375 -0.100000
v 2.139923 0.597969 -0.100000
v 2.146963 0.597630 -0.100000
v 2.154156 0.597359 -0.100000
v 2.161537 0.597162 -0.100000
v 2.169140 0.597041 -0.100000
v 2.177000 0.597000 -0.100000
v 1.419000 0.463000 -0.100000
v 1.405010 0.477081 -0.100000
v 1.388333 0.493065 -0.100000
v 1.369406 0.510562 -0.100000
v 1.348667 0.529185 -0.100000
v 1.326552 0.548544 -0.100000
v 1.303500 0.568250 -0.100000
v 1.279948 0.587914 -0.100000
v 1.256333 0.607148 -0.100000
v 1.233094 0.625563 -0.100000
v 1.210667 0.642769 -0.100000
v 1.189489 0.658377 -0.100000
v 1.170000 0.672000 -0.100000
v 1.227000 0.733000 -0.100000
v 1.245863 0.720123 -0.100000
v 1.266653 0.705236 -0.100000
v 1.288922 0.688703 -0.100000
v 1.312222 0.670889 -0.100000
v 1.336106 0.652158 -0.100000
v 1.360125 0.632875 -0.100000
v 1.383832 0.613405 -0.100000
v 1.406778 0.594111 -0.100000
v 1.428516 0.575359 -0.100000
v 1.448597 0.557514 -0.100000
v 1.466575 0.540939 -0.100000
v 1.482000 0.526000 -0.100000
v 1.578815 0.234269 -0.100000
v 1.615185 0.261398 -0.100000
v 1.650000 0.290125 -0.100000
v 1.683148 0.320185 -0.100000
v 1.714519 0.351315 -0.100000
v 1.744000 0.383250 -0.100000
v 1.771482 0.415727 -0.100000
v 1.796852 0.448481 -0.100000
v 1.820000 0.481250 -0.100000
v 1.840815 0.513768 -0.100000
v 1.859185 0.545773 -0.100000
v 1.875000 0.577000 -0.100000
v 1.923000 0.492000 -0.100000
v 1.904988 0.460551 -0.100000
v 1.884986 0.428824 -0.100000
v 1.863047 0.397000 -0.100000
v 1.839222 0.365259 -0.100000
v 1.813564 0.333782 -0.100000
v 1.786125 0.302750 -0.100000
v 1.756957 0.272343 -0.100000
v 1.726111 0.242741 -0.100000
v 1.693641 0.214125 -0.100000
v 1.659597 0.186676 -0.100000
v 1.624033 0.160574 -0.100000
v 1.587000 0.136000 -0.100000
v 1.561431 0.120308 -0.100000
v 1.534694 0.104796 -0.100000
v 1.506750 0.089563 -0.100000
v 1.477556 0.074704 -0.100000
v 1.447069 0.060317 -0.100000
v 1.415250 0.046500 -0.100000
v 1.382056 0.033350 -0.100000
v 1.347444 0.020963 -0.100000
v 1.311375 0.009438 -0.100000
v 1.273806 -0.001130 -0.100000
v 1.234694 -0.010641 -0.100000
v 1.194000 -0.019000 -0.100000
v 1.141000 0.063000 -0.100000
v 1.183818 0.070208 -0.100000
v 1.224796 0.078745 -0.100000
v 1.263969 0.088484 -0.100000
v 1.301370 0.099296 -0.100000
v 1.337036 0.111053 -0.100000
v 1.371000 0.123625 -0.100000
v 1.403298 0.136885 -0.100000
v 1.433963 0.150704 -0.100000
v 1.463031 0.164953 -0.100000
v 1.490537 0.179505 -0.100000
v 1.516515 0.194230 -0.100000
v 1.541000 0.209000 -0.100000
v 0.761000 0.128000 -0.100000
v 0.761000 0.600000 -0.100000
v 0.282000 0.600000 -0.100000
v 0.272502 0.599960 -0.100000
v 0.262602 0.599847 -0.100000
v 0.252438 0.599672 -0.100000
v 0.242148 0.599445 -0.100000
v 0.231873 0.599175 -0.100000
v 0.221750 0.598875 -0.100000
v 0.211919 0.598554 -0.100000
v 0.202519 0.598222 -0.100000
v 0.193687 0.597891 -0.100000
v 0.185565 0.597569 -0.100000
v 0.178289 0.597269 -0.100000
v 0.172000 0.597000 -0.100000
v 0.172000 0.686000 -0.100000
v 0.180466 0.685042 -0.100000
v 0.189310 0.684167 -0.100000
v 0.198453 0.683375 -0.100000
v 0.207815 0.682667 -0.100000
v 0.217315 0.682042 -0.100000
v 0.226875 0.681500 -0.100000
v 0.236414 0.681042 -0.100000
v 0.245852 0.680667 -0.100000
v 0.255109 0.680375 -0.100000
v 0.264107 0.680167 -0.100000
v 0.272763 0.680042 -0.100000
v 0.281000 0.680000 -0.100000
v 0.774000 0.680000 -0.100000
v 0.780116 0.680020 -0.100000
v 0.786426 0.680079 -0.100000
v 0.792875 0.680172 -0.100000
v 0.799407 0.680296 -0.100000
v 0.805968 0.680449 -0.100000
v 0.812500 0.680625 -0.100000
v 0.818949 0.680822 -0.100000
v 0.825259 0.681037 -0.100000
v 0.831375 0.681266 -0.100000
v 0.837241 0.681505 -0.100000
v 0.842801 0.681751 -0.100000
v 0.848000 0.682000 -0.100000
v 0.847731 0.676092 -0.100000
v 0.847431 0.669903 -0.100000
v 0.847109 0.663484 -0.100000
v 0.846778 0.656889 -0.100000
v 0.846446 0.650168 -0.100000
v 0.846125 0.643375 -0.100000
v 0.845825 0.636561 -0.100000
v 0.845556 0.629778 -0.100000
v 0.845328 0.623078 -0.100000
v 0.845153 0.616514 -0.100000
v 0.845040 0.610137 -0.100000
v 0.845000 0.604000 -0.100000
v 0.845000 0.088000 -0.100000
v 0.845060 0.078834 -0.100000
v 0.845227 0.069426 -0.100000
v 0.845484 0.059906 -0.100000
v 0.845815 0.050407 -0.100000
v 0.846201 0.041061 -0.100000
v 0.846625 0.032000 -0.100000
v 0.847070 0.023355 -0.100000
v 0.847519 0.015259 -0.100000
v 0.847953 0.007844 -0.100000
v 0.848356 0.001241 -0.100000
v 0.848711 -0.004418 -0.100000
v 0.849000 -0.009000 -0.100000
v 0.759000 -0.009000 -0.100000
v 0.761000 0.047000 -0.100000
v 0.272000 0.047000 -0.100000
v 0.261679 0.046959 -0.100000
v 0.251269 0.046843 -0.100000
v 0.240844 0.046656 -0.100000
v 0.230481 0.046407 -0.100000
v 0.220258 0.046103 -0.100000
v 0.210250 0.045750 -0.100000
v 0.200534 0.045355 -0.100000
v 0.191185 0.044926 -0.100000
v 0.182281 0.044469 -0.100000
v 0.173898 0.043991 -0.100000
v 0.166112 0.043499 -0.100000
v 0.159000 0.043000 -0.100000
v 0.159000 0.134000 -0.100000
v 0.165844 0.133252 -0.100000
v 0.173333 0.132514 -0.100000
v 0.181406 0.131797 -0.100000
v 0.190000 0.131111 -0.100000
v 0.199052 0.130467 -0.100000
v 0.208500 0.129875 -0.100000
v 0.218281 0.129345 -0.100000
v 0.228333 0.128889 -0.100000
v 0.238594 0.128516 -0.100000
v 0.249000 0.128236 -0.100000
v 0.259490 0.128061 -0.100000
v 0.270000 0.128000 -0.100000
v 0.761000 0.128000 -0.100000
v 0.761000 0.128000 0.100000
v 0.761000 0.600000 -0.100000
v 0.761000 0.600000 0.100000
v 0.282000 0.600000 -0.100000
v 0.282000 0.600000 0.100000
v 0.272502 0.599960 -0.100000
v 0.272502 0.599960 0.100000
v 0.262602 0.599847 -0.100000
v 0.262602 0.599847 0.100000
v 0.252438 0.599672 -0.100000
v 0.252438 0.599672 0.100000
v 0.242148 0.599445 -0.100000
v 0.242148 0.599445 0.100000
v 0.231873 0.599175 -0.100000
v 0.231873 0.599175 0.100000
v 0.221750 0.598875 -0.100000
v 0.221750 0.598875 0.100000
v 0.211919 0.598554 -0.100000
v 0.211919 0.598554 0.100000
v 0.202519 0.598222 -0.100000
v 0.202519 0.598222 0.100000
v 0.193687 0.597891 -0.100000
v 0.193687 0.597891 0.100000
v 0.185565 0.597569 -0.100000
v 0.185565 0.597569 0.100000
v 0.178289 0.597269 -0.100000
v 0.178289 0.597269 0.100000
v 0.172000 0.597000 -0.100000
v 0.172000 0.597000 0.100000
v 0.172000 0.686000 -0.100000
v 0.172000 0.686000 0.100000
v 0.180466 0.685042 -0.100000
v 0.180466 0.685042 0.100000
v 0.189310 0.684167 -0.100000
v 0.189310 0.684167 0.100000
v 0.198453 0.683375 -0.100000
v 0.198453 0.683375 0.100000
v 0.207815 0.682667 -0.100000
v 0.207815 0.682667 0.100000
v 0.217315 0.682042 -0.100000
v 0.217315 0.682042 0.100000
v 0.226875 0.681500 -0.100000
v 0.226875 0.681500 0.100000
v 0.236414 0.681042 -0.100000
v 0.236414 0.681042 0.100000
v 0.245852 0.680667 -0.100000
v 0.245852 0.680667 0.100000
v 0.255109 0.680375 -0.100000
v 0.255109 0.680375 0.100000
v 0.264107 0.680167 -0.100000
v 0.264107 0.680167 0.100000
v 0.272763 0.680042 -0.100000
v 0.272763 0.680042 0.100000
v 0.281000 0.680000 -0.100000
v 0.281000 0.680000 0.100000
v 0.774000 0.680000 -0.100000
v 0.774000 0.680000 0.100000
v 0.780116 0.680020 -0.100000
v 0.780116 0.680020 0.100000
v 0.786426 0.680079 -0.100000
v 0.786426 0.680079 0.100000
v 0.792875 0.680172 -0.100000
v 0.792875 0.680172 0.100000
v 0.799407 0.680296 -0.100000
v 0.799407 0.680296 0.100000
v 0.805968 0.680449 -0.100000
v 0.805968 0.680449 0.100000
v 0.812500 0.680625 -0.100000
v 0.812500 0.680625 0.100000
v 0.818949 0.680822 -0.100000
v 0.818949 0.680822 0.100000
v 0.825259 0.681037 -0.100000
v 0.825259 0.681037 0.100000
v 0.831375 0.681266 -0.100000
v 0.831375 0.681266 0.100000
v 0.837241 0.681505 -0.100000
v 0.837241 0.681505 0.100000
v 0.842801 0.681751 -0.100000
v 0.842801 0.681751 0.100000
v 0.848000 0.682000 -0.100000
v 0.848000 0.682000 0.100000
v 0.847731 0.676092 -0.100000
v 0.847731 0.676092 0.100000
v 0.847431 0.669903 -0.100000
v 0.847431 0.669903 0.100000
v 0.847109 0.663484 -0.100000
v 0.847109 0.663484 0.100000
v 0.846778 0.656889 -0.100000
v 0.846778 0.656889 0.100000
v 0.846446 0.650168 -0.100000
v 0.846446 0.650168 0.100000
v 0.846125 0.643375 -0.100000
v 0.846125 0.643375 0.100000
v 0.845825 0.636561 -0.100000
v 0.845825 0.636561 0.100000
v 0.845556 0.629778 -0.100000
v 0.845556 0.629778 0.100000
v 0.845328 0.623078 -0.100000
v 0.845328 0.623078 0.100000
v 0.845153 0.616514 -0.100000
v 0.845153 0.616514 0.100000
v 0.845040 0.610137 -0.100000
v 0.845040 0.610137 0.100000
v 0.845000 0.604000 -0.100000
v 0.845000 0.604000 0.100000
v 0.845000 0.088000 -0.100000
v 0.845000 0.088000 0.100000
v 0.845060 0.078834 -0.100000
v 0.845060 0.078834 0.100000
v 0.845227 0.069426 -0.100000
v 0.845227 0.069426 0.100000
v 0.845484 0.059906 -0.100000
v 0.845484 0.059906 0.100000
v 0.845815 0.050407 -0.100000
v 0.845815 0.050407 0.100000
v 0.846201 0.041061 -0.100000
v 0.846201 0.041061 0.100000
v 0.846625 0.032000 -0.100000
v 0.846625 0.032000 0.100000
v 0.847070 0.023355 -0.100000
v 0.847070 0.023355 0.100000
v 0.847519 0.015259 -0.100000
v 0.847519 0.015259 0.100000
v 0.847953 0.007844 -0.100000
v 0.847953 0.007844 0.100000
v 0.848356 0.001241 -0.100000
v 0.848356 0.001241 0.100000
v 0.848711 -0.004418 -0.100000
v 0.848711 -0.004418 0.100000
v 0.849000 -0.009000 -0.100000
v 0.849000 -0.009000 0.100000
v 0.759000 -0.009000 -0.100000
v 0.759000 -0.009000 0.100000
v 0.761000 0.047000 -0.100000
v 0.761000 0.047000 0.100000
v 0.272000 0.047000 -0.100000
v 0.272000 0.047000 0.100000
v 0.261679 0.046959 -0.100000
v 0.261679 0.046959 0.100000
v 0.251269 0.046843 -0.100000
v 0.251269 0.046843 0.100000
v 0.240844 0.046656 -0.100000
v 0.240844 0.046656 0.100000
v 0.230481 0.046407 -0.100000
v 0.230481 0.046407 0.100000
v 0.220258 0.046103 -0.100000
v 0.220258 0.046103 0.100000
v 0.210250 0.045750 -0.100000
v 0.210250 0.045750 0.100000
v 0.200534 0.045355 -0.100000
v 0.200534 0.045355 0.100000
v 0.191185 0.044926 -0.100000
v 0.191185 0.044926 0.100000
v 0.182281 0.044469 -0.100000
v 0.182281 0.044469 0.100000
v 0.173898 0.043991 -0.100000
v 0.173898 0.043991 0.100000
v 0.166112 0.043499 -0.100000
v 0.166112 0.043499 0.100000
v 0.159000 0.043000 -0.100000
v 0.159000 0.043000 0.100000
v 0.159000 0.134000 -0.100000
v 0.159000 0.134000 0.100000
v 0.165844 0.133252 -0.100000
v 0.165844 0.133252 0.100000
v 0.173333 0.132514 -0.100000
v 0.173333 0.132514 0.100000
v 0.181406 0.131797 -0.100000
v 0.181406 0.131797 0.100000
v 0.190000 0.131111 -0.100000
v 0.190000 0.131111 0.100000
v 0.199052 0.130467 -0.100000
v 0.199052 0.130467 0.100000
v 0.208500 0.129875 -0.100000
v 0.208500 0.129875 0.100000
v 0.218281 0.129345 -0.100000
v 0.218281 0.129345 0.100000
v 0.228333 0.128889 -0.100000
v 0.228333 0.128889 0.100000
v 0.238594 0.128516 -0.100000
v 0.238594 0.128516 0.100000
v 0.249000 0.128236 -0.100000
v 0.249000 0.128236 0.100000
v 0.259490 0.128061 -0.100000
v 0.259490 0.128061 0.100000
v 0.270000 0.128000 -0.100000
v 0.270000 0.128000 0.100000
v 1.419000 0.463000 -0.100000
v 1.419000 0.463000 0.100000
v 1.405010 0.477081 -0.100000
v 1.405010 0.477081 0.100000
v 1.388333 0.493065 -0.100000
v 1.388333 0.493065 0.100000
v 1.369406 0.510562 -0.100000
v 1.369406 0.510562 0.100000
v 1.348667 0.529185 -0.100000
v 1.348667 0.529185 0.100000
v 1.326552 0.548544 -0.100000
v 1.326552 0.548544 0.100000
v 1.303500 0.568250 -0.100000
v 1.303500 0.568250 0.100000
v 1.279948 0.587914 -0.100000
v 1.279948 0.587914 0.100000
v 1.256333 0.607148 -0.100000
v 1.256333 0.607148 0.100000
v 1.233094 0.625563 -0.100000
v 1.233094 0.625563 0.100000
v 1.210667 0.642769 -0.100000
v 1.210667 0.642769 0.100000
v 1.189489 0.658377 -0.100000
v 1.189489 0.658377 0.100000
v 1.170000 0.672000 -0.100000
v 1.170000 0.672000 0.100000
v 1.227000 0.733000 -0.100000
v 1.227000 0.733000 0.100000
v 1.245863 0.720123 -0.100000
v 1.245863 0.720123 0.100000
v 1.266653 0.705236 -0.100000
v 1.266653 0.705236 0.100000
v 1.288922 0.688703 -0.100000
v 1.288922 0.688703 0.100000
v 1.312222 0.670889 -0.100000
v 1.312222 0.670889 0.100000
v 1.336106 0.652158 -0.100000
v 1.336106 0.652158 0.100000
v 1.360125 0.632875 -0.100000
v 1.360125 0.632875 0.100000
v 1.383832 0.613405 -0.100000
v 1.383832 0.613405 0.100000
v 1.406778 0.594111 -0.100000
v 1.406778 0.594111 0.100000
v 1.428516 0.575359 -0.100000
v 1.428516 0.575359 0.100000
v 1.448597 0.557514 -0.100000
v 1.448597 0.557514 0.100000
v 1.466575 0.540939 -0.100000
v 1.466575 0.540939 0.100000
v 1.482000 0.526000 -0.100000
v 1.482000 0.526000 0.100000
v 1.578815 0.234269 -0.100000
v 1.578815 0.234269 0.100000
v 1.615185 0.261398 -0.100000
v 1.615185 0.261398 0.100000
v 1.650000 0.290125 -0.100000
v 1.650000 0.290125 0.100000
v 1.683148 0.320185 -0.100000
v 1.683148 0.320185 0.100000
v 1.714519 0.351315 -0.100000
v 1.714519 0.351315 0.100000
v 1.744000 0.383250 -0.100000
v 1.744000 0.383250 0.100000
v 1.771482 0.415727 -0.100000
v 1.771482 0.415727 0.100000
v 1.796852 0.448481 -0.100000
v 1.796852 0.448481 0.100000
v 1.820000 0.481250 -0.100000
v 1.820000 0.481250 0.100000
v 1.840815 0.513768 -0.100000
v 1.840815 0.513768 0.100000
v 1.859185 0.545773 -0.100000
v 1.859185 0.545773 0.100000
v 1.875000 0.577000 -0.100000
v 1.875000 0.577000 0.100000
v 1.923000 0.492000 -0.100000
v 1.923000 0.492000 0.100000
v 1.904988 0.460551 -0.100000
v 1.904988 0.460551 0.100000
v 1.884986 0.428824 -0.100000
v 1.884986 0.428824 0.100000
v 1.863047 0.397000 -0.100000
v 1.863047 0.397000 0.100000
v 1.839222 0.365259 -0.100000
v 1.839222 0.365259 0.100000
v 1.813564 0.333782 -0.100000
v 1.813564 0.333782 0.100000
v 1.786125 0.302750 -0.100000
v 1.786125 0.302750 0.100000
v 1.756957 0.272343 -0.100000
v 1.756957 0.272343 0.100000
v 1.726111 0.242741 -0.100000
v 1.726111 0.242741 0.100000
v 1.693641 0.214125 -0.100000
v 1.693641 0.214125 0.100000
v 1.659597 0.186676 -0.100000
v 1.659597 0.186676 0.100000
v 1.624033 0.160574 -0.100000
v 1.624033 0.160574 0.100000
v 1.587000 0.136000 -0.100000
v 1.587000 0.136000 0.100000
v 1.561431 0.120308 -0.100000
v 1.561431 0.120308 0.100000
v 1.534694 0.104796 -0.100000
v 1.534694 0.104796 0.100000
v 1.506750 0.089563 -0.100000
v 1.506750 0.089562 0.100000
v 1.477556 0.074704 -0.100000
v 1.477556 0.074704 0.100000
v 1.447069 0.060317 -0.100000
v 1.447069 0.060317 0.100000
v 1.415250 0.046500 -0.100000
v 1.415250 0.046500 0.100000
v 1.382056 0.033350 -0.100000
v 1.382056 0.033350 0.100000
v 1.347444 0.020963 -0.100000
v 1.347444 0.020963 0.100000
v 1.311375 0.009438 -0.100000
v 1.311375 0.009437 0.100000
v 1.273806 -0.001130 -0.100000
v 1.273806 -0.001130 0.100000
v 1.234694 -0.010641 -0.100000
v 1.234694 -0.010641 0.100000
v 1.194000 -0.019000 -0.100000
v 1.194000 -0.019000 0.100000
v 1.141000 0.063000 -0.100000
v 1.141000 0.063000 0.100000
v 1.183818 0.070208 -0.100000
v 1.183818 0.070208 0.100000
v 1.224796 0.078745 -0.100000
v 1.224796 0.078745 0.100000
v 1.263969 0.088484 -0.100000
v 1.263969 0.088484 0.100000
v 1.301370 0.099296 -0.100000
v 1.301370 0.099296 0.100000
v 1.337036 0.111053 -0.100000
v 1.337036 0.111053 0.100000
v 1.371000 0.123625 -0.100000
v 1.371000 0.123625 0.100000
v 1.403298 0.136885 -0.100000
v 1.403298 0.136885 0.100000
v 1.433963 0.150704 -0.100000
v 1.433963 0.150704 0.100000
v 1.463031 0.164953 -0.100000
v 1.463031 0.164953 0.100000
v 1.490537 0.179505 -0.100000
v 1.490537 0.179505 0.100000
v 1.516515 0.194230 -0.100000
v 1.516515 0.194230 0.100000
v 1.541000 0.209000 -0.100000
v 1.541000 0.209000 0.100000
v 2.778000 0.632000 -0.100000
v 2.778000 0.632000 0.100000
v 2.772760 0.642563 -0.100000
v 2.772760 0.642563 0.100000
v 2.767079 0.653671 -0.100000
v 2.767079 0.653671 0.100000
v 2.761016 0.665203 -0.100000
v 2.761016 0.665203 0.100000
v 2.754630 0.677037 -0.100000
v 2.754630 0.677037 0.100000
v 2.747980 0.689051 -0.100000
v 2.747980 0.689051 0.100000
v 2.741125 0.701125 -0.100000
v 2.741125 0.701125 0.100000
v 2.734124 0.713136 -0.100000
v 2.734124 0.713136 0.100000
v 2.727037 0.724963 -0.100000
v 2.727037 0.724963 0.100000
v 2.719922 0.736484 -0.100000
v 2.719922 0.736484 0.100000
v 2.712838 0.747579 -0.100000
v 2.712838 0.747579 0.100000
v 2.705844 0.758124 -0.100000
v 2.705844 0.758124 0.100000
v 2.699000 0.768000 -0.100000
v 2.699000 0.768000 0.100000
v 2.752000 0.790000 -0.100000
v 2.752000 0.790000 0.100000
v 2.758425 0.780794 -0.100000
v 2.758425 0.780794 0.100000
v 2.765148 0.770769 -0.100000
v 2.765148 0.770769 0.100000
v 2.772094 0.760063 -0.100000
v 2.772094 0.760063 0.100000
v 2.779185 0.748815 -0.100000
v 2.779185 0.748815 0.100000
v 2.786346 0.737164 -0.100000
v 2.786346 0.737164 0.100000
v 2.793500 0.725250 -0.100000
v 2.793500 0.725250 0.100000
v 2.800571 0.713211 -0.100000
v 2.800571 0.713211 0.100000
v 2.807482 0.701185 -0.100000
v 2.807482 0.701185 0.100000
v 2.814156 0.689313 -0.100000
v 2.814156 0.689313 0.100000
v 2.820518 0.677732 -0.100000
v 2.820518 0.677732 0.100000
v 2.826492 0.666581 -0.100000
v 2.826492 0.666581 0.100000
v 2.832000 0.656000 -0.100000
v 2.832000 0.656000 0.100000
v 2.898000 0.662000 -0.100000
v 2.898000 0.662000 0.100000
v 2.892319 0.672963 -0.100000
v 2.892319 0.672963 0.100000
v 2.886305 0.684287 -0.100000
v 2.886305 0.684287 0.100000
v 2.880000 0.695875 -0.100000
v 2.880000 0.695875 0.100000
v 2.873444 0.707630 -0.100000
v 2.873444 0.707630 0.100000
v 2.866680 0.719454 -0.100000
v 2.866680 0.719454 0.100000
v 2.859750 0.731250 -0.100000
v 2.859750 0.731250 0.100000
v 2.852694 0.742921 -0.100000
v 2.852694 0.742921 0.100000
v 2.845555 0.754370 -0.100000
v 2.845555 0.754370 0.100000
v 2.838375 0.765500 -0.100000
v 2.838375 0.765500 0.100000
v 2.831194 0.776213 -0.100000
v 2.831194 0.776213 0.100000
v 2.824055 0.786412 -0.100000
v 2.824055 0.786412 0.100000
v 2.817000 0.796000 -0.100000
v 2.817000 0.796000 0.100000
v 2.870000 0.819000 -0.100000
v 2.870000 0.819000 0.100000
v 2.876712 0.809317 -0.100000
v 2.876712 0.809317 0.100000
v 2.883782 0.798870 -0.100000
v 2.883782 0.798870 0.100000
v 2.891109 0.787813 -0.100000
v 2.891109 0.787813 0.100000
v 2.898592 0.776296 -0.100000
v 2.898592 0.776296 0.100000
v 2.906131 0.764475 -0.100000
v 2.906131 0.764475 0.100000
v 2.913625 0.752500 -0.100000
v 2.913625 0.752500 0.100000
v 2.920973 0.740526 -0.100000
v 2.920973 0.740526 0.100000
v 2.928074 0.728704 -0.100000
v 2.928074 0.728704 0.100000
v 2.934828 0.717188 -0.100000
v 2.934828 0.717188 0.100000
v 2.941134 0.706130 -0.100000
v 2.941134 0.706130 0.100000
v 2.946892 0.695683 -0.100000
v 2.946892 0.695683 0.100000
v 2.952000 0.686000 -0.100000
v 2.952000 0.686000 0.100000
v 2.061000 0.139000 -0.100000
v 2.061000 0.139000 0.100000
v 2.077878 0.155633 -0.100000
v 2.077878 0.155633 0.100000
v 2.095356 0.174310 -0.100000
v 2.095356 0.174310 0.100000
v 2.113203 0.194703 -0.100000
v 2.113203 0.194703 0.100000
v 2.131185 0.216482 -0.100000
v 2.131185 0.216482 0.100000
v 2.149070 0.239315 -0.100000
v 2.149070 0.239315 0.100000
v 2.166625 0.262875 -0.100000
v 2.166625 0.262875 0.100000
v 2.183617 0.286830 -0.100000
v 2.183617 0.286830 0.100000
v 2.199815 0.310852 -0.100000
v 2.199815 0.310852 0.100000
v 2.214984 0.334609 -0.100000
v 2.214984 0.334609 0.100000
v 2.228894 0.357773 -0.100000
v 2.228894 0.357773 0.100000
v 2.241310 0.380013 -0.100000
v 2.241310 0.380013 0.100000
v 2.252000 0.401000 -0.100000
v 2.252000 0.401000 0.100000
v 2.322000 0.367000 -0.100000
v 2.322000 0.367000 0.100000
v 2.310469 0.344708 -0.100000
v 2.310469 0.344708 0.100000
v 2.297083 0.321079 -0.100000
v 2.297083 0.321079 0.100000
v 2.282156 0.296484 -0.100000
v 2.282156 0.296484 0.100000
v 2.266000 0.271296 -0.100000
v 2.266000 0.271296 0.100000
v 2.248927 0.245886 -0.100000
v 2.248927 0.245886 0.100000
v 2.231250 0.220625 -0.100000
v 2.231250 0.220625 0.100000
v 2.213281 0.195885 -0.100000
v 2.213281 0.195885 0.100000
v 2.195333 0.172037 -0.100000
v 2.195333 0.172037 0.100000
v 2.177719 0.149453 -0.100000
v 2.177719 0.149453 0.100000
v 2.160750 0.128505 -0.100000
v 2.160750 0.128505 0.100000
v 2.144740 0.109563 -0.100000
v 2.144740 0.109563 0.100000
v 2.130000 0.093000 -0.100000
v 2.130000 0.093000 0.100000
v 2.839000 0.098000 -0.100000
v 2.839000 0.098000 0.100000
v 2.828533 0.118416 -0.100000
v 2.828533 0.118416 0.100000
v 2.816768 0.140412 -0.100000
v 2.816768 0.140412 0.100000
v 2.803906 0.163609 -0.100000
v 2.803906 0.163609 0.100000
v 2.790148 0.187630 -0.100000
v 2.790148 0.187630 0.100000
v 2.775695 0.212094 -0.100000
v 2.775695 0.212094 0.100000
v 2.760750 0.236625 -0.100000
v 2.760750 0.236625 0.100000
v 2.745512 0.260843 -0.100000
v 2.745512 0.260843 0.100000
v 2.730185 0.284370 -0.100000
v 2.730185 0.284370 0.100000
v 2.714969 0.306828 -0.100000
v 2.714969 0.306828 0.100000
v 2.700065 0.327838 -0.100000
v 2.700065 0.327838 0.100000
v 2.685675 0.347021 -0.100000
v 2.685675 0.347021 0.100000
v 2.672000 0.364000 -0.100000
v 2.672000 0.364000 0.100000
v 2.740000 0.400000 -0.100000
v 2.740000 0.400000 0.100000
v 2.753774 0.382795 -0.100000
v 2.753774 0.382795 0.100000
v 2.768440 0.363444 -0.100000
v 2.768440 0.363444 0.100000
v 2.783766 0.342344 -0.100000
v 2.783766 0.342344 0.100000
v 2.799519 0.319889 -0.100000
v 2.799519 0.319889 0.100000
v 2.815466 0.296476 -0.100000
v 2.815466 0.296476 0.100000
v 2.831375 0.272500 -0.100000
v 2.831375 0.272500 0.100000
v 2.847013 0.248358 -0.100000
v 2.847013 0.248358 0.100000
v 2.862148 0.224444 -0.100000
v 2.862148 0.224444 0.100000
v 2.876547 0.201156 -0.100000
v 2.876547 0.201156 0.100000
v 2.889977 0.178889 -0.100000
v 2.889977 0.178889 0.100000
v 2.902205 0.158038 -0.100000
v 2.902205 0.158038 0.100000
v 2.913000 0.139000 -0.100000
v 2.913000 0.139000 0.100000
v 2.455000 0.597000 -0.100000
v 2.455000 0.597000 0.100000
v 2.455000 0.700000 -0.100000
v 2.455000 0.700000 0.100000
v 2.454938 0.705732 -0.100000
v 2.454938 0.705732 0.100000
v 2.454759 0.711856 -0.100000
v 2.454759 0.711856 0.100000
v 2.454468 0.718266 -0.100000
v 2.454468 0.718266 0.100000
v 2.454074 0.724852 -0.100000
v 2.454074 0.724852 0.100000
v 2.453582 0.731508 -0.100000
v 2.453582 0.731508 0.100000
v 2.453000 0.738125 -0.100000
v 2.453000 0.738125 0.100000
v 2.452334 0.744597 -0.100000
v 2.452334 0.744597 0.100000
v 2.451592 0.750815 -0.100000
v 2.451592 0.750815 0.100000
v 2.450781 0.756672 -0.100000
v 2.450781 0.756672 0.100000
v 2.449907 0.762060 -0.100000
v 2.449907 0.762060 0.100000
v 2.448978 0.766872 -0.100000
v 2.448978 0.766872 0.100000
v 2.448000 0.771000 -0.100000
v 2.448000 0.771000 0.100000
v 2.542000 0.771000 -0.100000
v 2.542000 0.771000 0.100000
v 2.541252 0.767063 -0.100000
v 2.541252 0.767063 0.100000
v 2.540514 0.762333 -0.100000
v 2.540514 0.762333 0.100000
v 2.539797 0.756938 -0.100000
v 2.539797 0.756938 0.100000
v 2.539111 0.751000 -0.100000
v 2.539111 0.751000 0.100000
v 2.538467 0.744646 -0.100000
v 2.538467 0.744646 0.100000
v 2.537875 0.738000 -0.100000
v 2.537875 0.738000 0.100000
v 2.537345 0.731188 -0.100000
v 2.537345 0.731188 0.100000
v 2.536889 0.724333 -0.100000
v 2.536889 0.724333 0.100000
v 2.536515 0.717562 -0.100000
v 2.536515 0.717562 0.100000
v 2.536236 0.711000 -0.100000
v 2.536236 0.711000 0.100000
v 2.536061 0.704771 -0.100000
v 2.536061 0.704771 0.100000
v 2.536000 0.699000 -0.100000
v 2.536000 0.699000 0.100000
v 2.536000 0.597000 -0.100000
v 2.536000 0.597000 0.100000
v 2.800000 0.597000 -0.100000
v 2.800000 0.597000 0.100000
v 2.806177 0.597041 -0.100000
v 2.806177 0.597041 0.100000
v 2.812671 0.597162 -0.100000
v 2.812671 0.597162 0.100000
v 2.819422 0.597359 -0.100000
v 2.819422 0.597359 0.100000
v 2.826370 0.597630 -0.100000
v 2.826370 0.597630 0.100000
v 2.833457 0.597969 -0.100000
v 2.833457 0.597969 0.100000
v 2.840625 0.598375 -0.100000
v 2.840625 0.598375 0.100000
v 2.847813 0.598843 -0.100000
v 2.847813 0.598843 0.100000
v 2.854963 0.599370 -0.100000
v 2.854963 0.599370 0.100000
v 2.862015 0.599953 -0.100000
v 2.862015 0.599953 0.100000
v 2.868912 0.600588 -0.100000
v 2.868912 0.600588 0.100000
v 2.875593 0.601271 -0.100000
v 2.875593 0.601271 0.100000
v 2.882000 0.602000 -0.100000
v 2.882000 0.602000 0.100000
v 2.882000 0.519000 -0.100000
v 2.882000 0.519000 0.100000
v 2.875193 0.519460 -0.100000
v 2.875193 0.519460 0.100000
v 2.868292 0.519843 -0.100000
v 2.868292 0.519843 0.100000
v 2.861328 0.520156 -0.100000
v 2.861328 0.520156 0.100000
v 2.854333 0.520407 -0.100000
v 2.854333 0.520407 0.100000
v 2.847339 0.520603 -0.100000
v 2.847339 0.520603 0.100000
v 2.840375 0.520750 -0.100000
v 2.840375 0.520750 0.100000
v 2.833474 0.520855 -0.100000
v 2.833474 0.520855 0.100000
v 2.826667 0.520926 -0.100000
v 2.826667 0.520926 0.100000
v 2.819984 0.520969 -0.100000
v 2.819984 0.520969 0.100000
v 2.813458 0.520991 -0.100000
v 2.813458 0.520991 0.100000
v 2.807120 0.520999 -0.100000
v 2.807120 0.520999 0.100000
v 2.801000 0.521000 -0.100000
v 2.801000 0.521000 0.100000
v 2.536000 0.521000 -0.100000
v 2.536000 0.521000 0.100000
v 2.536000 0.514000 -0.100000
v 2.536000 0.514000 0.100000
v 2.536000 0.488745 -0.100000
v 2.536000 0.488745 0.100000
v 2.536000 0.455125 -0.100000
v 2.536000 0.455125 0.100000
v 2.536000 0.414859 -0.100000
v 2.536000 0.414859 0.100000
v 2.536000 0.369667 -0.100000
v 2.536000 0.369667 0.100000
v 2.536000 0.321266 -0.100000
v 2.536000 0.321266 0.100000
v 2.536000 0.271375 -0.100000
v 2.536000 0.271375 0.100000
v 2.536000 0.221714 -0.100000
v 2.536000 0.221714 0.100000
v 2.536000 0.174000 -0.100000
v 2.536000 0.174000 0.100000
v 2.536000 0.129953 -0.100000
v 2.536000 0.129953 0.100000
v 2.536000 0.091292 -0.100000
v 2.536000 0.091292 0.100000
v 2.536000 0.059734 -0.100000
v 2.536000 0.059734 0.100000
v 2.536000 0.037000 -0.100000
v 2.536000 0.037000 0.100000
v 2.535454 0.024292 -0.100000
v 2.535454 0.024292 0.100000
v 2.533797 0.012671 -0.100000
v 2.533797 0.012671 0.100000
v 2.531000 0.002141 -0.100000
v 2.531000 0.002141 0.100000
v 2.527037 -0.007296 -0.100000
v 2.527037 -0.007296 0.100000
v 2.521880 -0.015636 -0.100000
v 2.521880 -0.015636 0.100000
v 2.515500 -0.022875 -0.100000
v 2.515500 -0.022875 0.100000
v 2.507870 -0.029010 -0.100000
v 2.507870 -0.029010 0.100000
v 2.498963 -0.034037 -0.100000
v 2.498963 -0.034037 0.100000
v 2.488750 -0.037953 -0.100000
v 2.488750 -0.037953 0.100000
v 2.477204 -0.040755 -0.100000
v 2.477204 -0.040755 0.100000
v 2.464296 -0.042438 -0.100000
v 2.464296 -0.042438 0.100000
v 2.450000 -0.043000 -0.100000
v 2.450000 -0.043000 0.100000
v 2.439147 -0.042939 -0.100000
v 2.439147 -0.042939 0.100000
v 2.427676 -0.042759 -0.100000
v 2.427676 -0.042759 0.100000
v 2.415719 -0.042469 -0.100000
v 2.415719 -0.042469 0.100000
v 2.403407 -0.042074 -0.100000
v 2.403407 -0.042074 0.100000
v 2.390874 -0.041582 -0.100000
v 2.390874 -0.041582 0.100000
v 2.378250 -0.041000 -0.100000
v 2.378250 -0.041000 0.100000
v 2.365668 -0.040334 -0.100000
v 2.365668 -0.040334 0.100000
v 2.353259 -0.039593 -0.100000
v 2.353259 -0.039593 0.100000
v 2.341156 -0.038781 -0.100000
v 2.341156 -0.038781 0.100000
v 2.329491 -0.037907 -0.100000
v 2.329491 -0.037907 0.100000
v 2.318395 -0.036978 -0.100000
v 2.318395 -0.036978 0.100000
v 2.308000 -0.036000 -0.100000
v 2.308000 -0.036000 0.100000
v 2.301000 0.044000 -0.100000
v 2.301000 0.044000 0.100000
v 2.311799 0.042083 -0.100000
v 2.311799 0.042083 0.100000
v 2.322643 0.040333 -0.100000
v 2.322643 0.040333 0.100000
v 2.333453 0.038750 -0.100000
v 2.333453 0.038750 0.100000
v 2.344148 0.037333 -0.100000
v 2.344148 0.037333 0.100000
v 2.354649 0.036083 -0.100000
v 2.354649 0.036083 0.100000
v 2.364875 0.035000 -0.100000
v 2.364875 0.035000 0.100000
v 2.374747 0.034083 -0.100000
v 2.374747 0.034083 0.100000
v 2.384185 0.033333 -0.100000
v 2.384185 0.033333 0.100000
v 2.393109 0.032750 -0.100000
v 2.393109 0.032750 0.100000
v 2.401440 0.032333 -0.100000
v 2.401440 0.032333 0.100000
v 2.409096 0.032083 -0.100000
v 2.409096 0.032083 0.100000
v 2.416000 0.032000 -0.100000
v 2.416000 0.032000 0.100000
v 2.422420 0.032251 -0.100000
v 2.422420 0.032251 0.100000
v 2.428194 0.033009 -0.100000
v 2.428194 0.033009 0.100000
v 2.433344 0.034281 -0.100000
v 2.433344 0.034281 0.100000
v 2.437889 0.036074 -0.100000
v 2.437889 0.036074 0.100000
v 2.441851 0.038395 -0.100000
v 2.441851 0.038395 0.100000
v 2.445250 0.041250 -0.100000
v 2.445250 0.041250 0.100000
v 2.448108 0.044647 -0.100000
v 2.448108 0.044647 0.100000
v 2.450444 0.048593 -0.100000
v 2.450444 0.048593 0.100000
v 2.452281 0.053094 -0.100000
v 2.452281 0.053094 0.100000
v 2.453639 0.058157 -0.100000
v 2.453639 0.058157 0.100000
v 2.454538 0.063791 -0.100000
v 2.454538 0.063791 0.100000
v 2.455000 0.070000 -0.100000
v 2.455000 0.070000 0.100000
v 2.455000 0.089373 -0.100000
v 2.455000 0.089373 0.100000
v 2.455000 0.118653 -0.100000
v 2.455000 0.118653 0.100000
v 2.455000 0.155828 -0.100000
v 2.455000 0.155828 0.100000
v 2.455000 0.198889 -0.100000
v 2.455000 0.198889 0.100000
v 2.455000 0.245825 -0.100000
v 2.455000 0.245825 0.100000
v 2.455000 0.294625 -0.100000
v 2.455000 0.294625 0.100000
v 2.455000 0.343280 -0.100000
v 2.455000 0.343280 0.100000
v 2.455000 0.389778 -0.100000
v 2.455000 0.389778 0.100000
v 2.455000 0.432109 -0.100000
v 2.455000 0.432109 0.100000
v 2.455000 0.468264 -0.100000
v 2.455000 0.468264 0.100000
v 2.455000 0.496231 -0.100000
v 2.455000 0.496231 0.100000
v 2.455000 0.514000 -0.100000
v 2.455000 0.514000 0.100000
v 2.455000 0.521000 -0.100000
v 2.455000 0.521000 0.100000
v 2.177000 0.521000 -0.100000
v 2.177000 0.521000 0.100000
v 2.169542 0.520979 -0.100000
v 2.169542 0.520979 0.100000
v 2.162163 0.520917 -0.100000
v 2.162163 0.520917 0.100000
v 2.154860 0.520813 -0.100000
v 2.154860 0.520813 0.100000
v 2.147630 0.520667 -0.100000
v 2.147630 0.520667 0.100000
v 2.140470 0.520479 -0.100000
v 2.140470 0.520479 0.100000
v 2.133375 0.520250 -0.100000
v 2.133375 0.520250 0.100000
v 2.126343 0.519979 -0.100000
v 2.126343 0.519979 0.100000
v 2.119370 0.519667 -0.100000
v 2.119370 0.519667 0.100000
v 2.112453 0.519313 -0.100000
v 2.112453 0.519313 0.100000
v 2.105588 0.518917 -0.100000
v 2.105588 0.518917 0.100000
v 2.098771 0.518479 -0.100000
v 2.098771 0.518479 0.100000
v 2.092000 0.518000 -0.100000
v 2.092000 0.518000 0.100000
v 2.092000 0.602000 -0.100000
v 2.092000 0.602000 0.100000
v 2.098943 0.601271 -0.100000
v 2.098943 0.601271 0.100000
v 2.105797 0.600588 -0.100000
v 2.105797 0.600588 0.100000
v 2.112594 0.599953 -0.100000
v 2.112594 0.599953 0.100000
v 2.119371 0.599370 -0.100000
v 2.119371 0.599370 0.100000
v 2.126161 0.598843 -0.100000
v 2.126161 0.598843 0.100000
v 2.133000 0.598375 -0.100000
v 2.133000 0.598375 0.100000
v 2.139923 0.597969 -0.100000
v 2.139923 0.597969 0.100000
v 2.146963 0.597630 -0.100000
v 2.146963 0.597630 0.100000
v 2.154156 0.597359 -0.100000
v 2.154156 0.597359 0.100000
v 2.161537 0.597162 -0.100000
v 2.161537 0.597162 0.100000
v 2.169140 0.597041 -0.100000
v 2.169140 0.597041 0.100000
v 2.177000 0.597000 -0.100000
v 2.177000 0.597000 0.100000
v 3.294000 0.408000 -0.100000
v 3.294000 0.408000 0.100000
v 3.304153 0.400463 -0.100000
v 3.304153 0.400463 0.100000
v 3.315977 0.391454 -0.100000
v 3.315977 0.391454 0.100000
v 3.329266 0.381125 -0.100000
v 3.329266 0.381125 0.100000
v 3.343815 0.369630 -0.100000
v 3.343815 0.369630 0.100000
v 3.359420 0.357120 -0.100000
v 3.359420 0.357120 0.100000
v 3.375875 0.343750 -0.100000
v 3.375875 0.343750 0.100000
v 3.392976 0.329671 -0.100000
v 3.392976 0.329671 0.100000
v 3.410518 0.315037 -0.100000
v 3.410518 0.315037 0.100000
v 3.428297 0.300000 -0.100000
v 3.428297 0.300000 0.100000
v 3.446106 0.284713 -0.100000
v 3.446106 0.284713 0.100000
v 3.463742 0.269329 -0.100000
v 3.463742 0.269329 0.100000
v 3.481000 0.254000 -0.100000
v 3.481000 0.254000 0.100000
v 3.517064 0.282216 -0.100000
v 3.517064 0.282216 0.100000
v 3.551681 0.311648 -0.100000
v 3.551681 0.311648 0.100000
v 3.584734 0.341969 -0.100000
v 3.584734 0.341969 0.100000
v 3.616111 0.372852 -0.100000
v 3.616111 0.372852 0.100000
v 3.645696 0.403971 -0.100000
v 3.645696 0.403971 0.100000
v 3.673375 0.435000 -0.100000
v 3.673375 0.435000 0.100000
v 3.699033 0.465612 -0.100000
v 3.699033 0.465612 0.100000
v 3.722556 0.495481 -0.100000
v 3.722556 0.495481 0.100000
v 3.743828 0.524281 -0.100000
v 3.743828 0.524281 0.100000
v 3.762736 0.551685 -0.100000
v 3.762736 0.551685 0.100000
v 3.779165 0.577367 -0.100000
v 3.779165 0.577367 0.100000
v 3.793000 0.601000 -0.100000
v 3.793000 0.601000 0.100000
v 3.763842 0.601000 -0.100000
v 3.763842 0.601000 0.100000
v 3.722570 0.601000 -0.100000
v 3.722570 0.601000 0.100000
v 3.671735 0.601000 -0.100000
v 3.671735 0.601000 0.100000
v 3.613889 0.601000 -0.100000
v 3.613889 0.601000 0.100000
v 3.551585 0.601000 -0.100000
v 3.551585 0.601000 0.100000
v 3.487375 0.601000 -0.100000
v 3.487375 0.601000 0.100000
v 3.423811 0.601000 -0.100000
v 3.423811 0.601000 0.100000
v 3.363444 0.601000 -0.100000
v 3.363444 0.601000 0.100000
v 3.308828 0.601000 -0.100000
v 3.308828 0.601000 0.100000
v 3.262514 0.601000 -0.100000
v 3.262514 0.601000 0.100000
v 3.227054 0.601000 -0.100000
v 3.227054 0.601000 0.100000
v 3.205000 0.601000 -0.100000
v 3.205000 0.601000 0.100000
v 3.195182 0.600920 -0.100000
v 3.195182 0.600920 0.100000
v 3.185292 0.600694 -0.100000
v 3.185292 0.600694 0.100000
v 3.175422 0.600344 -0.100000
v 3.175422 0.600344 0.100000
v 3.165667 0.599889 -0.100000
v 3.165667 0.599889 0.100000
v 3.156120 0.599351 -0.100000
v 3.156120 0.599351 0.100000
v 3.146875 0.598750 -0.100000
v 3.146875 0.598750 0.100000
v 3.138026 0.598108 -0.100000
v 3.138026 0.598108 0.100000
v 3.129667 0.597444 -0.100000
v 3.129667 0.597444 0.100000
v 3.121891 0.596781 -0.100000
v 3.121891 0.596781 0.100000
v 3.114792 0.596139 -0.100000
v 3.114792 0.596139 0.100000
v 3.108464 0.595538 -0.100000
v 3.108464 0.595538 0.100000
v 3.103000 0.595000 -0.100000
v 3.103000 0.595000 0.100000
v 3.103000 0.685000 -0.100000
v 3.103000 0.685000 0.100000
v 3.110220 0.684002 -0.100000
v 3.110220 0.684002 0.100000
v 3.117847 0.683019 -0.100000
v 3.117847 0.683019 0.100000
v 3.125828 0.682063 -0.100000
v 3.125828 0.682063 0.100000
v 3.134111 0.681148 -0.100000
v 3.134111 0.681148 0.100000
v 3.142644 0.680289 -0.100000
v 3.142644 0.680289 0.100000
v 3.151375 0.679500 -0.100000
v 3.151375 0.679500 0.100000
v 3.160252 0.678794 -0.100000
v 3.160252 0.678794 0.100000
v 3.169222 0.678185 -0.100000
v 3.169222 0.678185 0.100000
v 3.178234 0.677688 -0.100000
v 3.178234 0.677688 0.100000
v 3.187236 0.677315 -0.100000
v 3.187236 0.677315 0.100000
v 3.196175 0.677081 -0.100000
v 3.196175 0.677081 0.100000
v 3.205000 0.677000 -0.100000
v 3.205000 0.677000 0.100000
v 3.225531 0.677000 -0.100000
v 3.225531 0.677000 0.100000
v 3.259912 0.677000 -0.100000
v 3.259912 0.677000 0.100000
v 3.305578 0.677000 -0.100000
v 3.305578 0.677000 0.100000
v 3.359963 0.677000 -0.100000
v 3.359963 0.677000 0.100000
v 3.420501 0.677000 -0.100000
v 3.420501 0.677000 0.100000
v 3.484625 0.677000 -0.100000
v 3.484625 0.677000 0.100000
v 3.549770 0.677000 -0.100000
v 3.549770 0.677000 0.100000
v 3.613370 0.677000 -0.100000
v 3.613370 0.677000 0.100000
v 3.672859 0.677000 -0.100000
v 3.672859 0.677000 0.100000
v 3.725671 0.677000 -0.100000
v 3.725671 0.677000 0.100000
v 3.769240 0.677000 -0.100000
v 3.769240 0.677000 0.100000
v 3.801000 0.677000 -0.100000
v 3.801000 0.677000 0.100000
v 3.807893 0.677062 -0.100000
v 3.807893 0.677062 0.100000
v 3.814564 0.677245 -0.100000
v 3.814564 0.677245 0.100000
v 3.821000 0.677547 -0.100000
v 3.821000 0.677547 0.100000
v 3.827185 0.677963 -0.100000
v 3.827185 0.677963 0.100000
v 3.833106 0.678490 -0.100000
v 3.833106 0.678490 0.100000
v 3.838750 0.679125 -0.100000
v 3.838750 0.679125 0.100000
v 3.844102 0.679864 -0.100000
v 3.844102 0.679864 0.100000
v 3.849148 0.680704 -0.100000
v 3.849148 0.680704 0.100000
v 3.853875 0.681641 -0.100000
v 3.853875 0.681641 0.100000
v 3.858268 0.682671 -0.100000
v 3.858268 0.682671 0.100000
v 3.862315 0.683792 -0.100000
v 3.862315 0.683792 0.100000
v 3.866000 0.685000 -0.100000
v 3.866000 0.685000 0.100000
v 3.929000 0.634000 -0.100000
v 3.929000 0.634000 0.100000
v 3.926522 0.631251 -0.100000
v 3.926522 0.631251 0.100000
v 3.924093 0.628509 -0.100000
v 3.924093 0.628509 0.100000
v 3.921719 0.625781 -0.100000
v 3.921719 0.625781 0.100000
v 3.919408 0.623074 -0.100000
v 3.919408 0.623074 0.100000
v 3.917166 0.620395 -0.100000
v 3.917166 0.620395 0.100000
v 3.915000 0.617750 -0.100000
v 3.915000 0.617750 0.100000
v 3.912918 0.615147 -0.100000
v 3.912918 0.615147 0.100000
v 3.910926 0.612593 -0.100000
v 3.910926 0.612593 0.100000
v 3.909031 0.610094 -0.100000
v 3.909031 0.610094 0.100000
v 3.907241 0.607657 -0.100000
v 3.907241 0.607657 0.100000
v 3.905561 0.605291 -0.100000
v 3.905561 0.605291 0.100000
v 3.904000 0.603000 -0.100000
v 3.904000 0.603000 0.100000
v 3.884864 0.572840 -0.100000
v 3.884864 0.572840 0.100000
v 3.863496 0.541051 -0.100000
v 3.863496 0.541051 0.100000
v 3.839953 0.507922 -0.100000
v 3.839953 0.507922 0.100000
v 3.814296 0.473741 -0.100000
v 3.814296 0.473741 0.100000
v 3.786584 0.438796 -0.100000
v 3.786584 0.438796 0.100000
v 3.756875 0.403375 -0.100000
v 3.756875 0.403375 0.100000
v 3.725229 0.367767 -0.100000
v 3.725229 0.367767 0.100000
v 3.691704 0.332259 -0.100000
v 3.691704 0.332259 0.100000
v 3.656359 0.297141 -0.100000
v 3.656359 0.297141 0.100000
v 3.619255 0.262699 -0.100000
v 3.619255 0.262699 0.100000
v 3.580448 0.229223 -0.100000
v 3.580448 0.229223 0.100000
v 3.540000 0.197000 -0.100000
v 3.540000 0.197000 0.100000
v 3.555204 0.181711 -0.100000
v 3.555204 0.181711 0.100000
v 3.570722 0.165940 -0.100000
v 3.570722 0.165940 0.100000
v 3.586406 0.149828 -0.100000
v 3.586406 0.149828 0.100000
v 3.602111 0.133519 -0.100000
v 3.602111 0.133519 0.100000
v 3.617691 0.117153 -0.100000
v 3.617691 0.117153 0.100000
v 3.633000 0.100875 -0.100000
v 3.633000 0.100875 0.100000
v 3.647892 0.084826 -0.100000
v 3.647892 0.084826 0.100000
v 3.662222 0.069148 -0.100000
v 3.662222 0.069148 0.100000
v 3.675844 0.053984 -0.100000
v 3.675844 0.053984 0.100000
v 3.688611 0.039477 -0.100000
v 3.688611 0.039477 0.100000
v 3.700378 0.025768 -0.100000
v 3.700378 0.025768 0.100000
v 3.711000 0.013000 -0.100000
v 3.711000 0.013000 0.100000
v 3.638000 -0.045000 -0.100000
v 3.638000 -0.045000 0.100000
v 3.627889 -0.031514 -0.100000
v 3.627889 -0.031514 0.100000
v 3.616194 -0.016694 -0.100000
v 3.616194 -0.016694 0.100000
v 3.603125 -0.000750 -0.100000
v 3.603125 -0.000750 0.100000
v 3.588889 0.016111 -0.100000
v 3.588889 0.016111 0.100000
v 3.573694 0.033681 -0.100000
v 3.573694 0.033681 0.100000
v 3.557750 0.051750 -0.100000
v 3.557750 0.051750 0.100000
v 3.541264 0.070111 -0.100000
v 3.541264 0.070111 0.100000
v 3.524444 0.088556 -0.100000
v 3.524444 0.088556 0.100000
v 3.507500 0.106875 -0.100000
v 3.507500 0.106875 0.100000
v 3.490639 0.124861 -0.100000
v 3.490639 0.124861 0.100000
v 3.474069 0.142306 -0.100000
v 3.474069 0.142306 0.100000
v 3.458000 0.159000 -0.100000
v 3.458000 0.159000 0.100000
v 3.441902 0.174774 -0.100000
v 3.441902 0.174774 0.100000
v 3.423884 0.191856 -0.100000
v 3.423884 0.191856 0.100000
v 3.404360 0.209891 -0.100000
v 3.404360 0.209891 0.100000
v 3.383741 0.228519 -0.100000
v 3.383741 0.228519 0.100000
v 3.362442 0.247383 -0.100000
v 3.362442 0.247383 0.100000
v 3.340875 0.266125 -0.100000
v 3.340875 0.266125 0.100000
v 3.319454 0.284388 -0.100000
v 3.319454 0.284388 0.100000
v 3.298593 0.301815 -0.100000
v 3.298593 0.301815 0.100000
v 3.278703 0.318047 -0.100000
v 3.278703 0.318047 0.100000
v 3.260199 0.332727 -0.100000
v 3.260199 0.332727 0.100000
v 3.243494 0.345497 -0.100000
v 3.243494 0.345497 0.100000
v 3.229000 0.356000 -0.100000
v 3.229000 0.356000 0.100000
v 4.419000 0.463000 -0.100000
v 4.419000 0.463000 0.100000
v 4.405011 0.477081 -0.100000
v 4.405011 0.477081 0.100000
v 4.388334 0.493065 -0.100000
v 4.388334 0.493065 0.100000
v 4.369407 0.510562 -0.100000
v 4.369407 0.510562 0.100000
v 4.348667 0.529185 -0.100000
v 4.348667 0.529185 0.100000
v 4.326552 0.548544 -0.100000
v 4.326552 0.548544 0.100000
v 4.303500 0.568250 -0.100000
v 4.303500 0.568250 0.100000
v 4.279948 0.587914 -0.100000
v 4.279948 0.587914 0.100000
v 4.256334 0.607148 -0.100000
v 4.256334 0.607148 0.100000
v 4.233094 0.625563 -0.100000
v 4.233094 0.625563 0.100000
v 4.210667 0.642769 -0.100000
v 4.210667 0.642769 0.100000
v 4.189490 0.658377 -0.100000
v 4.189490 0.658377 0.100000
v 4.170000 0.672000 -0.100000
v 4.170000 0.672000 0.100000
v 4.227000 0.733000 -0.100000
v 4.227000 0.733000 0.100000
v 4.245862 0.720123 -0.100000
v 4.245862 0.720123 0.100000
v 4.266653 0.705236 -0.100000
v 4.266653 0.705236 0.100000
v 4.288922 0.688703 -0.100000
v 4.288922 0.688703 0.100000
v 4.312222 0.670889 -0.100000
v 4.312222 0.670889 0.100000
v 4.336106 0.652158 -0.100000
v 4.336106 0.652158 0.100000
v 4.360125 0.632875 -0.100000
v 4.360125 0.632875 0.100000
v 4.383832 0.613405 -0.100000
v 4.383832 0.613405 0.100000
v 4.406778 0.594111 -0.100000
v 4.406778 0.594111 0.100000
v 4.428516 0.575359 -0.100000
v 4.428516 0.575359 0.100000
v 4.448597 0.557514 -0.100000
v 4.448597 0.557514 0.100000
v 4.466575 0.540939 -0.100000
v 4.466575 0.540939 0.100000
v 4.482000 0.526000 -0.100000
v 4.482000 0.526000 0.100000
v 4.578815 0.234269 -0.100000
v 4.578815 0.234269 0.100000
v 4.615185 0.261398 -0.100000
v 4.615185 0.261398 0.100000
v 4.650000 0.290125 -0.100000
v 4.650000 0.290125 0.100000
v 4.683148 0.320185 -0.100000
v 4.683148 0.320185 0.100000
v 4.714519 0.351315 -0.100000
v 4.714519 0.351315 0.100000
v 4.744000 0.383250 -0.100000
v 4.744000 0.383250 0.100000
v 4.771482 0.415727 -0.100000
v 4.771482 0.415727 0.100000
v 4.796852 0.448481 -0.100000
v 4.796852 0.448481 0.100000
v 4.820000 0.481250 -0.100000
v 4.820000 0.481250 0.100000
v 4.840815 0.513768 -0.100000
v 4.840815 0.513768 0.100000
v 4.859185 0.545773 -0.100000
v 4.859185 0.545773 0.100000
v 4.875000 0.577000 -0.100000
v 4.875000 0.577000 0.100000
v 4.923000 0.492000 -0.100000
v 4.923000 0.492000 0.100000
v 4.904989 0.460551 -0.100000
v 4.904989 0.460551 0.100000
v 4.884987 0.428824 -0.100000
v 4.884987 0.428824 0.100000
v 4.863048 0.397000 -0.100000
v 4.863048 0.397000 0.100000
v 4.839223 0.365259 -0.100000
v 4.839223 0.365259 0.100000
v 4.813565 0.333782 -0.100000
v 4.813565 0.333782 0.100000
v 4.786126 0.302750 -0.100000
v 4.786126 0.302750 0.100000
v 4.756957 0.272343 -0.100000
v 4.756957 0.272343 0.100000
v 4.726111 0.242741 -0.100000
v 4.726111 0.242741 0.100000
v 4.693641 0.214125 -0.100000
v 4.693641 0.214125 0.100000
v 4.659597 0.186676 -0.100000
v 4.659597 0.186676 0.100000
v 4.624033 0.160574 -0.100000
v 4.624033 0.160574 0.100000
v 4.587000 0.136000 -0.100000
v 4.587000 0.136000 0.100000
v 4.561431 0.120308 -0.100000
v 4.561431 0.120308 0.100000
v 4.534695 0.104796 -0.100000
v 4.534695 0.104796 0.100000
v 4.506750 0.089563 -0.100000
v 4.506750 0.089562 0.100000
v 4.477556 0.074704 -0.100000
v 4.477556 0.074704 0.100000
v 4.447070 0.060317 -0.100000
v 4.447070 0.060317 0.100000
v 4.415250 0.046500 -0.100000
v 4.415250 0.046500 0.100000
v 4.382056 0.033350 -0.100000
v 4.382056 0.033350 0.100000
v 4.347445 0.020963 -0.100000
v 4.347445 0.020963 0.100000
v 4.311375 0.009438 -0.100000
v 4.311375 0.009437 0.100000
v 4.273806 -0.001130 -0.100000
v 4.273806 -0.001130 0.100000
v 4.234694 -0.010641 -0.100000
v 4.234694 -0.010641 0.100000
v 4.194000 -0.019000 -0.100000
v 4.194000 -0.019000 0.100000
v 4.141000 0.063000 -0.100000
v 4.141000 0.063000 0.100000
v 4.183817 0.070208 -0.100000
v 4.183817 0.070208 0.100000
v 4.224795 0.078745 -0.100000
v 4.224795 0.078745 0.100000
v 4.263968 0.088484 -0.100000
v 4.263968 0.088484 0.100000
v 4.301370 0.099296 -0.100000
v 4.301370 0.099296 0.100000
v 4.337035 0.111053 -0.100000
v 4.337035 0.111053 0.100000
v 4.370999 0.123625 -0.100000
v 4.370999 0.123625 0.100000
v 4.403297 0.136885 -0.100000
v 4.403297 0.136885 0.100000
v 4.433962 0.150704 -0.100000
v 4.433962 0.150704 0.100000
v 4.463031 0.164953 -0.100000
v 4.463031 0.164953 0.100000
v 4.490537 0.179505 -0.100000
v 4.490537 0.179505 0.100000
v 4.516515 0.194230 -0.100000
v 4.516515 0.194230 0.100000
v 4.541000 0.209000 -0.100000
v 4.541000 0.209000 0.100000
vn -0.0000 -0.0000 1.0000
vn -0.0000 -0.0000 -1.0000
vn 0.0001 -0.0000 1.0000
vn 0.0001 -0.0000 -1.0000
vn -0.7071 0.7071 -0.0000
vn -0.7071 -0.7071 -0.0000
vn 0.0021 -1.0000 -0.0000
vn 0.0078 -1.0000 -0.0000
vn 0.0143 -0.9999 -0.0000
vn 0.0197 -0.9998 -0.0000
vn 0.0241 -0.9997 -0.0000
vn 0.0279 -0.9996 -0.0000
vn 0.0312 -0.9995 -0.0000
vn 0.0340 -0.9994 -0.0000
vn 0.0364 -0.9993 -0.0000
vn 0.0385 -0.9993 -0.0000
vn 0.0404 -0.9992 -0.0000
vn 0.0420 -0.9991 -0.0000
vn -0.6918 -0.7221 -0.0000
vn -0.6662 0.7458 -0.0000
vn 0.1055 0.9944 -0.0000
vn 0.0924 0.9957 -0.0000
vn 0.0809 0.9967 -0.0000
vn 0.0705 0.9975 -0.0000
vn 0.0611 0.9981 -0.0000
vn 0.0523 0.9986 -0.0000
vn 0.0439 0.9990 -0.0000
vn 0.0356 0.9994 -0.0000
vn 0.0273 0.9996 -0.0000
vn 0.0188 0.9998 -0.0000
vn 0.0097 1.0000 -0.0000
vn 0.0025 1.0000 -0.0000
vn -0.0017 1.0000 -0.0000
vn -0.0063 1.0000 -0.0000
vn -0.0119 0.9999 -0.0000
vn -0.0167 0.9999 -0.0000
vn -0.0211 0.9998 -0.0000
vn -0.0251 0.9997 -0.0000
vn -0.0288 0.9996 -0.0000
vn -0.0323 0.9995 -0.0000
vn -0.0357 0.9994 -0.0000
vn -0.0390 0.9992 -0.0000
vn -0.0425 0.9991 -0.0000
vn -0.0461 0.9989 -0.0000
vn 0.7062 0.7080 -0.0000
vn 0.9989 -0.0470 -0.0000
vn 0.9988 -0.0492 -0.0000
vn 0.9987 -0.0501 -0.0000
vn 0.9988 -0.0497 -0.0000
vn 0.9988 -0.0483 -0.0000
vn 0.9990 -0.0456 -0.0000
vn 0.9991 -0.0418 -0.0000
vn 0.9993 -0.0368 -0.0000
vn 0.9995 -0.0303 -0.0000
vn 0.9998 -0.0222 -0.0000
vn 0.9999 -0.0121 -0.0000
vn 1.0000 -0.0033 -0.0000
vn 1.0000 0.0032 -0.0000
vn 0.9999 0.0121 -0.0000
vn 0.9997 0.0224 -0.0000
vn 0.9995 0.0309 -0.0000
vn 0.9993 0.0380 -0.0000
vn 0.9990 0.0440 -0.0000
vn 0.9988 0.0491 -0.0000
vn 0.9986 0.0534 -0.0000
vn 0.9984 0.0569 -0.0000
vn 0.9982 0.0597 -0.0000
vn 0.9981 0.0618 -0.0000
vn 0.9980 0.0627 -0.0000
vn 0.7290 -0.6845 -0.0000
vn -0.7196 -0.6944 -0.0000
vn 0.0020 -1.0000 -0.0000
vn 0.0076 -1.0000 -0.0000
vn 0.0146 -0.9999 -0.0000
vn 0.0209 -0.9998 -0.0000
vn 0.0269 -0.9996 -0.0000
vn 0.0325 -0.9995 -0.0000
vn 0.0379 -0.9993 -0.0000
vn 0.0432 -0.9991 -0.0000
vn 0.0486 -0.9988 -0.0000
vn 0.0541 -0.9985 -0.0000
vn 0.0600 -0.9982 -0.0000
vn 0.0665 -0.9978 -0.0000
vn -0.6819 -0.7314 -0.0000
vn -0.6676 0.7445 -0.0000
vn 0.1034 0.9946 -0.0000
vn 0.0933 0.9956 -0.0000
vn 0.0840 0.9965 -0.0000
vn 0.0753 0.9972 -0.0000
vn 0.0668 0.9978 -0.0000
vn 0.0583 0.9983 -0.0000
vn 0.0497 0.9988 -0.0000
vn 0.0409 0.9992 -0.0000
vn 0.0316 0.9995 -0.0000
vn 0.0218 0.9998 -0.0000
vn 0.0112 0.9999 -0.0000
vn 0.0029 1.0000 -0.0000
vn -0.0016 -1.0000 -0.0000
vn -0.7007 -0.7134 -0.0000
vn -0.6854 -0.7282 -0.0000
vn -0.6735 -0.7392 -0.0000
vn -0.6634 -0.7483 -0.0000
vn -0.6542 -0.7563 -0.0000
vn -0.6454 -0.7639 -0.0000
vn -0.6362 -0.7715 -0.0000
vn -0.6263 -0.7796 -0.0000
vn -0.6149 -0.7886 -0.0000
vn -0.6010 -0.7992 -0.0000
vn -0.5832 -0.8124 -0.0000
vn -0.9945 -0.1044 -0.0000
vn -0.1099 0.9939 -0.0000
vn 0.5730 0.8195 -0.0000
vn 0.5892 0.8080 -0.0000
vn 0.6017 0.7987 -0.0000
vn 0.6123 0.7907 -0.0000
vn 0.6216 0.7833 -0.0000
vn 0.6304 0.7763 -0.0000
vn 0.6391 0.7691 -0.0000
vn 0.6484 0.7613 -0.0000
vn 0.6587 0.7524 -0.0000
vn 0.6711 0.7414 -0.0000
vn 0.6868 0.7268 -0.0000
vn 1.0000 0.0080 -0.0000
vn -0.5769 0.8168 -0.0000
vn -0.6174 0.7867 -0.0000
vn -0.6543 0.7563 -0.0000
vn -0.6882 0.7255 -0.0000
vn -0.7197 0.6942 -0.0000
vn -0.7492 0.6623 -0.0000
vn -0.7772 0.6293 -0.0000
vn -0.8039 0.5948 -0.0000
vn -0.8297 0.5582 -0.0000
vn -0.8550 0.5186 -0.0000
vn -0.8800 0.4750 -0.0000
vn -0.0226 0.9997 -0.0000
vn 1.0000 -0.0030 -0.0000
vn 0.8570 -0.5153 -0.0000
vn 0.8348 -0.5506 -0.0000
vn 0.8117 -0.5841 -0.0000
vn 0.7876 -0.6162 -0.0000
vn 0.7623 -0.6472 -0.0000
vn 0.7356 -0.6775 -0.0000
vn 0.7072 -0.7070 -0.0000
vn 0.6769 -0.7360 -0.0000
vn 0.6446 -0.7645 -0.0000
vn 0.6098 -0.7925 -0.0000
vn 0.5725 -0.8199 -0.0000
vn 0.5381 -0.8429 -0.0000
vn 0.5125 -0.8587 -0.0000
vn 0.4903 -0.8716 -0.0000
vn 0.4662 -0.8847 -0.0000
vn 0.4402 -0.8979 -0.0000
vn 0.4126 -0.9109 -0.0000
vn 0.3834 -0.9236 -0.0000
vn 0.3527 -0.9357 -0.0000
vn 0.3207 -0.9472 -0.0000
vn 0.2876 -0.9577 -0.0000
vn 0.2536 -0.9673 -0.0000
vn 0.2188 -0.9758 -0.0000
vn -0.3868 -0.9221 -0.0000
vn -0.9151 0.4033 -0.0000
vn -0.1850 0.9827 -0.0000
vn -0.2227 0.9749 -0.0000
vn -0.2595 0.9657 -0.0000
vn -0.2954 0.9554 -0.0000
vn -0.3302 0.9439 -0.0000
vn -0.3635 0.9316 -0.0000
vn -0.3954 0.9185 -0.0000
vn -0.4256 0.9049 -0.0000
vn -0.4539 0.8910 -0.0000
vn -0.4804 0.8770 -0.0000
vn -0.5049 0.8632 -0.0000
vn -0.5362 0.8441 -0.0000
vn -0.3392 -0.9407 -0.0000
vn -0.8931 -0.4499 -0.0000
vn -0.8877 -0.4604 -0.0000
vn -0.8826 -0.4701 -0.0000
vn -0.8775 -0.4796 -0.0000
vn -0.8723 -0.4890 -0.0000
vn -0.8668 -0.4987 -0.0000
vn -0.8609 -0.5088 -0.0000
vn -0.8543 -0.5197 -0.0000
vn -0.8469 -0.5318 -0.0000
vn -0.8381 -0.5454 -0.0000
vn -0.8277 -0.5612 -0.0000
vn -0.9595 0.2818 -0.0000
vn 0.2802 0.9599 -0.0000
vn 0.8253 0.5647 -0.0000
vn 0.8348 0.5506 -0.0000
vn 0.8424 0.5388 -0.0000
vn 0.8489 0.5285 -0.0000
vn 0.8546 0.5192 -0.0000
vn 0.8598 0.5106 -0.0000
vn 0.8647 0.5023 -0.0000
vn 0.8694 0.4942 -0.0000
vn 0.8741 0.4858 -0.0000
vn 0.8790 0.4769 -0.0000
vn 0.8843 0.4670 -0.0000
vn 0.9440 -0.3300 -0.0000
vn -0.3309 -0.9437 -0.0000
vn -0.8855 -0.4646 -0.0000
vn -0.8808 -0.4735 -0.0000
vn -0.8759 -0.4825 -0.0000
vn -0.8707 -0.4918 -0.0000
vn -0.8651 -0.5016 -0.0000
vn -0.8590 -0.5120 -0.0000
vn -0.8522 -0.5232 -0.0000
vn -0.8444 -0.5356 -0.0000
vn -0.8355 -0.5495 -0.0000
vn -0.8250 -0.5651 -0.0000
vn -0.8124 -0.5831 -0.0000
vn -0.9655 0.2604 -0.0000
vn 0.2741 0.9617 -0.0000
vn 0.8250 0.5651 -0.0000
vn 0.8309 0.5564 -0.0000
vn 0.8361 0.5486 -0.0000
vn 0.8408 0.5413 -0.0000
vn 0.8454 0.5341 -0.0000
vn 0.8500 0.5268 -0.0000
vn 0.8548 0.5190 -0.0000
vn 0.8599 0.5104 -0.0000
vn 0.8656 0.5007 -0.0000
vn 0.8723 0.4890 -0.0000
vn 0.8802 0.4747 -0.0000
vn 0.9449 -0.3274 -0.0000
vn -0.9955 -0.0949 -0.0000
vn -0.7162 0.6979 -0.0000
vn -0.7414 0.6710 -0.0000
vn -0.7619 0.6477 -0.0000
vn -0.7793 0.6267 -0.0000
vn -0.7946 0.6071 -0.0000
vn -0.8088 0.5881 -0.0000
vn -0.8224 0.5689 -0.0000
vn -0.8360 0.5487 -0.0000
vn -0.8502 0.5265 -0.0000
vn -0.8653 0.5012 -0.0000
vn -0.8823 0.4708 -0.0000
vn -0.3181 0.9480 -0.0000
vn 0.9490 0.3152 -0.0000
vn 0.8793 -0.4763 -0.0000
vn 0.8626 -0.5059 -0.0000
vn 0.8484 -0.5294 -0.0000
vn 0.8359 -0.5488 -0.0000
vn 0.8247 -0.5655 -0.0000
vn 0.8142 -0.5805 -0.0000
vn 0.8041 -0.5945 -0.0000
vn 0.7938 -0.6082 -0.0000
vn 0.7828 -0.6222 -0.0000
vn 0.7704 -0.6375 -0.0000
vn 0.7554 -0.6552 -0.0000
vn 0.1274 -0.9918 -0.0000
vn -0.2913 -0.9566 -0.0000
vn -0.8859 -0.4639 -0.0000
vn -0.8782 -0.4783 -0.0000
vn -0.8712 -0.4910 -0.0000
vn -0.8644 -0.5028 -0.0000
vn -0.8575 -0.5145 -0.0000
vn -0.8502 -0.5264 -0.0000
vn -0.8422 -0.5392 -0.0000
vn -0.8329 -0.5534 -0.0000
vn -0.8218 -0.5698 -0.0000
vn -0.8079 -0.5894 -0.0000
vn -0.7895 -0.6138 -0.0000
vn -0.9795 0.2015 -0.0000
vn 0.2030 0.9792 -0.0000
vn 0.7889 0.6146 -0.0000
vn 0.8031 0.5959 -0.0000
vn 0.8139 0.5810 -0.0000
vn 0.8226 0.5686 -0.0000
vn 0.8299 0.5579 -0.0000
vn 0.8363 0.5483 -0.0000
vn 0.8422 0.5392 -0.0000
vn 0.8478 0.5304 -0.0000
vn 0.8534 0.5212 -0.0000
vn 0.8595 0.5112 -0.0000
vn 0.8663 0.4996 -0.0000
vn 0.9626 -0.2711 -0.0000
vn -1.0000 -0.0054 -0.0000
vn -0.9998 -0.0200 -0.0000
vn -0.9993 -0.0373 -0.0000
vn -0.9986 -0.0525 -0.0000
vn -0.9978 -0.0667 -0.0000
vn -0.9967 -0.0807 -0.0000
vn -0.9955 -0.0950 -0.0000
vn -0.9939 -0.1104 -0.0000
vn -0.9918 -0.1279 -0.0000
vn -0.9889 -0.1487 -0.0000
vn -0.9846 -0.1749 -0.0000
vn -0.9777 -0.2101 -0.0000
vn -0.7844 0.6203 -0.0000
vn 0.7703 0.6377 -0.0000
vn 0.9854 -0.1705 -0.0000
vn 0.9897 -0.1430 -0.0000
vn 0.9924 -0.1232 -0.0000
vn 0.9942 -0.1078 -0.0000
vn 0.9955 -0.0948 -0.0000
vn 0.9965 -0.0831 -0.0000
vn 0.9974 -0.0720 -0.0000
vn 0.9982 -0.0608 -0.0000
vn 0.9988 -0.0488 -0.0000
vn 0.9994 -0.0353 -0.0000
vn 0.9998 -0.0193 -0.0000
vn 1.0000 -0.0053 -0.0000
vn 0.7071 0.7071 -0.0000
vn -0.0033 1.0000 -0.0000
vn -0.0126 0.9999 -0.0000
vn -0.0239 0.9997 -0.0000
vn -0.0340 0.9994 -0.0000
vn -0.0434 0.9991 -0.0000
vn -0.0522 0.9986 -0.0000
vn -0.0608 0.9982 -0.0000
vn -0.0693 0.9976 -0.0000
vn -0.0779 0.9970 -0.0000
vn -0.0870 0.9962 -0.0000
vn -0.0967 0.9953 -0.0000
vn -0.1074 0.9942 -0.0000
vn 0.6660 0.7460 -0.0000
vn 0.6829 -0.7305 -0.0000
vn -0.0614 -0.9981 -0.0000
vn -0.0502 -0.9987 -0.0000
vn -0.0404 -0.9992 -0.0000
vn -0.0319 -0.9995 -0.0000
vn -0.0245 -0.9997 -0.0000
vn -0.0182 -0.9998 -0.0000
vn -0.0128 -0.9999 -0.0000
vn -0.0084 -1.0000 -0.0000
vn -0.0049 -1.0000 -0.0000
vn -0.0023 -1.0000 -0.0000
vn -0.0007 -1.0000 -0.0000
vn -0.0001 -1.0000 -0.0000
vn 0.7071 -0.7071 -0.0000
vn 1.0000 -0.0000 -0.0000
vn 0.9998 -0.0215 -0.0000
vn 0.9957 -0.0922 -0.0000
vn 0.9799 -0.1993 -0.0000
vn 0.9465 -0.3227 -0.0000
vn 0.8890 -0.4580 -0.0000
vn 0.8032 -0.5957 -0.0000
vn 0.6910 -0.7229 -0.0000
vn 0.5609 -0.8279 -0.0000
vn 0.4259 -0.9048 -0.0000
vn 0.2975 -0.9547 -0.0000
vn 0.1828 -0.9831 -0.0000
vn 0.0844 -0.9964 -0.0000
vn 0.0168 -0.9999 -0.0000
vn -0.0106 -0.9999 -0.0000
vn -0.0200 -0.9998 -0.0000
vn -0.0282 -0.9996 -0.0000
vn -0.0356 -0.9994 -0.0000
vn -0.0426 -0.9991 -0.0000
vn -0.0494 -0.9988 -0.0000
vn -0.0563 -0.9984 -0.0000
vn -0.0633 -0.9980 -0.0000
vn -0.0708 -0.9975 -0.0000
vn -0.0791 -0.9969 -0.0000
vn -0.0886 -0.9961 -0.0000
vn -0.7094 -0.7048 -0.0000
vn -0.6752 0.7377 -0.0000
vn 0.1670 0.9859 -0.0000
vn 0.1521 0.9884 -0.0000
vn 0.1381 0.9904 -0.0000
vn 0.1248 0.9922 -0.0000
vn 0.1118 0.9937 -0.0000
vn 0.0989 0.9951 -0.0000
vn 0.0858 0.9963 -0.0000
vn 0.0722 0.9974 -0.0000
vn 0.0576 0.9983 -0.0000
vn 0.0413 0.9991 -0.0000
vn 0.0224 0.9998 -0.0000
vn -0.0135 0.9999 -0.0000
vn -0.0847 0.9964 -0.0000
vn -0.1853 0.9827 -0.0000
vn -0.3040 0.9527 -0.0000
vn -0.4375 0.8992 -0.0000
vn -0.5763 0.8172 -0.0000
vn -0.7068 0.7074 -0.0000
vn -0.8156 0.5786 -0.0000
vn -0.8956 0.4449 -0.0000
vn -0.9478 0.3190 -0.0000
vn -0.9780 0.2086 -0.0000
vn -0.9932 0.1160 -0.0000
vn -0.9993 0.0371 -0.0000
vn -1.0000 -0.0000 -0.0000
vn 0.0014 -1.0000 -0.0000
vn 0.0056 -1.0000 -0.0000
vn 0.0114 -0.9999 -0.0000
vn 0.0172 -0.9999 -0.0000
vn 0.0232 -0.9997 -0.0000
vn 0.0292 -0.9996 -0.0000
vn 0.0354 -0.9994 -0.0000
vn 0.0416 -0.9991 -0.0000
vn 0.0480 -0.9988 -0.0000
vn 0.0543 -0.9985 -0.0000
vn 0.0608 -0.9981 -0.0000
vn 0.0673 -0.9977 -0.0000
vn -0.6817 -0.7316 -0.0000
vn -0.6692 0.7431 -0.0000
vn 0.1018 0.9948 -0.0000
vn 0.0961 0.9954 -0.0000
vn 0.0893 0.9960 -0.0000
vn 0.0815 0.9967 -0.0000
vn 0.0729 0.9973 -0.0000
vn 0.0634 0.9980 -0.0000
vn 0.0533 0.9986 -0.0000
vn 0.0429 0.9991 -0.0000
vn 0.0321 0.9995 -0.0000
vn 0.0213 0.9998 -0.0000
vn 0.0106 0.9999 -0.0000
vn 0.0026 1.0000 -0.0000
vn -0.0181 0.9998 -0.0000
vn 0.6011 0.7992 -0.0000
vn 0.6099 0.7925 -0.0000
vn 0.6168 0.7871 -0.0000
vn 0.6227 0.7825 -0.0000
vn 0.6280 0.7782 -0.0000
vn 0.6331 0.7741 -0.0000
vn 0.6381 0.7700 -0.0000
vn 0.6432 0.7657 -0.0000
vn 0.6486 0.7612 -0.0000
vn 0.6543 0.7562 -0.0000
vn 0.6607 0.7506 -0.0000
vn 0.0312 0.9995 -0.0000
vn -0.6321 0.7749 -0.0000
vn -0.6620 0.7495 -0.0000
vn -0.6888 0.7249 -0.0000
vn -0.7132 0.7010 -0.0000
vn -0.7356 0.6774 -0.0000
vn -0.7564 0.6541 -0.0000
vn -0.7761 0.6306 -0.0000
vn -0.7951 0.6065 -0.0000
vn -0.8138 0.5811 -0.0000
vn -0.8329 0.5535 -0.0000
vn -0.8529 0.5221 -0.0000
vn -0.8675 -0.4974 -0.0000
vn -0.0000 -1.0000 -0.0000
vn 0.0041 -1.0000 -0.0000
vn 0.0155 -0.9999 -0.0000
vn 0.0410 -0.9992 -0.0000
vn 0.0514 -0.9987 -0.0000
vn 0.0606 -0.9982 -0.0000
vn 0.0686 -0.9976 -0.0000
vn 0.0757 -0.9971 -0.0000
vn 0.0820 -0.9966 -0.0000
vn 0.0876 -0.9962 -0.0000
vn 0.0923 -0.9957 -0.0000
vn 0.0963 -0.9954 -0.0000
vn -0.6716 -0.7410 -0.0000
vn -0.6569 0.7540 -0.0000
vn 0.1324 0.9912 -0.0000
vn 0.1234 0.9924 -0.0000
vn 0.1143 0.9934 -0.0000
vn 0.1049 0.9945 -0.0000
vn 0.0951 0.9955 -0.0000
vn 0.0847 0.9964 -0.0000
vn 0.0735 0.9973 -0.0000
vn 0.0614 0.9981 -0.0000
vn 0.0483 0.9988 -0.0000
vn 0.0338 0.9994 -0.0000
vn 0.0177 0.9998 -0.0000
vn 0.0046 1.0000 -0.0000
vn -0.0000 1.0000 -0.0000
vn -0.0045 1.0000 -0.0000
vn -0.0182 0.9998 -0.0000
vn -0.0371 0.9993 -0.0000
vn -0.0570 0.9984 -0.0000
vn -0.1002 0.9950 -0.0000
vn -0.1243 0.9922 -0.0000
vn -0.1505 0.9886 -0.0000
vn -0.1793 0.9838 -0.0000
vn -0.2114 0.9774 -0.0000
vn -0.2477 0.9688 -0.0000
vn -0.2893 0.9572 -0.0000
vn 0.1809 0.9835 -0.0000
vn 0.9969 0.0782 -0.0000
vn 0.7456 -0.6664 -0.0000
vn 0.7514 -0.6598 -0.0000
vn 0.7575 -0.6529 -0.0000
vn 0.7637 -0.6455 -0.0000
vn 0.7703 -0.6376 -0.0000
vn 0.7773 -0.6291 -0.0000
vn 0.7848 -0.6198 -0.0000
vn 0.7927 -0.6096 -0.0000
vn 0.8013 -0.5982 -0.0000
vn 0.8107 -0.5854 -0.0000
vn 0.8210 -0.5710 -0.0000
vn 0.8354 -0.5496 -0.0000
vn 0.8372 -0.5469 -0.0000
vn 0.8226 -0.5686 -0.0000
vn 0.8075 -0.5898 -0.0000
vn 0.7917 -0.6109 -0.0000
vn 0.7749 -0.6321 -0.0000
vn 0.7569 -0.6535 -0.0000
vn 0.7374 -0.6755 -0.0000
vn 0.7161 -0.6980 -0.0000
vn 0.6927 -0.7212 -0.0000
vn 0.6669 -0.7452 -0.0000
vn 0.6383 -0.7698 -0.0000
vn 0.9983 -0.0577 -0.0000
vn 0.7109 0.7033 -0.0000
vn 0.7147 0.6994 -0.0000
vn 0.7184 0.6956 -0.0000
vn 0.7223 0.6916 -0.0000
vn 0.7264 0.6873 -0.0000
vn 0.7308 0.6826 -0.0000
vn 0.7356 0.6774 -0.0000
vn 0.7410 0.6715 -0.0000
vn 0.7473 0.6645 -0.0000
vn 0.7548 0.6560 -0.0000
vn 0.7638 0.6455 -0.0000
vn 0.9947 -0.1026 -0.0000
vn -0.1277 -0.9918 -0.0000
vn -0.7926 -0.6097 -0.0000
vn -0.7792 -0.6267 -0.0000
vn -0.7688 -0.6395 -0.0000
vn -0.7602 -0.6496 -0.0000
vn -0.7531 -0.6579 -0.0000
vn -0.7470 -0.6649 -0.0000
vn -0.7415 -0.6710 -0.0000
vn -0.7365 -0.6764 -0.0000
vn -0.7318 -0.6815 -0.0000
vn -0.7273 -0.6863 -0.0000
vn -0.7228 -0.6911 -0.0000
vn -0.7102 -0.7040 -0.0000
vn -0.6940 -0.7200 -0.0000
vn -0.6833 -0.7302 -0.0000
vn -0.6745 -0.7383 -0.0000
vn -0.6667 -0.7453 -0.0000
vn -0.6595 -0.7517 -0.0000
vn -0.6524 -0.7579 -0.0000
vn -0.6450 -0.7642 -0.0000
vn -0.6367 -0.7711 -0.0000
vn -0.6269 -0.7791 -0.0000
vn -0.6144 -0.7890 -0.0000
vn -0.5971 -0.8022 -0.0000
vn -0.9997 -0.0238 -0.0000
vn -0.6854 -0.7281 -0.0000
vn -0.5831 -0.8124 -0.0000
vn 0.6018 0.7987 -0.0000
vn 0.6216 0.7834 -0.0000
vt 0.160000 0.000000
vt 0.186667 0.000000
vt 0.173333 0.000000
vt 0.200000 0.000000
vt 0.213333 0.000000
vt 0.226667 0.000000
vt 0.146667 0.000000
vt 0.240000 0.000000
vt 0.133333 0.000000
vt 0.253333 0.000000
vt 0.120000 0.000000
vt 0.266667 0.000000
vt 0.106667 0.000000
vt 0.280000 0.000000
vt 0.093333 0.000000
vt 0.293333 0.000000
vt 0.080000 0.000000
vt 0.480000 0.000000
vt 0.506667 0.000000
vt 0.493333 0.000000
vt 0.306667 0.000000
vt 0.066667 0.000000
vt 0.320000 0.000000
vt 0.053333 0.000000
vt 0.466667 0.000000
vt 0.333333 0.000000
vt 0.040000 0.000000
vt 0.026667 0.000000
vt 0.013333 0.000000
vt 0.000000 0.000000
vt 0.453333 0.000000
vt 0.520000 0.000000
vt 0.440000 0.000000
vt 0.533333 0.000000
vt 0.426667 0.000000
vt 0.546667 0.000000
vt 0.413333 0.000000
vt 0.560000 0.000000
vt 0.400000 0.000000
vt 0.573333 0.000000
vt 0.386667 0.000000
vt 0.586667 0.000000
vt 0.373333 0.000000
vt 0.600000 0.000000
vt 0.360000 0.000000
vt 0.613333 0.000000
vt 0.346667 0.000000
vt 0.626667 0.000000
vt 1.000000 0.000000
vt 0.640000 0.000000
vt 0.986667 0.000000
vt 0.973333 0.000000
vt 0.653333 0.000000
vt 0.960000 0.000000
vt 0.946667 0.000000
vt 0.666667 0.000000
vt 0.933333 0.000000
vt 0.920000 0.000000
vt 0.680000 0.000000
vt 0.906667 0.000000
vt 0.693333 0.000000
vt 0.893333 0.000000
vt 0.706667 0.000000
vt 0.880000 0.000000
vt 0.720000 0.000000
vt 0.866667 0.000000
vt 0.853333 0.000000
vt 0.733333 0.000000
vt 0.840000 0.000000
vt 0.826667 0.000000
vt 0.746667 0.000000
vt 0.760000 0.000000
vt 0.773333 0.000000
vt 0.786667 0.000000
vt 0.800000 0.000000
vt 0.813333 0.000000
vt 0.326531 0.000000
vt 0.340136 0.000000
vt 0.571429 0.000000
vt 0.585034 0.000000
vt 0.578231 0.000000
vt 0.346939 0.000000
vt 0.564626 0.000000
vt 0.353741 0.000000
vt 0.557823 0.000000
vt 0.360544 0.000000
vt 0.551020 0.000000
vt 0.367347 0.000000
vt 0.544218 0.000000
vt 0.374150 0.000000
vt 0.537415 0.000000
vt 0.380952 0.000000
vt 0.530612 0.000000
vt 0.387755 0.000000
vt 0.523810 0.000000
vt 0.394558 0.000000
vt 0.517007 0.000000
vt 0.401361 0.000000
vt 0.510204 0.000000
vt 0.408163 0.000000
vt 0.503401 0.000000
vt 0.414966 0.000000
vt 0.496599 0.000000
vt 0.421769 0.000000
vt 0.428571 0.000000
vt 0.435374 0.000000
vt 0.442177 0.000000
vt 0.448980 0.000000
vt 0.455782 0.000000
vt 0.462585 0.000000
vt 0.469388 0.000000
vt 0.476190 0.000000
vt 0.482993 0.000000
vt 0.489796 0.000000
vt 0.319728 0.000000
vt 0.312925 0.000000
vt 0.306122 0.000000
vt 0.299320 0.000000
vt 0.292517 0.000000
vt 0.285714 0.000000
vt 0.278912 0.000000
vt 0.272109 0.000000
vt 0.265306 0.000000
vt 0.591837 0.000000
vt 0.598639 0.000000
vt 0.258503 0.000000
vt 0.605442 0.000000
vt 0.612245 0.000000
vt 0.619048 0.000000
vt 0.625850 0.000000
vt 0.251701 0.000000
vt 0.632653 0.000000
vt 0.639456 0.000000
vt 0.646259 0.000000
vt 0.653061 0.000000
vt 0.244898 0.000000
vt 0.659864 0.000000
vt 0.238095 0.000000
vt 0.231293 0.000000
vt 0.210884 0.000000
vt 0.204082 0.000000
vt 0.197279 0.000000
vt 0.190476 0.000000
vt 0.176871 0.000000
vt 0.170068 0.000000
vt 0.163265 0.000000
vt 0.673469 0.000000
vt 0.224490 0.000000
vt 0.217687 0.000000
vt 0.183673 0.000000
vt 0.156463 0.000000
vt 0.149660 0.000000
vt 0.680272 0.000000
vt 0.142857 0.000000
vt 0.687075 0.000000
vt 0.136054 0.000000
vt 0.693878 0.000000
vt 0.129252 0.000000
vt 0.700680 0.000000
vt 0.122449 0.000000
vt 0.707483 0.000000
vt 0.115646 0.000000
vt 0.006803 0.000000
vt 0.108844 0.000000
vt 0.714286 0.000000
vt 0.013605 0.000000
vt 0.020408 0.000000
vt 0.027211 0.000000
vt 0.102041 0.000000
vt 0.034014 0.000000
vt 0.721088 0.000000
vt 0.040816 0.000000
vt 0.993197 0.000000
vt 0.986395 0.000000
vt 0.047619 0.000000
vt 0.095238 0.000000
vt 0.979592 0.000000
vt 0.727891 0.000000
vt 0.054422 0.000000
vt 0.972789 0.000000
vt 0.061224 0.000000
vt 0.088435 0.000000
vt 0.965986 0.000000
vt 0.068027 0.000000
vt 0.734694 0.000000
vt 0.074830 0.000000
vt 0.959184 0.000000
vt 0.081633 0.000000
vt 0.952381 0.000000
vt 0.741497 0.000000
vt 0.945578 0.000000
vt 0.748299 0.000000
vt 0.938776 0.000000
vt 0.931973 0.000000
vt 0.755102 0.000000
vt 0.925170 0.000000
vt 0.761905 0.000000
vt 0.918367 0.000000
vt 0.768707 0.000000
vt 0.911565 0.000000
vt 0.775510 0.000000
vt 0.904762 0.000000
vt 0.782313 0.000000
vt 0.897959 0.000000
vt 0.789116 0.000000
vt 0.891156 0.000000
vt 0.795918 0.000000
vt 0.884354 0.000000
vt 0.802721 0.000000
vt 0.877551 0.000000
vt 0.809524 0.000000
vt 0.816327 0.000000
vt 0.870748 0.000000
vt 0.823129 0.000000
vt 0.863946 0.000000
vt 0.829932 0.000000
vt 0.857143 0.000000
vt 0.850340 0.000000
vt 0.843537 0.000000
vt 0.836735 0.000000
vt 0.146718 0.000000
vt 0.154440 0.000000
vt 0.150579 0.000000
vt 0.158301 0.000000
vt 0.162162 0.000000
vt 0.046332 0.000000
vt 0.054054 0.000000
vt 0.050193 0.000000
vt 0.166023 0.000000
vt 0.138996 0.000000
vt 0.057915 0.000000
vt 0.169884 0.000000
vt 0.135135 0.000000
vt 0.447876 0.000000
vt 0.455598 0.000000
vt 0.451737 0.000000
vt 0.459459 0.000000
vt 0.061776 0.000000
vt 0.042471 0.000000
vt 0.463320 0.000000
vt 0.444015 0.000000
vt 0.131274 0.000000
vt 0.173745 0.000000
vt 0.467181 0.000000
vt 0.440154 0.000000
vt 0.065637 0.000000
vt 0.038610 0.000000
vt 0.471042 0.000000
vt 0.436293 0.000000
vt 0.127413 0.000000
vt 0.177606 0.000000
vt 0.474903 0.000000
vt 0.432432 0.000000
vt 0.069498 0.000000
vt 0.034749 0.000000
vt 0.478764 0.000000
vt 0.123552 0.000000
vt 0.181467 0.000000
vt 0.424710 0.000000
vt 0.482625 0.000000
vt 0.073359 0.000000
vt 0.030888 0.000000
vt 0.420849 0.000000
vt 0.119691 0.000000
vt 0.486486 0.000000
vt 0.185328 0.000000
vt 0.077220 0.000000
vt 0.027027 0.000000
vt 0.416988 0.000000
vt 0.490348 0.000000
vt 0.115830 0.000000
vt 0.413127 0.000000
vt 0.494208 0.000000
vt 0.189189 0.000000
vt 0.081081 0.000000
vt 0.023166 0.000000
vt 0.409266 0.000000
vt 0.498069 0.000000
vt 0.111969 0.000000
vt 0.193050 0.000000
vt 0.405405 0.000000
vt 0.501930 0.000000
vt 0.084942 0.000000
vt 0.019305 0.000000
vt 0.401544 0.000000
vt 0.505791 0.000000
vt 0.108108 0.000000
vt 0.196911 0.000000
vt 0.088803 0.000000
vt 0.015444 0.000000
vt 0.104247 0.000000
vt 0.100386 0.000000
vt 0.092664 0.000000
vt 0.011583 0.000000
vt 0.096525 0.000000
vt 0.007722 0.000000
vt 0.003861 0.000000
vt 0.949807 0.000000
vt 0.957529 0.000000
vt 0.953668 0.000000
vt 0.552124 0.000000
vt 0.559846 0.000000
vt 0.555985 0.000000
vt 0.548263 0.000000
vt 0.961390 0.000000
vt 0.544402 0.000000
vt 0.965251 0.000000
vt 0.540541 0.000000
vt 0.969112 0.000000
vt 0.536680 0.000000
vt 0.972973 0.000000
vt 0.532819 0.000000
vt 0.976834 0.000000
vt 0.528958 0.000000
vt 0.980695 0.000000
vt 0.525097 0.000000
vt 0.984556 0.000000
vt 0.521236 0.000000
vt 0.988417 0.000000
vt 0.517375 0.000000
vt 0.992278 0.000000
vt 0.513514 0.000000
vt 0.996139 0.000000
vt 0.509652 0.000000
vt 0.945946 0.000000
vt 0.942085 0.000000
vt 0.938224 0.000000
vt 0.934363 0.000000
vt 0.930502 0.000000
vt 0.926641 0.000000
vt 0.922780 0.000000
vt 0.918919 0.000000
vt 0.915058 0.000000
vt 0.911197 0.000000
vt 0.907336 0.000000
vt 0.903475 0.000000
vt 0.899614 0.000000
vt 0.606178 0.000000
vt 0.602317 0.000000
vt 0.598456 0.000000
vt 0.594595 0.000000
vt 0.590734 0.000000
vt 0.586873 0.000000
vt 0.583012 0.000000
vt 0.579151 0.000000
vt 0.575290 0.000000
vt 0.567568 0.000000
vt 0.563707 0.000000
vt 0.895753 0.000000
vt 0.610039 0.000000
vt 0.613900 0.000000
vt 0.891892 0.000000
vt 0.617761 0.000000
vt 0.888031 0.000000
vt 0.621622 0.000000
vt 0.884170 0.000000
vt 0.625483 0.000000
vt 0.880309 0.000000
vt 0.629344 0.000000
vt 0.243243 0.000000
vt 0.250965 0.000000
vt 0.247104 0.000000
vt 0.347490 0.000000
vt 0.355212 0.000000
vt 0.351351 0.000000
vt 0.876448 0.000000
vt 0.359073 0.000000
vt 0.239382 0.000000
vt 0.633205 0.000000
vt 0.254826 0.000000
vt 0.343629 0.000000
vt 0.362934 0.000000
vt 0.235521 0.000000
vt 0.339768 0.000000
vt 0.258687 0.000000
vt 0.872587 0.000000
vt 0.366795 0.000000
vt 0.231660 0.000000
vt 0.335907 0.000000
vt 0.637066 0.000000
vt 0.262548 0.000000
vt 0.370656 0.000000
vt 0.227799 0.000000
vt 0.332046 0.000000
vt 0.266409 0.000000
vt 0.374517 0.000000
vt 0.868726 0.000000
vt 0.223938 0.000000
vt 0.328185 0.000000
vt 0.378378 0.000000
vt 0.640927 0.000000
vt 0.270270 0.000000
vt 0.220077 0.000000
vt 0.324324 0.000000
vt 0.382239 0.000000
vt 0.274131 0.000000
vt 0.864865 0.000000
vt 0.216216 0.000000
vt 0.320463 0.000000
vt 0.386100 0.000000
vt 0.644788 0.000000
vt 0.277992 0.000000
vt 0.212355 0.000000
vt 0.316602 0.000000
vt 0.389961 0.000000
vt 0.861004 0.000000
vt 0.281853 0.000000
vt 0.208494 0.000000
vt 0.312741 0.000000
vt 0.393822 0.000000
vt 0.204633 0.000000
vt 0.648649 0.000000
vt 0.308880 0.000000
vt 0.397683 0.000000
vt 0.200772 0.000000
vt 0.289575 0.000000
vt 0.305019 0.000000
vt 0.297297 0.000000
vt 0.301158 0.000000
vt 0.652510 0.000000
vt 0.293436 0.000000
vt 0.853282 0.000000
vt 0.656371 0.000000
vt 0.849421 0.000000
vt 0.845560 0.000000
vt 0.841699 0.000000
vt 0.660232 0.000000
vt 0.837838 0.000000
vt 0.833977 0.000000
vt 0.830116 0.000000
vt 0.826255 0.000000
vt 0.752896 0.000000
vt 0.760618 0.000000
vt 0.756757 0.000000
vt 0.764479 0.000000
vt 0.822394 0.000000
vt 0.768340 0.000000
vt 0.772201 0.000000
vt 0.818533 0.000000
vt 0.776062 0.000000
vt 0.664093 0.000000
vt 0.779923 0.000000
vt 0.814672 0.000000
vt 0.783784 0.000000
vt 0.810811 0.000000
vt 0.787645 0.000000
vt 0.791506 0.000000
vt 0.806950 0.000000
vt 0.795367 0.000000
vt 0.799228 0.000000
vt 0.803089 0.000000
vt 0.667954 0.000000
vt 0.671815 0.000000
vt 0.675676 0.000000
vt 0.679537 0.000000
vt 0.683398 0.000000
vt 0.687259 0.000000
vt 0.691120 0.000000
vt 0.694981 0.000000
vt 0.749035 0.000000
vt 0.745174 0.000000
vt 0.741313 0.000000
vt 0.698842 0.000000
vt 0.737452 0.000000
vt 0.733591 0.000000
vt 0.729730 0.000000
vt 0.702703 0.000000
vt 0.725869 0.000000
vt 0.722008 0.000000
vt 0.718147 0.000000
vt 0.706564 0.000000
vt 0.710425 0.000000
vt 0.150538 0.000000
vt 0.172043 0.000000
vt 0.161290 0.000000
vt 0.182796 0.000000
vt 0.193548 0.000000
vt 0.204301 0.000000
vt 0.215054 0.000000
vt 0.225806 0.000000
vt 0.419355 0.000000
vt 0.440860 0.000000
vt 0.430108 0.000000
vt 0.408602 0.000000
vt 0.397849 0.000000
vt 0.236559 0.000000
vt 0.387097 0.000000
vt 0.247312 0.000000
vt 0.376344 0.000000
vt 0.365591 0.000000
vt 0.258065 0.000000
vt 0.354839 0.000000
vt 0.344086 0.000000
vt 0.268817 0.000000
vt 0.322581 0.000000
vt 0.279570 0.000000
vt 0.311828 0.000000
vt 0.290323 0.000000
vt 0.301075 0.000000
vt 0.451613 0.000000
vt 0.462366 0.000000
vt 0.473118 0.000000
vt 0.483871 0.000000
vt 0.494624 0.000000
vt 0.505376 0.000000
vt 0.516129 0.000000
vt 0.139785 0.000000
vt 0.129032 0.000000
vt 0.118280 0.000000
vt 0.526882 0.000000
vt 0.107527 0.000000
vt 0.096774 0.000000
vt 0.086022 0.000000
vt 0.075269 0.000000
vt 0.537634 0.000000
vt 0.064516 0.000000
vt 0.053763 0.000000
vt 0.548387 0.000000
vt 0.043011 0.000000
vt 0.032258 0.000000
vt 0.559140 0.000000
vt 0.021505 0.000000
vt 0.010753 0.000000
vt 0.569892 0.000000
vt 0.860215 0.000000
vt 0.881720 0.000000
vt 0.870968 0.000000
vt 0.892473 0.000000
vt 0.903226 0.000000
vt 0.913979 0.000000
vt 0.924731 0.000000
vt 0.935484 0.000000
vt 0.946237 0.000000
vt 0.956989 0.000000
vt 0.967742 0.000000
vt 0.978495 0.000000
vt 0.989247 0.000000
vt 0.849462 0.000000
vt 0.838710 0.000000
vt 0.827957 0.000000
vt 0.580645 0.000000
vt 0.817204 0.000000
vt 0.806452 0.000000
vt 0.795699 0.000000
vt 0.591398 0.000000
vt 0.784946 0.000000
vt 0.774194 0.000000
vt 0.763441 0.000000
vt 0.602151 0.000000
vt 0.752688 0.000000
vt 0.741935 0.000000
vt 0.612903 0.000000
vt 0.731183 0.000000
vt 0.720430 0.000000
vt 0.623656 0.000000
vt 0.709677 0.000000
vt 0.634409 0.000000
vt 0.645161 0.000000
vt 0.655914 0.000000
vt 0.677419 0.000000
vt 0.688172 0.000000
vt 0.698925 0.000000
vt 0.000000 1.000000
vt 0.010638 1.000000
vt 0.010638 0.000000
vt 0.021277 1.000000
vt 0.021277 0.000000
vt 0.031915 1.000000
vt 0.031915 0.000000
vt 0.042553 1.000000
vt 0.042553 0.000000
vt 0.053191 1.000000
vt 0.053191 0.000000
vt 0.063830 1.000000
vt 0.063830 0.000000
vt 0.074468 1.000000
vt 0.074468 0.000000
vt 0.085106 1.000000
vt 0.085106 0.000000
vt 0.095745 1.000000
vt 0.095745 0.000000
vt 0.106383 1.000000
vt 0.106383 0.000000
vt 0.117021 1.000000
vt 0.117021 0.000000
vt 0.127660 1.000000
vt 0.127660 0.000000
vt 0.138298 1.000000
vt 0.138298 0.000000
vt 0.148936 1.000000
vt 0.148936 0.000000
vt 0.159574 1.000000
vt 0.159574 0.000000
vt 0.170213 1.000000
vt 0.170213 0.000000
vt 0.180851 1.000000
vt 0.180851 0.000000
vt 0.191489 1.000000
vt 0.191489 0.000000
vt 0.202128 1.000000
vt 0.202128 0.000000
vt 0.212766 1.000000
vt 0.212766 0.000000
vt 0.223404 1.000000
vt 0.223404 0.000000
vt 0.234043 1.000000
vt 0.234043 0.000000
vt 0.244681 1.000000
vt 0.244681 0.000000
vt 0.255319 1.000000
vt 0.255319 0.000000
vt 0.265957 1.000000
vt 0.265957 0.000000
vt 0.276596 1.000000
vt 0.276596 0.000000
vt 0.287234 1.000000
vt 0.287234 0.000000
vt 0.297872 1.000000
vt 0.297872 0.000000
vt 0.308511 1.000000
vt 0.308511 0.000000
vt 0.319149 1.000000
vt 0.319149 0.000000
vt 0.329787 1.000000
vt 0.329787 0.000000
vt 0.340426 1.000000
vt 0.340426 0.000000
vt 0.351064 1.000000
vt 0.351064 0.000000
vt 0.361702 1.000000
vt 0.361702 0.000000
vt 0.372340 1.000000
vt 0.372340 0.000000
vt 0.382979 1.000000
vt 0.382979 0.000000
vt 0.393617 1.000000
vt 0.393617 0.000000
vt 0.404255 1.000000
vt 0.404255 0.000000
vt 0.414894 1.000000
vt 0.414894 0.000000
vt 0.425532 1.000000
vt 0.425532 0.000000
vt 0.436170 1.000000
vt 0.436170 0.000000
vt 0.446809 1.000000
vt 0.446809 0.000000
vt 0.457447 1.000000
vt 0.457447 0.000000
vt 0.468085 1.000000
vt 0.468085 0.000000
vt 0.478723 1.000000
vt 0.478723 0.000000
vt 0.489362 1.000000
vt 0.489362 0.000000
vt 0.500000 1.000000
vt 0.500000 0.000000
vt 0.510638 1.000000
vt 0.510638 0.000000
vt 0.521277 1.000000
vt 0.521277 0.000000
vt 0.531915 1.000000
vt 0.531915 0.000000
vt 0.542553 1.000000
vt 0.542553 0.000000
vt 0.553191 1.000000
vt 0.553191 0.000000
vt 0.563830 1.000000
vt 0.563830 0.000000
vt 0.574468 1.000000
vt 0.574468 0.000000
vt 0.585106 1.000000
vt 0.585106 0.000000
vt 0.595745 1.000000
vt 0.595745 0.000000
vt 0.606383 1.000000
vt 0.606383 0.000000
vt 0.617021 1.000000
vt 0.617021 0.000000
vt 0.627660 1.000000
vt 0.627660 0.000000
vt 0.638298 1.000000
vt 0.638298 0.000000
vt 0.648936 1.000000
vt 0.648936 0.000000
vt 0.659574 1.000000
vt 0.659574 0.000000
vt 0.670213 1.000000
vt 0.670213 0.000000
vt 0.680851 1.000000
vt 0.680851 0.000000
vt 0.691489 1.000000
vt 0.691489 0.000000
vt 0.702128 1.000000
vt 0.702128 0.000000
vt 0.712766 1.000000
vt 0.712766 0.000000
vt 0.723404 1.000000
vt 0.723404 0.000000
vt 0.734043 1.000000
vt 0.734043 0.000000
vt 0.744681 1.000000
vt 0.744681 0.000000
vt 0.755319 1.000000
vt 0.755319 0.000000
vt 0.765957 1.000000
vt 0.765957 0.000000
vt 0.776596 1.000000
vt 0.776596 0.000000
vt 0.787234 1.000000
vt 0.787234 0.000000
vt 0.797872 1.000000
vt 0.797872 0.000000
vt 0.808511 1.000000
vt 0.808511 0.000000
vt 0.819149 1.000000
vt 0.819149 0.000000
vt 0.829787 1.000000
vt 0.829787 0.000000
vt 0.840426 1.000000
vt 0.840426 0.000000
vt 0.851064 1.000000
vt 0.851064 0.000000
vt 0.861702 1.000000
vt 0.861702 0.000000
vt 0.872340 1.000000
vt 0.872340 0.000000
vt 0.882979 1.000000
vt 0.882979 0.000000
vt 0.893617 1.000000
vt 0.893617 0.000000
vt 0.904255 1.000000
vt 0.904255 0.000000
vt 0.914894 1.000000
vt 0.914894 0.000000
vt 0.925532 1.000000
vt 0.925532 0.000000
vt 0.936170 1.000000
vt 0.936170 0.000000
vt 0.946809 1.000000
vt 0.946809 0.000000
vt 0.957447 1.000000
vt 0.957447 0.000000
vt 0.968085 1.000000
vt 0.968085 0.000000
vt 0.978723 1.000000
vt 0.978723 0.000000
vt 0.989362 1.000000
vt 0.989362 0.000000
vt 1.000000 1.000000
vt 0.038462 1.000000
vt 0.038462 0.000000
vt 0.076923 1.000000
vt 0.076923 0.000000
vt 0.115385 1.000000
vt 0.115385 0.000000
vt 0.153846 1.000000
vt 0.153846 0.000000
vt 0.192308 1.000000
vt 0.192308 0.000000
vt 0.230769 1.000000
vt 0.230769 0.000000
vt 0.269231 1.000000
vt 0.269231 0.000000
vt 0.307692 1.000000
vt 0.307692 0.000000
vt 0.346154 1.000000
vt 0.346154 0.000000
vt 0.384615 1.000000
vt 0.384615 0.000000
vt 0.423077 1.000000
vt 0.423077 0.000000
vt 0.461538 1.000000
vt 0.461538 0.000000
vt 0.538462 1.000000
vt 0.538462 0.000000
vt 0.576923 1.000000
vt 0.576923 0.000000
vt 0.615385 1.000000
vt 0.615385 0.000000
vt 0.653846 1.000000
vt 0.653846 0.000000
vt 0.692308 1.000000
vt 0.692308 0.000000
vt 0.730769 1.000000
vt 0.730769 0.000000
vt 0.769231 1.000000
vt 0.769231 0.000000
vt 0.807692 1.000000
vt 0.807692 0.000000
vt 0.846154 1.000000
vt 0.846154 0.000000
vt 0.884615 1.000000
vt 0.884615 0.000000
vt 0.923077 1.000000
vt 0.923077 0.000000
vt 0.961538 1.000000
vt 0.961538 0.000000
vt 0.020000 1.000000
vt 0.020000 0.000000
vt 0.040000 1.000000
vt 0.060000 1.000000
vt 0.060000 0.000000
vt 0.080000 1.000000
vt 0.100000 1.000000
vt 0.100000 0.000000
vt 0.120000 1.000000
vt 0.140000 1.000000
vt 0.140000 0.000000
vt 0.160000 1.000000
vt 0.180000 1.000000
vt 0.180000 0.000000
vt 0.200000 1.000000
vt 0.220000 1.000000
vt 0.220000 0.000000
vt 0.240000 1.000000
vt 0.260000 1.000000
vt 0.260000 0.000000
vt 0.280000 1.000000
vt 0.300000 1.000000
vt 0.300000 0.000000
vt 0.320000 1.000000
vt 0.340000 1.000000
vt 0.340000 0.000000
vt 0.360000 1.000000
vt 0.380000 1.000000
vt 0.380000 0.000000
vt 0.400000 1.000000
vt 0.420000 1.000000
vt 0.420000 0.000000
vt 0.440000 1.000000
vt 0.460000 1.000000
vt 0.460000 0.000000
vt 0.480000 1.000000
vt 0.520000 1.000000
vt 0.540000 1.000000
vt 0.540000 0.000000
vt 0.560000 1.000000
vt 0.580000 1.000000
vt 0.580000 0.000000
vt 0.600000 1.000000
vt 0.620000 1.000000
vt 0.620000 0.000000
vt 0.640000 1.000000
vt 0.660000 1.000000
vt 0.660000 0.000000
vt 0.680000 1.000000
vt 0.700000 1.000000
vt 0.700000 0.000000
vt 0.720000 1.000000
vt 0.740000 1.000000
vt 0.740000 0.000000
vt 0.760000 1.000000
vt 0.780000 1.000000
vt 0.780000 0.000000
vt 0.800000 1.000000
vt 0.820000 1.000000
vt 0.820000 0.000000
vt 0.840000 1.000000
vt 0.860000 1.000000
vt 0.860000 0.000000
vt 0.880000 1.000000
vt 0.900000 1.000000
vt 0.900000 0.000000
vt 0.920000 1.000000
vt 0.940000 1.000000
vt 0.940000 0.000000
vt 0.960000 1.000000
vt 0.980000 1.000000
vt 0.980000 0.000000
vt 0.006410 1.000000
vt 0.006410 0.000000
vt 0.012821 1.000000
vt 0.012821 0.000000
vt 0.019231 1.000000
vt 0.019231 0.000000
vt 0.025641 1.000000
vt 0.025641 0.000000
vt 0.032051 1.000000
vt 0.032051 0.000000
vt 0.044872 1.000000
vt 0.044872 0.000000
vt 0.051282 1.000000
vt 0.051282 0.000000
vt 0.057692 1.000000
vt 0.057692 0.000000
vt 0.064103 1.000000
vt 0.064103 0.000000
vt 0.070513 1.000000
vt 0.070513 0.000000
vt 0.083333 1.000000
vt 0.083333 0.000000
vt 0.089744 1.000000
vt 0.089744 0.000000
vt 0.096154 1.000000
vt 0.096154 0.000000
vt 0.102564 1.000000
vt 0.102564 0.000000
vt 0.108974 1.000000
vt 0.108974 0.000000
vt 0.121795 1.000000
vt 0.121795 0.000000
vt 0.128205 1.000000
vt 0.128205 0.000000
vt 0.134615 1.000000
vt 0.134615 0.000000
vt 0.141026 1.000000
vt 0.141026 0.000000
vt 0.147436 1.000000
vt 0.147436 0.000000
vt 0.160256 1.000000
vt 0.160256 0.000000
vt 0.166667 1.000000
vt 0.166667 0.000000
vt 0.173077 1.000000
vt 0.173077 0.000000
vt 0.179487 1.000000
vt 0.179487 0.000000
vt 0.185897 1.000000
vt 0.185897 0.000000
vt 0.198718 1.000000
vt 0.198718 0.000000
vt 0.205128 1.000000
vt 0.205128 0.000000
vt 0.211538 1.000000
vt 0.211538 0.000000
vt 0.217949 1.000000
vt 0.217949 0.000000
vt 0.224359 1.000000
vt 0.224359 0.000000
vt 0.237179 1.000000
vt 0.237179 0.000000
vt 0.243590 1.000000
vt 0.243590 0.000000
vt 0.250000 1.000000
vt 0.250000 0.000000
vt 0.256410 1.000000
vt 0.256410 0.000000
vt 0.262821 1.000000
vt 0.262821 0.000000
vt 0.275641 1.000000
vt 0.275641 0.000000
vt 0.282051 1.000000
vt 0.282051 0.000000
vt 0.288462 1.000000
vt 0.288462 0.000000
vt 0.294872 1.000000
vt 0.294872 0.000000
vt 0.301282 1.000000
vt 0.301282 0.000000
vt 0.314103 1.000000
vt 0.314103 0.000000
vt 0.320513 1.000000
vt 0.320513 0.000000
vt 0.326923 1.000000
vt 0.326923 0.000000
vt 0.333333 1.000000
vt 0.339744 1.000000
vt 0.339744 0.000000
vt 0.352564 1.000000
vt 0.352564 0.000000
vt 0.358974 1.000000
vt 0.358974 0.000000
vt 0.365385 1.000000
vt 0.365385 0.000000
vt 0.371795 1.000000
vt 0.371795 0.000000
vt 0.378205 1.000000
vt 0.378205 0.000000
vt 0.391026 1.000000
vt 0.391026 0.000000
vt 0.397436 1.000000
vt 0.397436 0.000000
vt 0.403846 1.000000
vt 0.403846 0.000000
vt 0.410256 1.000000
vt 0.410256 0.000000
vt 0.416667 1.000000
vt 0.416667 0.000000
vt 0.429487 1.000000
vt 0.429487 0.000000
vt 0.435897 1.000000
vt 0.435897 0.000000
vt 0.442308 1.000000
vt 0.442308 0.000000
vt 0.448718 1.000000
vt 0.448718 0.000000
vt 0.455128 1.000000
vt 0.455128 0.000000
vt 0.467949 1.000000
vt 0.467949 0.000000
vt 0.474359 1.000000
vt 0.474359 0.000000
vt 0.480769 1.000000
vt 0.480769 0.000000
vt 0.487179 1.000000
vt 0.487179 0.000000
vt 0.493590 1.000000
vt 0.493590 0.000000
vt 0.506410 1.000000
vt 0.506410 0.000000
vt 0.512821 1.000000
vt 0.512821 0.000000
vt 0.519231 1.000000
vt 0.519231 0.000000
vt 0.525641 1.000000
vt 0.525641 0.000000
vt 0.532051 1.000000
vt 0.532051 0.000000
vt 0.544872 1.000000
vt 0.544872 0.000000
vt 0.551282 1.000000
vt 0.551282 0.000000
vt 0.557692 1.000000
vt 0.557692 0.000000
vt 0.564103 1.000000
vt 0.564103 0.000000
vt 0.570513 1.000000
vt 0.570513 0.000000
vt 0.583333 1.000000
vt 0.583333 0.000000
vt 0.589744 1.000000
vt 0.589744 0.000000
vt 0.596154 1.000000
vt 0.596154 0.000000
vt 0.602564 1.000000
vt 0.602564 0.000000
vt 0.608974 1.000000
vt 0.608974 0.000000
vt 0.621795 1.000000
vt 0.621795 0.000000
vt 0.628205 1.000000
vt 0.628205 0.000000
vt 0.634615 1.000000
vt 0.634615 0.000000
vt 0.641026 1.000000
vt 0.641026 0.000000
vt 0.647436 1.000000
vt 0.647436 0.000000
vt 0.660256 1.000000
vt 0.660256 0.000000
vt 0.666667 1.000000
vt 0.673077 1.000000
vt 0.673077 0.000000
vt 0.679487 1.000000
vt 0.679487 0.000000
vt 0.685897 1.000000
vt 0.685897 0.000000
vt 0.698718 1.000000
vt 0.698718 0.000000
vt 0.705128 1.000000
vt 0.705128 0.000000
vt 0.711538 1.000000
vt 0.711538 0.000000
vt 0.717949 1.000000
vt 0.717949 0.000000
vt 0.724359 1.000000
vt 0.724359 0.000000
vt 0.737179 1.000000
vt 0.737179 0.000000
vt 0.743590 1.000000
vt 0.743590 0.000000
vt 0.750000 1.000000
vt 0.750000 0.000000
vt 0.756410 1.000000
vt 0.756410 0.000000
vt 0.762821 1.000000
vt 0.762821 0.000000
vt 0.775641 1.000000
vt 0.775641 0.000000
vt 0.782051 1.000000
vt 0.782051 0.000000
vt 0.788462 1.000000
vt 0.788462 0.000000
vt 0.794872 1.000000
vt 0.794872 0.000000
vt 0.801282 1.000000
vt 0.801282 0.000000
vt 0.814103 1.000000
vt 0.814103 0.000000
vt 0.820513 1.000000
vt 0.820513 0.000000
vt 0.826923 1.000000
vt 0.826923 0.000000
vt 0.833333 1.000000
vt 0.833333 0.000000
vt 0.839744 1.000000
vt 0.839744 0.000000
vt 0.852564 1.000000
vt 0.852564 0.000000
vt 0.858974 1.000000
vt 0.858974 0.000000
vt 0.865385 1.000000
vt 0.865385 0.000000
vt 0.871795 1.000000
vt 0.871795 0.000000
vt 0.878205 1.000000
vt 0.878205 0.000000
vt 0.891026 1.000000
vt 0.891026 0.000000
vt 0.897436 1.000000
vt 0.897436 0.000000
vt 0.903846 1.000000
vt 0.903846 0.000000
vt 0.910256 1.000000
vt 0.910256 0.000000
vt 0.916667 1.000000
vt 0.916667 0.000000
vt 0.929487 1.000000
vt 0.929487 0.000000
vt 0.935897 1.000000
vt 0.935897 0.000000
vt 0.942308 1.000000
vt 0.942308 0.000000
vt 0.948718 1.000000
vt 0.948718 0.000000
vt 0.955128 1.000000
vt 0.955128 0.000000
vt 0.967949 1.000000
vt 0.967949 0.000000
vt 0.974359 1.000000
vt 0.974359 0.000000
vt 0.980769 1.000000
vt 0.980769 0.000000
vt 0.987179 1.000000
vt 0.987179 0.000000
vt 0.993590 1.000000
vt 0.993590 0.000000
vt 0.006757 1.000000
vt 0.006757 0.000000
vt 0.013514 1.000000
vt 0.013514 0.000000
vt 0.020270 1.000000
vt 0.020270 0.000000
vt 0.027027 1.000000
vt 0.033784 1.000000
vt 0.033784 0.000000
vt 0.040541 1.000000
vt 0.040541 0.000000
vt 0.047297 1.000000
vt 0.047297 0.000000
vt 0.054054 1.000000
vt 0.060811 1.000000
vt 0.060811 0.000000
vt 0.067568 1.000000
vt 0.067568 0.000000
vt 0.074324 1.000000
vt 0.074324 0.000000
vt 0.081081 1.000000
vt 0.087838 1.000000
vt 0.087838 0.000000
vt 0.094595 1.000000
vt 0.094595 0.000000
vt 0.101351 1.000000
vt 0.101351 0.000000
vt 0.108108 1.000000
vt 0.114865 1.000000
vt 0.114865 0.000000
vt 0.121622 1.000000
vt 0.121622 0.000000
vt 0.128378 1.000000
vt 0.128378 0.000000
vt 0.135135 1.000000
vt 0.141892 1.000000
vt 0.141892 0.000000
vt 0.148649 1.000000
vt 0.148649 0.000000
vt 0.155405 1.000000
vt 0.155405 0.000000
vt 0.162162 1.000000
vt 0.168919 1.000000
vt 0.168919 0.000000
vt 0.175676 1.000000
vt 0.175676 0.000000
vt 0.182432 1.000000
vt 0.182432 0.000000
vt 0.189189 1.000000
vt 0.195946 1.000000
vt 0.195946 0.000000
vt 0.202703 1.000000
vt 0.202703 0.000000
vt 0.209459 1.000000
vt 0.209459 0.000000
vt 0.216216 1.000000
vt 0.222973 1.000000
vt 0.222973 0.000000
vt 0.229730 1.000000
vt 0.229730 0.000000
vt 0.236486 1.000000
vt 0.236486 0.000000
vt 0.243243 1.000000
vt 0.256757 1.000000
vt 0.256757 0.000000
vt 0.263514 1.000000
vt 0.263514 0.000000
vt 0.270270 1.000000
vt 0.277027 1.000000
vt 0.277027 0.000000
vt 0.283784 1.000000
vt 0.283784 0.000000
vt 0.290541 1.000000
vt 0.290541 0.000000
vt 0.297297 1.000000
vt 0.304054 1.000000
vt 0.304054 0.000000
vt 0.310811 1.000000
vt 0.310811 0.000000
vt 0.317568 1.000000
vt 0.317568 0.000000
vt 0.324324 1.000000
vt 0.331081 1.000000
vt 0.331081 0.000000
vt 0.337838 1.000000
vt 0.337838 0.000000
vt 0.344595 1.000000
vt 0.344595 0.000000
vt 0.351351 1.000000
vt 0.358108 1.000000
vt 0.358108 0.000000
vt 0.364865 1.000000
vt 0.364865 0.000000
vt 0.371622 1.000000
vt 0.371622 0.000000
vt 0.378378 1.000000
vt 0.385135 1.000000
vt 0.385135 0.000000
vt 0.391892 1.000000
vt 0.391892 0.000000
vt 0.398649 1.000000
vt 0.398649 0.000000
vt 0.405405 1.000000
vt 0.412162 1.000000
vt 0.412162 0.000000
vt 0.418919 1.000000
vt 0.418919 0.000000
vt 0.425676 1.000000
vt 0.425676 0.000000
vt 0.432432 1.000000
vt 0.439189 1.000000
vt 0.439189 0.000000
vt 0.445946 1.000000
vt 0.445946 0.000000
vt 0.452703 1.000000
vt 0.452703 0.000000
vt 0.459459 1.000000
vt 0.466216 1.000000
vt 0.466216 0.000000
vt 0.472973 1.000000
vt 0.472973 0.000000
vt 0.479730 1.000000
vt 0.479730 0.000000
vt 0.486486 1.000000
vt 0.493243 1.000000
vt 0.493243 0.000000
vt 0.506757 1.000000
vt 0.506757 0.000000
vt 0.513514 1.000000
vt 0.520270 1.000000
vt 0.520270 0.000000
vt 0.527027 1.000000
vt 0.527027 0.000000
vt 0.533784 1.000000
vt 0.533784 0.000000
vt 0.540541 1.000000
vt 0.547297 1.000000
vt 0.547297 0.000000
vt 0.554054 1.000000
vt 0.554054 0.000000
vt 0.560811 1.000000
vt 0.560811 0.000000
vt 0.567568 1.000000
vt 0.574324 1.000000
vt 0.574324 0.000000
vt 0.581081 1.000000
vt 0.581081 0.000000
vt 0.587838 1.000000
vt 0.587838 0.000000
vt 0.594595 1.000000
vt 0.601351 1.000000
vt 0.601351 0.000000
vt 0.608108 1.000000
vt 0.608108 0.000000
vt 0.614865 1.000000
vt 0.614865 0.000000
vt 0.621622 1.000000
vt 0.628378 1.000000
vt 0.628378 0.000000
vt 0.635135 1.000000
vt 0.635135 0.000000
vt 0.641892 1.000000
vt 0.641892 0.000000
vt 0.648649 1.000000
vt 0.655405 1.000000
vt 0.655405 0.000000
vt 0.662162 1.000000
vt 0.662162 0.000000
vt 0.668919 1.000000
vt 0.668919 0.000000
vt 0.675676 1.000000
vt 0.682432 1.000000
vt 0.682432 0.000000
vt 0.689189 1.000000
vt 0.689189 0.000000
vt 0.695946 1.000000
vt 0.695946 0.000000
vt 0.702703 1.000000
vt 0.709459 1.000000
vt 0.709459 0.000000
vt 0.716216 1.000000
vt 0.716216 0.000000
vt 0.722973 1.000000
vt 0.722973 0.000000
vt 0.729730 1.000000
vt 0.736486 1.000000
vt 0.736486 0.000000
vt 0.743243 1.000000
vt 0.743243 0.000000
vt 0.756757 1.000000
vt 0.763514 1.000000
vt 0.763514 0.000000
vt 0.770270 1.000000
vt 0.770270 0.000000
vt 0.777027 1.000000
vt 0.777027 0.000000
vt 0.783784 1.000000
vt 0.790541 1.000000
vt 0.790541 0.000000
vt 0.797297 1.000000
vt 0.797297 0.000000
vt 0.804054 1.000000
vt 0.804054 0.000000
vt 0.810811 1.000000
vt 0.817568 1.000000
vt 0.817568 0.000000
vt 0.824324 1.000000
vt 0.824324 0.000000
vt 0.831081 1.000000
vt 0.831081 0.000000
vt 0.837838 1.000000
vt 0.844595 1.000000
vt 0.844595 0.000000
vt 0.851351 1.000000
vt 0.851351 0.000000
vt 0.858108 1.000000
vt 0.858108 0.000000
vt 0.864865 1.000000
vt 0.871622 1.000000
vt 0.871622 0.000000
vt 0.878378 1.000000
vt 0.878378 0.000000
vt 0.885135 1.000000
vt 0.885135 0.000000
vt 0.891892 1.000000
vt 0.898649 1.000000
vt 0.898649 0.000000
vt 0.905405 1.000000
vt 0.905405 0.000000
vt 0.912162 1.000000
vt 0.912162 0.000000
vt 0.918919 1.000000
vt 0.925676 1.000000
vt 0.925676 0.000000
vt 0.932432 1.000000
vt 0.932432 0.000000
vt 0.939189 1.000000
vt 0.939189 0.000000
vt 0.945946 1.000000
vt 0.952703 1.000000
vt 0.952703 0.000000
vt 0.959459 1.000000
vt 0.959459 0.000000
vt 0.966216 1.000000
vt 0.966216 0.000000
vt 0.972973 1.000000
vt 0.979730 1.000000
vt 0.979730 0.000000
vt 0.986486 1.000000
vt 0.986486 0.000000
vt 0.993243 1.000000
vt 0.993243 0.000000
s 0
f 13/1/1 15/2/1 14/3/1
f 13/1/1 16/4/1 15/2/1
f 13/1/1 17/5/1 16/4/1
f 13/1/1 18/6/1 17/5/1
f 12/7/1 18/6/1 13/1/1
f 12/7/1 19/8/1 18/6/1
f 11/9/1 19/8/1 12/7/1
f 11/9/1 20/10/1 19/8/1
f 10/11/1 20/10/1 11/9/1
f 10/11/1 21/12/1 20/10/1
f 9/13/1 21/12/1 10/11/1
f 9/13/1 22/14/1 21/12/1
f 8/15/1 22/14/1 9/13/1
f 8/15/1 23/16/1 22/14/1
f 7/17/1 23/16/1 8/15/1
f 37/18/1 39/19/1 38/20/1
f 7/17/1 24/21/1 23/16/1
f 6/22/1 24/21/1 7/17/1
f 6/22/1 25/23/1 24/21/1
f 5/24/1 25/23/1 6/22/1
f 36/25/1 39/19/1 37/18/1
f 5/24/1 26/26/1 25/23/1
f 4/27/1 26/26/1 5/24/1
f 4/27/1 3/28/1 26/26/1
f 3/28/1 2/29/1 26/26/1
f 2/29/1 1/30/1 26/26/1
f 35/31/1 39/19/1 36/25/1
f 35/31/1 40/32/1 39/19/1
f 34/33/1 40/32/1 35/31/1
f 34/33/1 41/34/1 40/32/1
f 33/35/1 41/34/1 34/33/1
f 33/35/1 42/36/1 41/34/1
f 32/37/1 42/36/1 33/35/1
f 32/37/1 43/38/1 42/36/1
f 31/39/1 43/38/1 32/37/1
f 31/39/1 44/40/1 43/38/1
f 30/41/1 44/40/1 31/39/1
f 30/41/1 45/42/1 44/40/1
f 29/43/1 45/42/1 30/41/1
f 29/43/1 46/44/1 45/42/1
f 28/45/1 46/44/1 29/43/1
f 28/45/1 47/46/1 46/44/1
f 27/47/1 47/46/1 28/45/1
f 27/47/1 48/48/1 47/46/1
f 76/49/1 48/48/1 27/47/1
f 76/49/1 49/50/1 48/48/1
f 75/51/1 49/50/1 76/49/1
f 74/52/1 49/50/1 75/51/1
f 74/52/1 50/53/1 49/50/1
f 73/54/1 50/53/1 74/52/1
f 72/55/1 50/53/1 73/54/1
f 72/55/1 51/56/1 50/53/1
f 71/57/1 51/56/1 72/55/1
f 70/58/1 51/56/1 71/57/1
f 70/58/1 52/59/1 51/56/1
f 69/60/1 52/59/1 70/58/1
f 69/60/1 53/61/1 52/59/1
f 68/62/1 53/61/1 69/60/1
f 68/62/1 54/63/1 53/61/1
f 67/64/1 54/63/1 68/62/1
f 67/64/1 55/65/1 54/63/1
f 66/66/1 55/65/1 67/64/1
f 65/67/1 55/65/1 66/66/1
f 65/67/1 56/68/1 55/65/1
f 64/69/1 56/68/1 65/67/1
f 63/70/1 56/68/1 64/69/1
f 63/70/1 57/71/1 56/68/1
f 63/70/1 58/72/1 57/71/1
f 63/70/1 59/73/1 58/72/1
f 63/70/1 60/74/1 59/73/1
f 63/70/1 61/75/1 60/74/1
f 63/70/1 62/76/1 61/75/1
f 125/77/1 127/78/1 126/26/1
f 161/79/1 163/80/1 162/81/1
f 125/77/1 128/82/1 127/78/1
f 160/83/1 163/80/1 161/79/1
f 125/77/1 129/84/1 128/82/1
f 159/85/1 163/80/1 160/83/1
f 125/77/1 130/86/1 129/84/1
f 158/87/1 163/80/1 159/85/1
f 125/77/1 131/88/1 130/86/1
f 157/89/1 163/80/1 158/87/1
f 125/77/1 132/90/1 131/88/1
f 156/91/1 163/80/1 157/89/1
f 125/77/1 133/92/1 132/90/1
f 155/93/1 163/80/1 156/91/1
f 125/77/1 134/94/1 133/92/1
f 154/95/1 163/80/1 155/93/1
f 125/77/1 135/96/1 134/94/1
f 153/97/1 163/80/1 154/95/1
f 125/77/1 136/98/1 135/96/1
f 152/99/1 163/80/1 153/97/1
f 125/77/1 137/100/1 136/98/1
f 151/101/1 163/80/1 152/99/1
f 125/77/1 138/102/1 137/100/1
f 150/103/1 163/80/1 151/101/1
f 125/77/1 139/104/1 138/102/1
f 125/77/1 140/105/1 139/104/1
f 125/77/1 141/106/1 140/105/1
f 125/77/1 142/107/1 141/106/1
f 125/77/1 143/108/1 142/107/1
f 125/77/1 144/109/1 143/108/1
f 125/77/1 145/110/1 144/109/1
f 125/77/1 146/111/1 145/110/1
f 125/77/1 147/112/1 146/111/1
f 125/77/1 148/113/1 147/112/1
f 125/77/1 149/114/1 148/113/1
f 125/77/1 150/103/1 149/114/1
f 125/77/1 124/115/1 150/103/1
f 124/115/1 123/116/1 150/103/1
f 123/116/1 122/117/1 150/103/1
f 122/117/1 121/118/1 150/103/1
f 121/118/1 120/119/1 150/103/1
f 120/119/1 119/120/1 150/103/1
f 119/120/1 118/121/1 150/103/1
f 118/121/1 117/122/1 150/103/1
f 117/122/1 116/123/1 150/103/1
f 116/123/1 163/80/1 150/103/1
f 116/123/1 164/124/1 163/80/1
f 116/123/1 165/125/1 164/124/1
f 116/123/1 115/126/1 165/125/1
f 115/126/1 166/127/1 165/125/1
f 115/126/1 167/128/1 166/127/1
f 115/126/1 168/129/1 167/128/1
f 115/126/1 169/130/1 168/129/1
f 115/126/1 114/131/1 169/130/1
f 114/131/1 170/132/1 169/130/1
f 114/131/1 171/133/1 170/132/1
f 114/131/1 172/134/1 171/133/1
f 114/131/1 173/135/1 172/134/1
f 114/131/1 113/136/1 173/135/1
f 113/136/1 174/137/1 173/135/1
f 113/136/1 175/56/1 174/137/1
f 113/136/1 112/138/1 175/56/1
f 112/138/1 111/139/1 175/56/1
f 111/139/1 108/140/1 175/56/1
f 108/140/1 107/141/1 175/56/1
f 107/141/1 106/142/1 175/56/1
f 106/142/1 105/143/1 175/56/1
f 105/143/1 103/144/1 175/56/1
f 103/144/1 102/145/1 175/56/1
f 102/145/1 101/146/1 175/56/1
f 101/146/1 176/147/1 175/56/1
f 110/148/1 108/140/1 111/139/1
f 109/149/2 108/140/2 110/148/2
f 104/150/1 103/144/1 105/143/1
f 100/151/1 176/147/1 101/146/1
f 99/152/1 176/147/1 100/151/1
f 99/152/1 177/153/1 176/147/1
f 98/154/1 177/153/1 99/152/1
f 98/154/1 178/155/1 177/153/1
f 97/156/1 178/155/1 98/154/1
f 97/156/1 179/157/1 178/155/1
f 96/158/1 179/157/1 97/156/1
f 96/158/1 180/159/1 179/157/1
f 95/160/1 180/159/1 96/158/1
f 95/160/1 181/161/1 180/159/1
f 94/162/1 181/161/1 95/160/1
f 224/49/1 78/163/1 77/30/1
f 93/164/1 181/161/1 94/162/1
f 93/164/1 182/165/1 181/161/1
f 224/49/1 79/166/1 78/163/1
f 224/49/1 80/167/1 79/166/1
f 224/49/1 81/168/1 80/167/1
f 92/169/1 182/165/1 93/164/1
f 224/49/1 82/170/1 81/168/1
f 92/169/1 183/171/1 182/165/1
f 224/49/1 83/172/1 82/170/1
f 223/173/1 83/172/1 224/49/1
f 222/174/1 83/172/1 223/173/1
f 222/174/1 84/175/1 83/172/1
f 91/176/1 183/171/1 92/169/1
f 221/177/1 84/175/1 222/174/1
f 91/176/1 184/178/1 183/171/1
f 221/177/1 85/179/1 84/175/1
f 220/180/1 85/179/1 221/177/1
f 220/180/1 86/181/1 85/179/1
f 90/182/1 184/178/1 91/176/1
f 219/183/1 86/181/1 220/180/1
f 219/183/1 87/184/1 86/181/1
f 90/182/1 185/185/1 184/178/1
f 219/183/1 88/186/1 87/184/1
f 218/187/1 88/186/1 219/183/1
f 89/188/1 185/185/1 90/182/1
f 218/187/1 89/188/1 88/186/1
f 217/189/1 89/188/1 218/187/1
f 89/188/1 186/190/1 185/185/1
f 217/189/1 186/190/1 89/188/1
f 216/191/1 186/190/1 217/189/1
f 216/191/1 187/192/1 186/190/1
f 215/193/1 187/192/1 216/191/1
f 214/194/1 187/192/1 215/193/1
f 214/194/1 188/195/1 187/192/1
f 213/196/1 188/195/1 214/194/1
f 213/196/1 189/197/1 188/195/1
f 212/198/1 189/197/1 213/196/1
f 212/198/1 190/199/1 189/197/1
f 211/200/1 190/199/1 212/198/1
f 211/200/1 191/201/1 190/199/1
f 210/202/1 191/201/1 211/200/1
f 210/202/1 192/203/1 191/201/1
f 209/204/1 192/203/1 210/202/1
f 209/204/1 193/205/1 192/203/1
f 208/206/1 193/205/1 209/204/1
f 208/206/1 194/207/1 193/205/1
f 207/208/1 194/207/1 208/206/1
f 207/208/1 195/209/1 194/207/1
f 206/210/1 195/209/1 207/208/1
f 206/210/1 196/211/1 195/209/1
f 206/210/1 197/212/1 196/211/1
f 205/213/1 197/212/1 206/210/1
f 205/213/1 198/214/1 197/212/1
f 204/215/1 198/214/1 205/213/1
f 204/215/1 199/216/1 198/214/1
f 203/217/1 199/216/1 204/215/1
f 203/217/1 202/218/1 199/216/1
f 202/218/1 201/219/1 199/216/1
f 201/219/1 200/220/1 199/216/1
f 263/221/1 265/222/1 264/223/1
f 263/221/1 266/224/1 265/222/1
f 263/221/1 267/225/1 266/224/1
f 262/154/1 267/225/1 263/221/1
f 237/226/1 239/227/1 238/228/1
f 262/154/1 268/229/1 267/225/1
f 261/230/1 268/229/1 262/154/1
f 237/226/1 240/231/1 239/227/1
f 261/230/1 269/232/1 268/229/1
f 260/233/1 269/232/1 261/230/1
f 341/234/1 343/235/1 342/236/1
f 341/234/1 344/237/1 343/235/1
f 237/226/1 241/238/1 240/231/1
f 236/239/1 241/238/1 237/226/1
f 341/234/1 345/240/1 344/237/1
f 340/241/1 345/240/1 341/234/1
f 259/242/1 269/232/1 260/233/1
f 259/242/1 270/243/1 269/232/1
f 340/241/1 346/244/1 345/240/1
f 339/245/1 346/244/1 340/241/1
f 236/239/1 242/246/1 241/238/1
f 235/247/1 242/246/1 236/239/1
f 339/245/1 347/248/1 346/244/1
f 338/249/1 347/248/1 339/245/1
f 258/250/1 270/243/1 259/242/1
f 258/250/1 271/251/1 270/243/1
f 338/249/1 348/252/1 347/248/1
f 337/253/1 348/252/1 338/249/1
f 235/247/1 243/254/1 242/246/1
f 234/255/1 243/254/1 235/247/1
f 337/253/1 349/256/1 348/252/1
f 336/105/1 349/256/1 337/253/1
f 257/257/1 271/251/1 258/250/1
f 257/257/1 272/258/1 271/251/1
f 335/259/1 349/256/1 336/105/1
f 335/259/1 350/260/1 349/256/1
f 234/255/1 244/261/1 243/254/1
f 233/262/1 244/261/1 234/255/1
f 334/263/1 350/260/1 335/259/1
f 256/264/1 272/258/1 257/257/1
f 334/263/1 351/265/1 350/260/1
f 256/264/1 273/266/1 272/258/1
f 233/262/1 245/267/1 244/261/1
f 232/268/1 245/267/1 233/262/1
f 333/269/1 351/265/1 334/263/1
f 333/269/1 352/270/1 351/265/1
f 255/271/1 273/266/1 256/264/1
f 332/272/1 352/270/1 333/269/1
f 332/272/1 353/273/1 352/270/1
f 255/271/1 274/274/1 273/266/1
f 232/268/1 246/275/1 245/267/1
f 231/276/1 246/275/1 232/268/1
f 331/277/1 353/273/1 332/272/1
f 331/277/1 354/278/1 353/273/1
f 254/279/1 274/274/1 255/271/1
f 254/279/1 275/280/1 274/274/1
f 330/281/1 354/278/1 331/277/1
f 330/281/1 355/282/1 354/278/1
f 231/276/1 247/283/1 246/275/1
f 230/284/1 247/283/1 231/276/1
f 329/285/1 355/282/1 330/281/1
f 329/285/1 356/286/1 355/282/1
f 253/287/1 275/280/1 254/279/1
f 253/287/1 276/288/1 275/280/1
f 230/284/1 248/289/1 247/283/1
f 229/290/1 248/289/1 230/284/1
f 253/287/1 252/291/1 276/288/1
f 252/291/1 251/292/1 276/288/1
f 229/290/1 249/293/1 248/289/1
f 228/294/1 249/293/1 229/290/1
f 228/294/1 250/295/1 249/293/1
f 227/296/1 250/295/1 228/294/1
f 227/296/1 226/297/1 250/295/1
f 226/297/1 225/30/1 250/295/1
f 471/298/1 473/299/1 472/300/1
f 368/301/1 370/302/1 369/303/1
f 367/304/1 370/302/1 368/301/1
f 471/298/1 474/305/1 473/299/1
f 366/306/1 370/302/1 367/304/1
f 471/298/1 475/307/1 474/305/1
f 365/308/1 370/302/1 366/306/1
f 471/298/1 476/309/1 475/307/1
f 364/310/1 370/302/1 365/308/1
f 471/298/1 477/311/1 476/309/1
f 363/312/1 370/302/1 364/310/1
f 471/298/1 478/313/1 477/311/1
f 362/314/1 370/302/1 363/312/1
f 471/298/1 479/315/1 478/313/1
f 361/316/1 370/302/1 362/314/1
f 471/298/1 480/317/1 479/315/1
f 360/318/1 370/302/1 361/316/1
f 471/298/1 481/319/1 480/317/1
f 359/320/1 370/302/1 360/318/1
f 471/298/1 482/321/1 481/319/1
f 358/322/1 370/302/1 359/320/1
f 471/298/1 483/323/1 482/321/1
f 357/324/1 370/302/1 358/322/1
f 471/298/1 484/49/1 483/323/1
f 471/298/1 329/285/1 484/49/1
f 471/298/1 356/286/1 329/285/1
f 471/298/1 357/324/1 356/286/1
f 471/298/1 470/325/1 357/324/1
f 470/325/1 469/326/1 357/324/1
f 469/326/1 468/327/1 357/324/1
f 468/327/1 467/328/1 357/324/1
f 467/328/1 466/329/1 357/324/1
f 466/329/1 465/330/1 357/324/1
f 465/330/1 464/331/1 357/324/1
f 464/331/1 463/332/1 357/324/1
f 463/332/1 462/333/1 357/324/1
f 462/333/1 461/334/1 357/324/1
f 461/334/1 460/335/1 357/324/1
f 460/335/1 459/336/1 357/324/1
f 459/336/1 458/337/1 357/324/1
f 458/337/1 382/338/1 357/324/1
f 382/338/1 381/339/1 357/324/1
f 381/339/1 380/340/1 357/324/1
f 380/340/1 379/341/1 357/324/1
f 379/341/1 378/342/1 357/324/1
f 378/342/1 377/343/1 357/324/1
f 377/343/1 376/344/1 357/324/1
f 376/344/1 375/345/1 357/324/1
f 375/345/1 374/346/1 357/324/1
f 374/346/1 373/79/1 357/324/1
f 373/79/1 372/347/1 357/324/1
f 372/347/1 371/348/1 357/324/1
f 371/348/1 370/302/1 357/324/1
f 457/349/1 383/350/1 458/337/1
f 383/350/1 382/338/1 458/337/1
f 457/349/1 384/351/1 383/350/1
f 456/352/1 384/351/1 457/349/1
f 456/352/1 385/353/1 384/351/1
f 455/354/1 385/353/1 456/352/1
f 455/354/1 386/355/1 385/353/1
f 454/356/1 386/355/1 455/354/1
f 454/356/1 387/357/1 386/355/1
f 453/358/1 387/357/1 454/356/1
f 453/358/1 388/359/1 387/357/1
f 288/360/1 290/361/1 289/362/1
f 315/363/1 317/364/1 316/365/1
f 452/366/1 388/359/1 453/358/1
f 315/363/1 318/367/1 317/364/1
f 287/368/1 290/361/1 288/360/1
f 452/366/1 389/369/1 388/359/1
f 287/368/1 291/370/1 290/361/1
f 314/371/1 318/367/1 315/363/1
f 314/371/1 319/372/1 318/367/1
f 286/373/1 291/370/1 287/368/1
f 313/374/1 319/372/1 314/371/1
f 286/373/1 292/375/1 291/370/1
f 451/376/1 389/369/1 452/366/1
f 313/374/1 320/377/1 319/372/1
f 285/378/1 292/375/1 286/373/1
f 312/379/1 320/377/1 313/374/1
f 451/376/1 390/380/1 389/369/1
f 285/378/1 293/381/1 292/375/1
f 312/379/1 321/382/1 320/377/1
f 284/383/1 293/381/1 285/378/1
f 311/384/1 321/382/1 312/379/1
f 284/383/1 294/385/1 293/381/1
f 311/384/1 322/386/1 321/382/1
f 450/387/1 390/380/1 451/376/1
f 283/388/1 294/385/1 284/383/1
f 310/389/1 322/386/1 311/384/1
f 310/389/1 323/390/1 322/386/1
f 450/387/1 391/391/1 390/380/1
f 283/388/1 295/392/1 294/385/1
f 282/393/1 295/392/1 283/388/1
f 309/394/1 323/390/1 310/389/1
f 309/394/1 324/395/1 323/390/1
f 282/393/1 296/396/1 295/392/1
f 449/397/1 391/391/1 450/387/1
f 281/398/1 296/396/1 282/393/1
f 308/399/1 324/395/1 309/394/1
f 308/399/1 325/400/1 324/395/1
f 449/397/1 392/401/1 391/391/1
f 281/398/1 297/402/1 296/396/1
f 280/403/1 297/402/1 281/398/1
f 307/404/1 325/400/1 308/399/1
f 307/404/1 326/405/1 325/400/1
f 448/406/1 392/401/1 449/397/1
f 280/403/1 298/407/1 297/402/1
f 279/408/1 298/407/1 280/403/1
f 306/409/1 326/405/1 307/404/1
f 306/409/1 327/410/1 326/405/1
f 278/411/1 298/407/1 279/408/1
f 448/406/1 393/412/1 392/401/1
f 278/411/1 299/120/1 298/407/1
f 305/413/1 327/410/1 306/409/1
f 305/413/1 328/414/1 327/410/1
f 447/217/1 393/412/1 448/406/1
f 277/415/1 299/120/1 278/411/1
f 277/415/1 300/416/1 299/120/1
f 304/417/1 328/414/1 305/413/1
f 302/418/1 300/416/1 277/415/1
f 304/417/1 303/419/1 328/414/1
f 447/217/1 394/420/1 393/412/1
f 302/418/1 301/421/1 300/416/1
f 446/422/1 394/420/1 447/217/1
f 446/422/1 395/423/1 394/420/1
f 445/424/1 395/423/1 446/422/1
f 444/425/1 395/423/1 445/424/1
f 443/426/1 395/423/1 444/425/1
f 443/426/1 396/427/1 395/423/1
f 442/428/1 396/427/1 443/426/1
f 441/429/1 396/427/1 442/428/1
f 440/430/1 396/427/1 441/429/1
f 439/431/1 396/427/1 440/430/1
f 420/432/1 422/433/1 421/434/1
f 420/432/1 423/435/1 422/433/1
f 438/436/1 396/427/1 439/431/1
f 420/432/1 424/437/1 423/435/1
f 420/432/1 425/438/1 424/437/1
f 437/439/1 396/427/1 438/436/1
f 420/432/1 426/440/1 425/438/1
f 437/439/1 397/441/1 396/427/1
f 420/432/1 427/442/1 426/440/1
f 436/443/1 397/441/1 437/439/1
f 420/432/1 428/444/1 427/442/1
f 435/445/1 397/441/1 436/443/1
f 420/432/1 429/446/1 428/444/1
f 420/432/1 430/447/1 429/446/1
f 434/448/1 397/441/1 435/445/1
f 420/432/1 431/449/1 430/447/1
f 420/432/1 432/450/1 431/449/1
f 433/451/1 397/441/1 434/448/1
f 420/432/1 433/451/1 432/450/1
f 420/432/1 397/441/1 433/451/1
f 420/432/1 398/452/1 397/441/1
f 420/432/1 399/453/1 398/452/1
f 420/432/1 400/454/1 399/453/1
f 420/432/1 401/455/1 400/454/1
f 420/432/1 402/456/1 401/455/1
f 420/432/1 403/457/1 402/456/1
f 420/432/1 404/458/1 403/457/1
f 420/432/1 405/459/1 404/458/1
f 419/460/1 405/459/1 420/432/1
f 418/461/1 405/459/1 419/460/1
f 417/462/1 405/459/1 418/461/1
f 417/462/1 406/463/1 405/459/1
f 416/464/1 406/463/1 417/462/1
f 415/465/1 406/463/1 416/464/1
f 414/466/1 406/463/1 415/465/1
f 414/466/1 407/467/1 406/463/1
f 413/468/1 407/467/1 414/466/1
f 412/469/1 407/467/1 413/468/1
f 411/470/1 407/467/1 412/469/1
f 411/470/1 408/471/1 407/467/1
f 410/165/1 408/471/1 411/470/1
f 409/472/1 408/471/1 410/165/1
f 497/1/1 499/2/1 498/3/1
f 497/1/1 500/4/1 499/2/1
f 497/1/1 501/5/1 500/4/1
f 497/1/1 502/6/1 501/5/1
f 496/7/1 502/6/1 497/1/1
f 496/7/1 503/8/1 502/6/1
f 495/9/1 503/8/1 496/7/1
f 495/9/1 504/10/1 503/8/1
f 494/11/1 504/10/1 495/9/1
f 494/11/1 505/12/1 504/10/1
f 493/13/1 505/12/1 494/11/1
f 493/13/1 506/14/1 505/12/1
f 492/15/1 506/14/1 493/13/1
f 492/15/1 507/16/1 506/14/1
f 491/17/1 507/16/1 492/15/1
f 521/18/1 523/19/1 522/20/1
f 491/17/1 508/21/1 507/16/1
f 490/22/1 508/21/1 491/17/1
f 490/22/1 509/23/1 508/21/1
f 489/24/1 509/23/1 490/22/1
f 520/25/1 523/19/1 521/18/1
f 489/24/1 510/26/1 509/23/1
f 488/27/1 510/26/1 489/24/1
f 488/27/1 487/28/1 510/26/1
f 487/28/1 486/29/1 510/26/1
f 486/29/1 485/30/1 510/26/1
f 519/31/1 523/19/1 520/25/1
f 519/31/1 524/32/1 523/19/1
f 518/33/1 524/32/1 519/31/1
f 518/33/1 525/34/1 524/32/1
f 517/35/1 525/34/1 518/33/1
f 517/35/1 526/36/1 525/34/1
f 516/37/1 526/36/1 517/35/1
f 516/37/1 527/38/1 526/36/1
f 515/39/1 527/38/1 516/37/1
f 515/39/1 528/40/1 527/38/1
f 514/41/1 528/40/1 515/39/1
f 514/41/1 529/42/1 528/40/1
f 513/43/1 529/42/1 514/41/1
f 513/43/1 530/44/1 529/42/1
f 512/45/1 530/44/1 513/43/1
f 512/45/1 531/46/1 530/44/1
f 511/47/1 531/46/1 512/45/1
f 511/47/1 532/48/1 531/46/1
f 560/49/1 532/48/1 511/47/1
f 560/49/1 533/50/1 532/48/1
f 559/51/1 533/50/1 560/49/1
f 558/52/1 533/50/1 559/51/1
f 558/52/1 534/53/1 533/50/1
f 557/54/1 534/53/1 558/52/1
f 556/55/1 534/53/1 557/54/1
f 556/55/1 535/56/1 534/53/1
f 555/57/1 535/56/1 556/55/1
f 554/58/1 535/56/1 555/57/1
f 554/58/1 536/59/1 535/56/1
f 553/60/1 536/59/1 554/58/1
f 553/60/1 537/61/1 536/59/1
f 552/62/1 537/61/1 553/60/1
f 552/62/1 538/63/1 537/61/1
f 551/64/1 538/63/1 552/62/1
f 551/64/1 539/65/1 538/63/1
f 550/66/1 539/65/1 551/64/1
f 549/67/1 539/65/1 550/66/1
f 549/67/1 540/68/1 539/65/1
f 548/69/1 540/68/1 549/67/1
f 547/70/1 540/68/1 548/69/1
f 547/70/1 541/71/1 540/68/1
f 547/70/1 542/72/1 541/71/1
f 547/70/1 543/73/1 542/72/1
f 547/70/1 544/74/1 543/73/1
f 547/70/1 545/75/1 544/74/1
f 547/70/1 546/76/1 545/75/1
f 575/473/1 577/474/1 576/475/1
f 575/473/1 578/476/1 577/474/1
f 575/473/1 579/477/1 578/476/1
f 575/473/1 580/478/1 579/477/1
f 575/473/1 581/479/1 580/478/1
f 575/473/1 582/480/1 581/479/1
f 600/481/1 602/482/1 601/483/1
f 599/484/1 602/482/1 600/481/1
f 598/485/1 602/482/1 599/484/1
f 575/473/1 583/486/1 582/480/1
f 597/487/1 602/482/1 598/485/1
f 575/473/1 584/488/1 583/486/1
f 596/489/1 602/482/1 597/487/1
f 595/490/1 602/482/1 596/489/1
f 575/473/1 585/491/1 584/488/1
f 594/492/1 602/482/1 595/490/1
f 593/493/1 602/482/1 594/492/1
f 575/473/1 586/494/1 585/491/1
f 592/26/1 602/482/1 593/493/1
f 591/495/1 602/482/1 592/26/1
f 575/473/1 587/496/1 586/494/1
f 590/497/1 602/482/1 591/495/1
f 575/473/1 588/498/1 587/496/1
f 589/499/1 602/482/1 590/497/1
f 575/473/1 589/499/1 588/498/1
f 575/473/1 602/482/1 589/499/1
f 575/473/1 603/500/1 602/482/1
f 575/473/1 604/501/1 603/500/1
f 575/473/1 605/502/1 604/501/1
f 575/473/1 606/503/1 605/502/1
f 575/473/1 607/504/1 606/503/1
f 575/473/1 608/505/1 607/504/1
f 575/473/1 609/506/1 608/505/1
f 575/473/1 574/507/1 609/506/1
f 574/507/1 573/508/1 609/506/1
f 573/508/1 572/509/1 609/506/1
f 572/509/1 610/510/1 609/506/1
f 572/509/1 571/511/1 610/510/1
f 571/511/1 570/512/1 610/510/1
f 570/512/1 569/513/1 610/510/1
f 569/513/1 568/514/1 610/510/1
f 568/514/1 611/515/1 610/510/1
f 568/514/1 567/516/1 611/515/1
f 567/516/1 566/517/1 611/515/1
f 566/517/1 612/518/1 611/515/1
f 566/517/3 565/519/3 612/518/3
f 565/519/1 564/520/1 612/518/1
f 564/520/1 613/521/1 612/518/1
f 564/520/1 563/522/1 613/521/1
f 563/522/1 562/523/1 613/521/1
f 562/523/1 614/524/1 613/521/1
f 561/30/1 614/524/1 562/523/1
f 641/525/1 643/526/1 642/527/1
f 641/525/1 644/528/1 643/526/1
f 641/525/1 645/529/1 644/528/1
f 641/525/1 646/530/1 645/529/1
f 641/525/1 647/531/1 646/530/1
f 641/525/1 648/532/1 647/531/1
f 641/525/1 649/533/1 648/532/1
f 641/525/1 650/534/1 649/533/1
f 641/525/1 651/535/1 650/534/1
f 641/525/1 652/536/1 651/535/1
f 641/525/1 653/537/1 652/536/1
f 641/525/1 654/49/1 653/537/1
f 641/525/1 561/30/1 654/49/1
f 641/525/1 640/538/1 561/30/1
f 640/538/1 614/524/1 561/30/1
f 640/538/1 639/539/1 614/524/1
f 639/539/1 638/540/1 614/524/1
f 638/540/1 615/541/1 614/524/1
f 638/540/1 637/542/1 615/541/1
f 637/542/1 636/543/1 615/541/1
f 636/543/1 635/544/1 615/541/1
f 635/544/1 616/545/1 615/541/1
f 635/544/1 634/546/1 616/545/1
f 634/546/1 633/547/1 616/545/1
f 633/547/1 632/548/1 616/545/1
f 632/548/1 617/549/1 616/545/1
f 632/548/1 631/550/1 617/549/1
f 631/550/1 630/551/1 617/549/1
f 630/551/1 618/552/1 617/549/1
f 630/551/1 629/553/1 618/552/1
f 629/553/1 628/554/1 618/552/1
f 628/554/1 619/555/1 618/552/1
f 627/556/1 619/555/1 628/554/1
f 627/556/1 620/557/1 619/555/1
f 627/556/1 621/558/1 620/557/1
f 627/556/1 622/559/1 621/558/1
f 627/556/1 623/56/1 622/559/1
f 627/556/1 624/560/1 623/56/1
f 627/556/1 625/561/1 624/560/1
f 627/556/1 626/562/1 625/561/1
f 667/1/2 668/3/2 669/2/2
f 667/1/2 669/2/2 670/4/2
f 667/1/2 670/4/2 671/5/2
f 667/1/2 671/5/2 672/6/2
f 666/7/2 667/1/2 672/6/2
f 666/7/2 672/6/2 673/8/2
f 665/9/2 666/7/2 673/8/2
f 665/9/2 673/8/2 674/10/2
f 664/11/2 665/9/2 674/10/2
f 664/11/2 674/10/2 675/12/2
f 663/13/2 664/11/2 675/12/2
f 663/13/2 675/12/2 676/14/2
f 662/15/2 663/13/2 676/14/2
f 662/15/2 676/14/2 677/16/2
f 661/17/2 662/15/2 677/16/2
f 691/18/2 692/20/2 693/19/2
f 661/17/2 677/16/2 678/21/2
f 660/22/2 661/17/2 678/21/2
f 660/22/2 678/21/2 679/23/2
f 659/24/2 660/22/2 679/23/2
f 690/25/2 691/18/2 693/19/2
f 659/24/2 679/23/2 680/26/2
f 658/27/2 659/24/2 680/26/2
f 658/27/2 680/26/2 657/28/2
f 657/28/2 680/26/2 656/29/2
f 656/29/2 680/26/2 655/30/2
f 689/31/2 690/25/2 693/19/2
f 689/31/2 693/19/2 694/32/2
f 688/33/2 689/31/2 694/32/2
f 688/33/2 694/32/2 695/34/2
f 687/35/2 688/33/2 695/34/2
f 687/35/2 695/34/2 696/36/2
f 686/37/2 687/35/2 696/36/2
f 686/37/2 696/36/2 697/38/2
f 685/39/2 686/37/2 697/38/2
f 685/39/2 697/38/2 698/40/2
f 684/41/2 685/39/2 698/40/2
f 684/41/2 698/40/2 699/42/2
f 683/43/2 684/41/2 699/42/2
f 683/43/2 699/42/2 700/44/2
f 682/45/2 683/43/2 700/44/2
f 682/45/2 700/44/2 701/46/2
f 681/47/2 682/45/2 701/46/2
f 681/47/2 701/46/2 702/48/2
f 730/49/2 681/47/2 702/48/2
f 730/49/2 702/48/2 703/50/2
f 729/51/2 730/49/2 703/50/2
f 728/52/2 729/51/2 703/50/2
f 728/52/2 703/50/2 704/53/2
f 727/54/2 728/52/2 704/53/2
f 726/55/2 727/54/2 704/53/2
f 726/55/2 704/53/2 705/56/2
f 725/57/2 726/55/2 705/56/2
f 724/58/2 725/57/2 705/56/2
f 724/58/2 705/56/2 706/59/2
f 723/60/2 724/58/2 706/59/2
f 723/60/2 706/59/2 707/61/2
f 722/62/2 723/60/2 707/61/2
f 722/62/2 707/61/2 708/63/2
f 721/64/2 722/62/2 708/63/2
f 721/64/2 708/63/2 709/65/2
f 720/66/2 721/64/2 709/65/2
f 719/67/2 720/66/2 709/65/2
f 719/67/2 709/65/2 710/68/2
f 718/69/2 719/67/2 710/68/2
f 717/70/2 718/69/2 710/68/2
f 717/70/2 710/68/2 711/71/2
f 717/70/2 711/71/2 712/72/2
f 717/70/2 712/72/2 713/73/2
f 717/70/2 713/73/2 714/74/2
f 717/70/2 714/74/2 715/75/2
f 717/70/2 715/75/2 716/76/2
f 779/77/2 780/26/2 781/78/2
f 815/79/2 816/81/2 817/80/2
f 779/77/2 781/78/2 782/82/2
f 814/83/2 815/79/2 817/80/2
f 779/77/2 782/82/2 783/84/2
f 813/85/2 814/83/2 817/80/2
f 779/77/2 783/84/2 784/86/2
f 812/87/2 813/85/2 817/80/2
f 779/77/2 784/86/2 785/88/2
f 811/89/2 812/87/2 817/80/2
f 779/77/2 785/88/2 786/90/2
f 810/91/2 811/89/2 817/80/2
f 779/77/2 786/90/2 787/92/2
f 809/93/2 810/91/2 817/80/2
f 779/77/2 787/92/2 788/94/2
f 808/95/2 809/93/2 817/80/2
f 779/77/2 788/94/2 789/96/2
f 807/97/2 808/95/2 817/80/2
f 779/77/2 789/96/2 790/98/2
f 806/99/2 807/97/2 817/80/2
f 779/77/2 790/98/2 791/100/2
f 805/101/2 806/99/2 817/80/2
f 779/77/2 791/100/2 792/102/2
f 804/103/2 805/101/2 817/80/2
f 779/77/2 792/102/2 793/104/2
f 779/77/2 793/104/2 794/105/2
f 779/77/2 794/105/2 795/106/2
f 779/77/2 795/106/2 796/107/2
f 779/77/2 796/107/2 797/108/2
f 779/77/2 797/108/2 798/109/2
f 779/77/2 798/109/2 799/110/2
f 779/77/2 799/110/2 800/111/2
f 779/77/2 800/111/2 801/112/2
f 779/77/2 801/112/2 802/113/2
f 779/77/2 802/113/2 803/114/2
f 779/77/2 803/114/2 804/103/2
f 779/77/2 804/103/2 778/115/2
f 778/115/2 804/103/2 777/116/2
f 777/116/2 804/103/2 776/117/2
f 776/117/2 804/103/2 775/118/2
f 775/118/2 804/103/2 774/119/2
f 774/119/2 804/103/2 773/120/2
f 773/120/2 804/103/2 772/121/2
f 772/121/2 804/103/2 771/122/2
f 771/122/2 804/103/2 770/123/2
f 770/123/2 804/103/2 817/80/2
f 770/123/2 817/80/2 818/124/2
f 770/123/2 818/124/2 819/125/2
f 770/123/2 819/125/2 769/126/2
f 769/126/2 819/125/2 820/127/2
f 769/126/2 820/127/2 821/128/2
f 769/126/2 821/128/2 822/129/2
f 769/126/2 822/129/2 823/130/2
f 769/126/2 823/130/2 768/131/2
f 768/131/2 823/130/2 824/132/2
f 768/131/2 824/132/2 825/133/2
f 768/131/2 825/133/2 826/134/2
f 768/131/2 826/134/2 827/135/2
f 768/131/2 827/135/2 767/136/2
f 767/136/2 827/135/2 828/137/2
f 767/136/2 828/137/2 829/56/2
f 767/136/2 829/56/2 766/138/2
f 766/138/2 829/56/2 765/139/2
f 765/139/2 829/56/2 762/140/2
f 762/140/2 829/56/2 761/141/2
f 761/141/2 829/56/2 760/142/2
f 760/142/2 829/56/2 759/143/2
f 759/143/2 829/56/2 757/144/2
f 757/144/2 829/56/2 756/145/2
f 756/145/2 829/56/2 755/146/2
f 755/146/2 829/56/2 830/147/2
f 764/148/2 765/139/2 762/140/2
f 763/149/1 764/148/1 762/140/1
f 758/150/1 759/143/1 757/144/1
f 754/151/2 755/146/2 830/147/2
f 753/152/2 754/151/2 830/147/2
f 753/152/2 830/147/2 831/153/2
f 752/154/2 753/152/2 831/153/2
f 752/154/2 831/153/2 832/155/2
f 751/156/2 752/154/2 832/155/2
f 751/156/2 832/155/2 833/157/2
f 750/158/2 751/156/2 833/157/2
f 750/158/2 833/157/2 834/159/2
f 749/160/2 750/158/2 834/159/2
f 749/160/2 834/159/2 835/161/2
f 748/162/2 749/160/2 835/161/2
f 878/49/2 731/30/2 732/163/2
f 747/164/2 748/162/2 835/161/2
f 747/164/2 835/161/2 836/165/2
f 878/49/2 732/163/2 733/166/2
f 878/49/2 733/166/2 734/167/2
f 878/49/2 734/167/2 735/168/2
f 746/169/2 747/164/2 836/165/2
f 878/49/2 735/168/2 736/170/2
f 746/169/2 836/165/2 837/171/2
f 878/49/2 736/170/2 737/172/2
f 877/173/2 878/49/2 737/172/2
f 876/174/2 877/173/2 737/172/2
f 876/174/2 737/172/2 738/175/2
f 745/176/2 746/169/2 837/171/2
f 875/177/2 876/174/2 738/175/2
f 745/176/2 837/171/2 838/178/2
f 875/177/2 738/175/2 739/179/2
f 874/180/2 875/177/2 739/179/2
f 874/180/2 739/179/2 740/181/2
f 744/182/2 745/176/2 838/178/2
f 873/183/2 874/180/2 740/181/2
f 873/183/2 740/181/2 741/184/2
f 744/182/2 838/178/2 839/185/2
f 873/183/2 741/184/2 742/186/2
f 872/187/2 873/183/2 742/186/2
f 743/188/2 744/182/2 839/185/2
f 872/187/2 742/186/2 743/188/2
f 871/189/2 872/187/2 743/188/2
f 743/188/2 839/185/2 840/190/2
f 871/189/2 743/188/2 840/190/2
f 870/191/2 871/189/2 840/190/2
f 870/191/2 840/190/2 841/192/2
f 869/193/2 870/191/2 841/192/2
f 868/194/2 869/193/2 841/192/2
f 868/194/2 841/192/2 842/195/2
f 867/196/2 868/194/2 842/195/2
f 867/196/2 842/195/2 843/197/2
f 866/198/2 867/196/2 843/197/2
f 866/198/2 843/197/2 844/199/2
f 865/200/2 866/198/2 844/199/2
f 865/200/2 844/199/2 845/201/2
f 864/202/2 865/200/2 845/201/2
f 864/202/2 845/201/2 846/203/2
f 863/204/2 864/202/2 846/203/2
f 863/204/2 846/203/2 847/205/2
f 862/206/2 863/204/2 847/205/2
f 862/206/2 847/205/2 848/207/2
f 861/208/2 862/206/2 848/207/2
f 861/208/2 848/207/2 849/209/2
f 860/210/2 861/208/2 849/209/2
f 860/210/2 849/209/2 850/211/2
f 860/210/2 850/211/2 851/212/2
f 859/213/2 860/210/2 851/212/2
f 859/213/2 851/212/2 852/214/2
f 858/215/2 859/213/2 852/214/2
f 858/215/2 852/214/2 853/216/2
f 857/217/2 858/215/2 853/216/2
f 857/217/2 853/216/2 856/218/2
f 856/218/2 853/216/2 855/219/2
f 855/219/2 853/216/2 854/220/2
f 917/221/2 918/223/2 919/222/2
f 917/221/2 919/222/2 920/224/2
f 917/221/2 920/224/2 921/225/2
f 916/154/2 917/221/2 921/225/2
f 891/226/2 892/228/2 893/227/2
f 916/154/2 921/225/2 922/229/2
f 915/230/2 916/154/2 922/229/2
f 891/226/2 893/227/2 894/231/2
f 915/230/2 922/229/2 923/232/2
f 914/233/2 915/230/2 923/232/2
f 995/234/2 996/236/2 997/235/2
f 995/234/2 997/235/2 998/237/2
f 891/226/2 894/231/2 895/238/2
f 890/239/2 891/226/2 895/238/2
f 995/234/2 998/237/2 999/240/2
f 994/241/2 995/234/2 999/240/2
f 913/242/2 914/233/2 923/232/2
f 913/242/2 923/232/2 924/243/2
f 994/241/2 999/240/2 1000/244/2
f 993/245/2 994/241/2 1000/244/2
f 890/239/2 895/238/2 896/246/2
f 889/247/2 890/239/2 896/246/2
f 993/245/2 1000/244/2 1001/248/2
f 992/249/2 993/245/2 1001/248/2
f 912/250/2 913/242/2 924/243/2
f 912/250/2 924/243/2 925/251/2
f 992/249/2 1001/248/2 1002/252/2
f 991/253/2 992/249/2 1002/252/2
f 889/247/2 896/246/2 897/254/2
f 888/255/2 889/247/2 897/254/2
f 991/253/2 1002/252/2 1003/256/2
f 990/105/2 991/253/2 1003/256/2
f 911/257/2 912/250/2 925/251/2
f 911/257/2 925/251/2 926/258/2
f 989/259/2 990/105/2 1003/256/2
f 989/259/2 1003/256/2 1004/260/2
f 888/255/2 897/254/2 898/261/2
f 887/262/2 888/255/2 898/261/2
f 988/263/2 989/259/2 1004/260/2
f 910/264/2 911/257/2 926/258/2
f 988/263/2 1004/260/2 1005/265/2
f 910/264/2 926/258/2 927/266/2
f 887/262/2 898/261/2 899/267/2
f 886/268/2 887/262/2 899/267/2
f 987/269/2 988/263/2 1005/265/2
f 987/269/2 1005/265/2 1006/270/2
f 909/271/2 910/264/2 927/266/2
f 986/272/2 987/269/2 1006/270/2
f 986/272/2 1006/270/2 1007/273/2
f 909/271/2 927/266/2 928/274/2
f 886/268/2 899/267/2 900/275/2
f 885/276/2 886/268/2 900/275/2
f 985/277/2 986/272/2 1007/273/2
f 985/277/2 1007/273/2 1008/278/2
f 908/279/2 909/271/2 928/274/2
f 908/279/2 928/274/2 929/280/2
f 984/281/2 985/277/2 1008/278/2
f 984/281/2 1008/278/2 1009/282/2
f 885/276/2 900/275/2 901/283/2
f 884/284/2 885/276/2 901/283/2
f 983/285/2 984/281/2 1009/282/2
f 983/285/2 1009/282/2 1010/286/2
f 907/287/2 908/279/2 929/280/2
f 907/287/2 929/280/2 930/288/2
f 884/284/2 901/283/2 902/289/2
f 883/290/2 884/284/2 902/289/2
f 907/287/2 930/288/2 906/291/2
f 906/291/2 930/288/2 905/292/2
f 883/290/2 902/289/2 903/293/2
f 882/294/2 883/290/2 903/293/2
f 882/294/2 903/293/2 904/295/2
f 881/296/2 882/294/2 904/295/2
f 881/296/2 904/295/2 880/297/2
f 880/297/2 904/295/2 879/30/2
f 1125/298/2 1126/300/2 1127/299/2
f 1022/301/2 1023/303/2 1024/302/2
f 1021/304/2 1022/301/2 1024/302/2
f 1125/298/2 1127/299/2 1128/305/2
f 1020/306/2 1021/304/2 1024/302/2
f 1125/298/2 1128/305/2 1129/307/2
f 1019/308/2 1020/306/2 1024/302/2
f 1125/298/2 1129/307/2 1130/309/2
f 1018/310/2 1019/308/2 1024/302/2
f 1125/298/2 1130/309/2 1131/311/2
f 1017/312/2 1018/310/2 1024/302/2
f 1125/298/2 1131/311/2 1132/313/2
f 1016/314/2 1017/312/2 1024/302/2
f 1125/298/2 1132/313/2 1133/315/2
f 1015/316/2 1016/314/2 1024/302/2
f 1125/298/2 1133/315/2 1134/317/2
f 1014/318/2 1015/316/2 1024/302/2
f 1125/298/2 1134/317/2 1135/319/2
f 1013/320/2 1014/318/2 1024/302/2
f 1125/298/2 1135/319/2 1136/321/2
f 1012/322/2 1013/320/2 1024/302/2
f 1125/298/2 1136/321/2 1137/323/2
f 1011/324/2 1012/322/2 1024/302/2
f 1125/298/2 1137/323/2 1138/49/2
f 1125/298/2 1138/49/2 983/285/2
f 1125/298/2 983/285/2 1010/286/2
f 1125/298/2 1010/286/2 1011/324/2
f 1125/298/2 1011/324/2 1124/325/2
f 1124/325/2 1011/324/2 1123/326/2
f 1123/326/2 1011/324/2 1122/327/2
f 1122/327/2 1011/324/2 1121/328/2
f 1121/328/2 1011/324/2 1120/329/2
f 1120/329/2 1011/324/2 1119/330/2
f 1119/330/2 1011/324/2 1118/331/2
f 1118/331/2 1011/324/2 1117/332/2
f 1117/332/2 1011/324/2 1116/333/2
f 1116/333/2 1011/324/2 1115/334/2
f 1115/334/2 1011/324/2 1114/335/2
f 1114/335/2 1011/324/2 1113/336/2
f 1113/336/2 1011/324/2 1112/337/2
f 1112/337/2 1011/324/2 1036/338/2
f 1036/338/2 1011/324/2 1035/339/2
f 1035/339/2 1011/324/2 1034/340/2
f 1034/340/2 1011/324/2 1033/341/2
f 1033/341/2 1011/324/2 1032/342/2
f 1032/342/2 1011/324/2 1031/343/2
f 1031/343/2 1011/324/2 1030/344/2
f 1030/344/2 1011/324/2 1029/345/2
f 1029/345/2 1011/324/2 1028/346/2
f 1028/346/2 1011/324/2 1027/79/2
f 1027/79/2 1011/324/2 1026/347/2
f 1026/347/2 1011/324/2 1025/348/2
f 1025/348/2 1011/324/2 1024/302/2
f 1111/349/2 1112/337/2 1037/350/2
f 1037/350/1 1112/337/1 1036/338/1
f 1111/349/2 1037/350/2 1038/351/2
f 1110/352/2 1111/349/2 1038/351/2
f 1110/352/2 1038/351/2 1039/353/2
f 1109/354/2 1110/352/2 1039/353/2
f 1109/354/2 1039/353/2 1040/355/2
f 1108/356/2 1109/354/2 1040/355/2
f 1108/356/2 1040/355/2 1041/357/2
f 1107/358/2 1108/356/2 1041/357/2
f 1107/358/2 1041/357/2 1042/359/2
f 942/360/2 943/362/2 944/361/2
f 969/363/2 970/365/2 971/364/2
f 1106/366/2 1107/358/2 1042/359/2
f 969/363/2 971/364/2 972/367/2
f 941/368/2 942/360/2 944/361/2
f 1106/366/2 1042/359/2 1043/369/2
f 941/368/2 944/361/2 945/370/2
f 968/371/2 969/363/2 972/367/2
f 968/371/2 972/367/2 973/372/2
f 940/373/2 941/368/2 945/370/2
f 967/374/2 968/371/2 973/372/2
f 940/373/2 945/370/2 946/375/2
f 1105/376/2 1106/366/2 1043/369/2
f 967/374/2 973/372/2 974/377/2
f 939/378/2 940/373/2 946/375/2
f 966/379/2 967/374/2 974/377/2
f 1105/376/2 1043/369/2 1044/380/2
f 939/378/2 946/375/2 947/381/2
f 966/379/2 974/377/2 975/382/2
f 938/383/2 939/378/2 947/381/2
f 965/384/2 966/379/2 975/382/2
f 938/383/2 947/381/2 948/385/2
f 965/384/2 975/382/2 976/386/2
f 1104/387/2 1105/376/2 1044/380/2
f 937/388/2 938/383/2 948/385/2
f 964/389/2 965/384/2 976/386/2
f 964/389/2 976/386/2 977/390/2
f 1104/387/2 1044/380/2 1045/391/2
f 937/388/2 948/385/2 949/392/2
f 936/393/2 937/388/2 949/392/2
f 963/394/2 964/389/2 977/390/2
f 963/394/2 977/390/2 978/395/2
f 936/393/2 949/392/2 950/396/2
f 1103/397/2 1104/387/2 1045/391/2
f 935/398/2 936/393/2 950/396/2
f 962/399/2 963/394/2 978/395/2
f 962/399/2 978/395/2 979/400/2
f 1103/397/2 1045/391/2 1046/401/2
f 935/398/2 950/396/2 951/402/2
f 934/403/2 935/398/2 951/402/2
f 961/404/2 962/399/2 979/400/2
f 961/404/2 979/400/2 980/405/2
f 1102/406/2 1103/397/2 1046/401/2
f 934/403/2 951/402/2 952/407/2
f 933/408/2 934/403/2 952/407/2
f 960/409/2 961/404/2 980/405/2
f 960/409/2 980/405/2 981/410/2
f 932/411/2 933/408/2 952/407/2
f 1102/406/2 1046/401/2 1047/412/2
f 932/411/2 952/407/2 953/120/2
f 959/413/2 960/409/2 981/410/2
f 959/413/2 981/410/2 982/414/2
f 1101/217/2 1102/406/2 1047/412/2
f 931/415/2 932/411/2 953/120/2
f 931/415/2 953/120/2 954/416/2
f 958/417/2 959/413/2 982/414/2
f 956/418/2 931/415/2 954/416/2
f 958/417/2 982/414/2 957/419/2
f 1101/217/2 1047/412/2 1048/420/2
f 956/418/2 954/416/2 955/421/2
f 1100/422/2 1101/217/2 1048/420/2
f 1100/422/2 1048/420/2 1049/423/2
f 1099/424/2 1100/422/2 1049/423/2
f 1098/425/2 1099/424/2 1049/423/2
f 1097/426/2 1098/425/2 1049/423/2
f 1097/426/2 1049/423/2 1050/427/2
f 1096/428/2 1097/426/2 1050/427/2
f 1095/429/2 1096/428/2 1050/427/2
f 1094/430/2 1095/429/2 1050/427/2
f 1093/431/2 1094/430/2 1050/427/2
f 1074/432/2 1075/434/2 1076/433/2
f 1074/432/2 1076/433/2 1077/435/2
f 1092/436/2 1093/431/2 1050/427/2
f 1074/432/2 1077/435/2 1078/437/2
f 1074/432/2 1078/437/2 1079/438/2
f 1091/439/2 1092/436/2 1050/427/2
f 1074/432/2 1079/438/2 1080/440/2
f 1091/439/2 1050/427/2 1051/441/2
f 1074/432/2 1080/440/2 1081/442/2
f 1090/443/2 1091/439/2 1051/441/2
f 1074/432/2 1081/442/2 1082/444/2
f 1089/445/2 1090/443/2 1051/441/2
f 1074/432/2 1082/444/2 1083/446/2
f 1074/432/2 1083/446/2 1084/447/2
f 1088/448/2 1089/445/2 1051/441/2
f 1074/432/2 1084/447/2 1085/449/2
f 1074/432/2 1085/449/2 1086/450/2
f 1087/451/2 1088/448/2 1051/441/2
f 1074/432/2 1086/450/2 1087/451/2
f 1074/432/2 1087/451/2 1051/441/2
f 1074/432/2 1051/441/2 1052/452/2
f 1074/432/2 1052/452/2 1053/453/2
f 1074/432/2 1053/453/2 1054/454/2
f 1074/432/2 1054/454/2 1055/455/2
f 1074/432/2 1055/455/2 1056/456/2
f 1074/432/2 1056/456/2 1057/457/2
f 1074/432/2 1057/457/2 1058/458/2
f 1074/432/2 1058/458/2 1059/459/2
f 1073/460/2 1074/432/2 1059/459/2
f 1072/461/2 1073/460/2 1059/459/2
f 1071/462/2 1072/461/2 1059/459/2
f 1071/462/2 1059/459/2 1060/463/2
f 1070/464/2 1071/462/2 1060/463/2
f 1069/465/2 1070/464/2 1060/463/2
f 1068/466/2 1069/465/2 1060/463/2
f 1068/466/2 1060/463/2 1061/467/2
f 1067/468/2 1068/466/2 1061/467/2
f 1066/469/2 1067/468/2 1061/467/2
f 1065/470/2 1066/469/2 1061/467/2
f 1065/470/2 1061/467/2 1062/471/2
f 1064/165/2 1065/470/2 1062/471/2
f 1063/472/2 1064/165/2 1062/471/2
f 1151/1/2 1152/3/2 1153/2/2
f 1151/1/2 1153/2/2 1154/4/2
f 1151/1/2 1154/4/2 1155/5/2
f 1151/1/2 1155/5/2 1156/6/2
f 1150/7/2 1151/1/2 1156/6/2
f 1150/7/2 1156/6/2 1157/8/2
f 1149/9/2 1150/7/2 1157/8/2
f 1149/9/2 1157/8/2 1158/10/2
f 1148/11/2 1149/9/2 1158/10/2
f 1148/11/2 1158/10/2 1159/12/2
f 1147/13/2 1148/11/2 1159/12/2
f 1147/13/2 1159/12/2 1160/14/2
f 1146/15/2 1147/13/2 1160/14/2
f 1146/15/2 1160/14/2 1161/16/2
f 1145/17/2 1146/15/2 1161/16/2
f 1175/18/2 1176/20/2 1177/19/2
f 1145/17/2 1161/16/2 1162/21/2
f 1144/22/2 1145/17/2 1162/21/2
f 1144/22/2 1162/21/2 1163/23/2
f 1143/24/2 1144/22/2 1163/23/2
f 1174/25/2 1175/18/2 1177/19/2
f 1143/24/2 1163/23/2 1164/26/2
f 1142/27/2 1143/24/2 1164/26/2
f 1142/27/2 1164/26/2 1141/28/2
f 1141/28/2 1164/26/2 1140/29/2
f 1140/29/2 1164/26/2 1139/30/2
f 1173/31/2 1174/25/2 1177/19/2
f 1173/31/2 1177/19/2 1178/32/2
f 1172/33/2 1173/31/2 1178/32/2
f 1172/33/2 1178/32/2 1179/34/2
f 1171/35/2 1172/33/2 1179/34/2
f 1171/35/2 1179/34/2 1180/36/2
f 1170/37/2 1171/35/2 1180/36/2
f 1170/37/2 1180/36/2 1181/38/2
f 1169/39/2 1170/37/2 1181/38/2
f 1169/39/2 1181/38/2 1182/40/2
f 1168/41/2 1169/39/2 1182/40/2
f 1168/41/2 1182/40/2 1183/42/2
f 1167/43/2 1168/41/2 1183/42/2
f 1167/43/2 1183/42/2 1184/44/2
f 1166/45/2 1167/43/2 1184/44/2
f 1166/45/2 1184/44/2 1185/46/2
f 1165/47/2 1166/45/2 1185/46/2
f 1165/47/2 1185/46/2 1186/48/2
f 1214/49/2 1165/47/2 1186/48/2
f 1214/49/2 1186/48/2 1187/50/2
f 1213/51/2 1214/49/2 1187/50/2
f 1212/52/2 1213/51/2 1187/50/2
f 1212/52/2 1187/50/2 1188/53/2
f 1211/54/2 1212/52/2 1188/53/2
f 1210/55/2 1211/54/2 1188/53/2
f 1210/55/2 1188/53/2 1189/56/2
f 1209/57/2 1210/55/2 1189/56/2
f 1208/58/2 1209/57/2 1189/56/2
f 1208/58/2 1189/56/2 1190/59/2
f 1207/60/2 1208/58/2 1190/59/2
f 1207/60/2 1190/59/2 1191/61/2
f 1206/62/2 1207/60/2 1191/61/2
f 1206/62/2 1191/61/2 1192/63/2
f 1205/64/2 1206/62/2 1192/63/2
f 1205/64/2 1192/63/2 1193/65/2
f 1204/66/2 1205/64/2 1193/65/2
f 1203/67/2 1204/66/2 1193/65/2
f 1203/67/2 1193/65/2 1194/68/2
f 1202/69/2 1203/67/2 1194/68/2
f 1201/70/2 1202/69/2 1194/68/2
f 1201/70/2 1194/68/2 1195/71/2
f 1201/70/2 1195/71/2 1196/72/2
f 1201/70/2 1196/72/2 1197/73/2
f 1201/70/2 1197/73/2 1198/74/2
f 1201/70/2 1198/74/2 1199/75/2
f 1201/70/2 1199/75/2 1200/76/2
f 1229/473/2 1230/475/2 1231/474/2
f 1229/473/2 1231/474/2 1232/476/2
f 1229/473/2 1232/476/2 1233/477/2
f 1229/473/2 1233/477/2 1234/478/2
f 1229/473/2 1234/478/2 1235/479/2
f 1229/473/2 1235/479/2 1236/480/2
f 1254/481/2 1255/483/2 1256/482/2
f 1253/484/2 1254/481/2 1256/482/2
f 1252/485/2 1253/484/2 1256/482/2
f 1229/473/2 1236/480/2 1237/486/2
f 1251/487/2 1252/485/2 1256/482/2
f 1229/473/2 1237/486/2 1238/488/2
f 1250/489/2 1251/487/2 1256/482/2
f 1249/490/2 1250/489/2 1256/482/2
f 1229/473/2 1238/488/2 1239/491/2
f 1248/492/2 1249/490/2 1256/482/2
f 1247/493/2 1248/492/2 1256/482/2
f 1229/473/2 1239/491/2 1240/494/2
f 1246/26/2 1247/493/2 1256/482/2
f 1245/495/2 1246/26/2 1256/482/2
f 1229/473/2 1240/494/2 1241/496/2
f 1244/497/2 1245/495/2 1256/482/2
f 1229/473/2 1241/496/2 1242/498/2
f 1243/499/2 1244/497/2 1256/482/2
f 1229/473/2 1242/498/2 1243/499/2
f 1229/473/2 1243/499/2 1256/482/2
f 1229/473/2 1256/482/2 1257/500/2
f 1229/473/2 1257/500/2 1258/501/2
f 1229/473/2 1258/501/2 1259/502/2
f 1229/473/2 1259/502/2 1260/503/2
f 1229/473/2 1260/503/2 1261/504/2
f 1229/473/2 1261/504/2 1262/505/2
f 1229/473/2 1262/505/2 1263/506/2
f 1229/473/2 1263/506/2 1228/507/2
f 1228/507/2 1263/506/2 1227/508/2
f 1227/508/2 1263/506/2 1226/509/2
f 1226/509/2 1263/506/2 1264/510/2
f 1226/509/2 1264/510/2 1225/511/2
f 1225/511/2 1264/510/2 1224/512/2
f 1224/512/2 1264/510/2 1223/513/2
f 1223/513/2 1264/510/2 1222/514/2
f 1222/514/2 1264/510/2 1265/515/2
f 1222/514/2 1265/515/2 1221/516/2
f 1221/516/2 1265/515/2 1220/517/2
f 1220/517/2 1265/515/2 1266/518/2
f 1220/517/4 1266/518/4 1219/519/4
f 1219/519/2 1266/518/2 1218/520/2
f 1218/520/2 1266/518/2 1267/521/2
f 1218/520/2 1267/521/2 1217/522/2
f 1217/522/2 1267/521/2 1216/523/2
f 1216/523/2 1267/521/2 1268/524/2
f 1215/30/2 1216/523/2 1268/524/2
f 1295/525/2 1296/527/2 1297/526/2
f 1295/525/2 1297/526/2 1298/528/2
f 1295/525/2 1298/528/2 1299/529/2
f 1295/525/2 1299/529/2 1300/530/2
f 1295/525/2 1300/530/2 1301/531/2
f 1295/525/2 1301/531/2 1302/532/2
f 1295/525/2 1302/532/2 1303/533/2
f 1295/525/2 1303/533/2 1304/534/2
f 1295/525/2 1304/534/2 1305/535/2
f 1295/525/2 1305/535/2 1306/536/2
f 1295/525/2 1306/536/2 1307/537/2
f 1295/525/2 1307/537/2 1308/49/2
f 1295/525/2 1308/49/2 1215/30/2
f 1295/525/2 1215/30/2 1294/538/2
f 1294/538/2 1215/30/2 1268/524/2
f 1294/538/2 1268/524/2 1293/539/2
f 1293/539/2 1268/524/2 1292/540/2
f 1292/540/2 1268/524/2 1269/541/2
f 1292/540/2 1269/541/2 1291/542/2
f 1291/542/2 1269/541/2 1290/543/2
f 1290/543/2 1269/541/2 1289/544/2
f 1289/544/2 1269/541/2 1270/545/2
f 1289/544/2 1270/545/2 1288/546/2
f 1288/546/2 1270/545/2 1287/547/2
f 1287/547/2 1270/545/2 1286/548/2
f 1286/548/2 1270/545/2 1271/549/2
f 1286/548/2 1271/549/2 1285/550/2
f 1285/550/2 1271/549/2 1284/551/2
f 1284/551/2 1271/549/2 1272/552/2
f 1284/551/2 1272/552/2 1283/553/2
f 1283/553/2 1272/552/2 1282/554/2
f 1282/554/2 1272/552/2 1273/555/2
f 1281/556/2 1282/554/2 1273/555/2
f 1281/556/2 1273/555/2 1274/557/2
f 1281/556/2 1274/557/2 1275/558/2
f 1281/556/2 1275/558/2 1276/559/2
f 1281/556/2 1276/559/2 1277/56/2
f 1281/556/2 1277/56/2 1278/560/2
f 1281/556/2 1278/560/2 1279/561/2
f 1281/556/2 1279/561/2 1280/562/2
s 1
f 1310/563/5 1312/564/6 1311/565/6 1309/30/5
f 1312/564/6 1314/566/7 1313/567/7 1311/565/6
f 1314/566/7 1316/568/8 1315/569/8 1313/567/7
f 1316/568/8 1318/570/9 1317/571/9 1315/569/8
f 1318/570/9 1320/572/10 1319/573/10 1317/571/9
f 1320/572/10 1322/574/11 1321/575/11 1319/573/10
f 1322/574/11 1324/576/12 1323/577/12 1321/575/11
f 1324/576/12 1326/578/13 1325/579/13 1323/577/12
f 1326/578/13 1328/580/14 1327/581/14 1325/579/13
f 1328/580/14 1330/582/15 1329/583/15 1327/581/14
f 1330/582/15 1332/584/16 1331/585/16 1329/583/15
f 1332/584/16 1334/586/17 1333/587/17 1331/585/16
f 1334/586/17 1336/588/18 1335/589/18 1333/587/17
f 1336/588/18 1338/590/19 1337/591/19 1335/589/18
f 1338/590/19 1340/592/20 1339/593/20 1337/591/19
f 1340/592/20 1342/594/21 1341/595/21 1339/593/20
f 1342/594/21 1344/596/22 1343/597/22 1341/595/21
f 1344/596/22 1346/598/23 1345/599/23 1343/597/22
f 1346/598/23 1348/600/24 1347/601/24 1345/599/23
f 1348/600/24 1350/602/25 1349/603/25 1347/601/24
f 1350/602/25 1352/604/26 1351/605/26 1349/603/25
f 1352/604/26 1354/606/27 1353/607/27 1351/605/26
f 1354/606/27 1356/608/28 1355/609/28 1353/607/27
f 1356/608/28 1358/610/29 1357/611/29 1355/609/28
f 1358/610/29 1360/612/30 1359/613/30 1357/611/29
f 1360/612/30 1362/614/31 1361/615/31 1359/613/30
f 1362/614/31 1364/616/32 1363/617/32 1361/615/31
f 1364/616/32 1366/618/33 1365/619/33 1363/617/32
f 1366/618/33 1368/620/34 1367/621/34 1365/619/33
f 1368/620/34 1370/622/35 1369/623/35 1367/621/34
f 1370/622/35 1372/624/36 1371/625/36 1369/623/35
f 1372/624/36 1374/626/37 1373/627/37 1371/625/36
f 1374/626/37 1376/628/38 1375/629/38 1373/627/37
f 1376/628/38 1378/630/39 1377/631/39 1375/629/38
f 1378/630/39 1380/632/40 1379/633/40 1377/631/39
f 1380/632/40 1382/634/41 1381/635/41 1379/633/40
f 1382/634/41 1384/636/42 1383/637/42 1381/635/41
f 1384/636/42 1386/638/43 1385/639/43 1383/637/42
f 1386/638/43 1388/640/44 1387/641/44 1385/639/43
f 1388/640/44 1390/642/45 1389/643/45 1387/641/44
f 1390/642/45 1392/644/46 1391/645/46 1389/643/45
f 1392/644/46 1394/646/47 1393/647/47 1391/645/46
f 1394/646/47 1396/648/48 1395/649/48 1393/647/47
f 1396/648/48 1398/650/49 1397/651/49 1395/649/48
f 1398/650/49 1400/652/50 1399/653/50 1397/651/49
f 1400/652/50 1402/654/51 1401/655/51 1399/653/50
f 1402/654/51 1404/656/52 1403/657/52 1401/655/51
f 1404/656/52 1406/658/53 1405/659/53 1403/657/52
f 1406/658/53 1408/660/54 1407/661/54 1405/659/53
f 1408/660/54 1410/662/55 1409/663/55 1407/661/54
f 1410/662/55 1412/664/56 1411/665/56 1409/663/55
f 1412/664/56 1414/666/57 1413/667/57 1411/665/56
f 1414/666/57 1416/668/58 1415/669/58 1413/667/57
f 1416/668/58 1418/670/59 1417/671/59 1415/669/58
f 1418/670/59 1420/672/60 1419/673/60 1417/671/59
f 1420/672/60 1422/674/61 1421/675/61 1419/673/60
f 1422/674/61 1424/676/62 1423/677/62 1421/675/61
f 1424/676/62 1426/678/63 1425/679/63 1423/677/62
f 1426/678/63 1428/680/64 1427/681/64 1425/679/63
f 1428/680/64 1430/682/65 1429/683/65 1427/681/64
f 1430/682/65 1432/684/66 1431/685/66 1429/683/65
f 1432/684/66 1434/686/67 1433/687/67 1431/685/66
f 1434/686/67 1436/688/68 1435/689/68 1433/687/67
f 1436/688/68 1438/690/69 1437/691/69 1435/689/68
f 1438/690/69 1440/692/70 1439/693/70 1437/691/69
f 1440/692/70 1442/694/71 1441/695/71 1439/693/70
f 1442/694/71 1444/696/71 1443/697/71 1441/695/71
f 1444/696/71 1446/698/72 1445/699/72 1443/697/71
f 1446/698/72 1448/700/73 1447/701/73 1445/699/72
f 1448/700/73 1450/702/74 1449/703/74 1447/701/73
f 1450/702/74 1452/704/75 1451/705/75 1449/703/74
f 1452/704/75 1454/706/76 1453/707/76 1451/705/75
f 1454/706/76 1456/708/77 1455/709/77 1453/707/76
f 1456/708/77 1458/710/78 1457/711/78 1455/709/77
f 1458/710/78 1460/712/79 1459/713/79 1457/711/78
f 1460/712/79 1462/714/80 1461/715/80 1459/713/79
f 1462/714/80 1464/716/81 1463/717/81 1461/715/80
f 1464/716/81 1466/718/82 1465/719/82 1463/717/81
f 1466/718/82 1468/720/83 1467/721/83 1465/719/82
f 1468/720/83 1470/722/84 1469/723/84 1467/721/83
f 1470/722/84 1472/724/85 1471/725/85 1469/723/84
f 1472/724/85 1474/726/86 1473/727/86 1471/725/85
f 1474/726/86 1476/728/87 1475/729/87 1473/727/86
f 1476/728/87 1478/730/88 1477/731/88 1475/729/87
f 1478/730/88 1480/732/89 1479/733/89 1477/731/88
f 1480/732/89 1482/734/90 1481/735/90 1479/733/89
f 1482/734/90 1484/736/91 1483/737/91 1481/735/90
f 1484/736/91 1486/738/92 1485/739/92 1483/737/91
f 1486/738/92 1488/740/93 1487/741/93 1485/739/92
f 1488/740/93 1490/742/94 1489/743/94 1487/741/93
f 1490/742/94 1492/744/95 1491/745/95 1489/743/94
f 1492/744/95 1494/746/96 1493/747/96 1491/745/95
f 1494/746/96 1496/748/97 1495/749/97 1493/747/96
f 1496/748/97 1310/750/5 1309/49/5 1495/749/97
f 1498/563/98 1500/751/99 1499/752/99 1497/30/98
f 1500/751/99 1502/753/100 1501/754/100 1499/752/99
f 1502/753/100 1504/755/101 1503/756/101 1501/754/100
f 1504/755/101 1506/757/102 1505/758/102 1503/756/101
f 1506/757/102 1508/759/103 1507/760/103 1505/758/102
f 1508/759/103 1510/761/104 1509/762/104 1507/760/103
f 1510/761/104 1512/763/105 1511/764/105 1509/762/104
f 1512/763/105 1514/765/106 1513/766/106 1511/764/105
f 1514/765/106 1516/767/107 1515/768/107 1513/766/106
f 1516/767/107 1518/769/108 1517/770/108 1515/768/107
f 1518/769/108 1520/771/109 1519/772/109 1517/770/108
f 1520/771/109 1522/773/110 1521/774/110 1519/772/109
f 1522/773/110 1524/656/111 1523/657/111 1521/774/110
f 1524/656/111 1526/775/112 1525/776/112 1523/657/111
f 1526/775/112 1528/777/113 1527/778/113 1525/776/112
f 1528/777/113 1530/779/114 1529/780/114 1527/778/113
f 1530/779/114 1532/781/115 1531/782/115 1529/780/114
f 1532/781/115 1534/783/116 1533/784/116 1531/782/115
f 1534/783/116 1536/785/117 1535/786/117 1533/784/116
f 1536/785/117 1538/787/118 1537/788/118 1535/786/117
f 1538/787/118 1540/789/119 1539/790/119 1537/788/118
f 1540/789/119 1542/791/120 1541/792/120 1539/790/119
f 1542/791/120 1544/793/121 1543/794/121 1541/792/120
f 1544/793/121 1546/795/122 1545/796/122 1543/794/121
f 1546/795/122 1548/797/123 1547/798/123 1545/796/122
f 1548/797/123 1498/750/98 1497/49/98 1547/798/123
f 1550/563/124 1552/799/125 1551/800/125 1549/30/124
f 1552/799/125 1554/801/126 1553/27/126 1551/800/125
f 1554/801/126 1556/802/127 1555/803/127 1553/27/126
f 1556/802/127 1558/804/128 1557/17/128 1555/803/127
f 1558/804/128 1560/805/129 1559/806/129 1557/17/128
f 1560/805/129 1562/807/130 1561/11/130 1559/806/129
f 1562/807/130 1564/808/131 1563/809/131 1561/11/130
f 1564/808/131 1566/810/132 1565/1/132 1563/809/131
f 1566/810/132 1568/811/133 1567/812/133 1565/1/132
f 1568/811/133 1570/813/134 1569/4/134 1567/812/133
f 1570/813/134 1572/814/135 1571/815/135 1569/4/134
f 1572/814/135 1574/816/136 1573/8/136 1571/815/135
f 1574/816/136 1576/817/137 1575/818/137 1573/8/136
f 1576/817/137 1578/819/138 1577/14/138 1575/818/137
f 1578/819/138 1580/820/139 1579/821/139 1577/14/138
f 1580/820/139 1582/822/140 1581/23/140 1579/821/139
f 1582/822/140 1584/823/141 1583/824/141 1581/23/140
f 1584/823/141 1586/825/142 1585/45/142 1583/824/141
f 1586/825/142 1588/826/143 1587/827/143 1585/45/142
f 1588/826/143 1590/828/144 1589/39/144 1587/827/143
f 1590/828/144 1592/829/145 1591/830/145 1589/39/144
f 1592/829/145 1594/831/146 1593/33/146 1591/830/145
f 1594/831/146 1596/832/147 1595/833/147 1593/33/146
f 1596/832/147 1598/834/148 1597/18/148 1595/833/147
f 1598/834/148 1600/656/149 1599/657/149 1597/18/148
f 1600/656/149 1602/835/150 1601/32/150 1599/657/149
f 1602/835/150 1604/836/151 1603/837/151 1601/32/150
f 1604/836/151 1606/838/152 1605/38/152 1603/837/151
f 1606/838/152 1608/839/153 1607/840/153 1605/38/152
f 1608/839/153 1610/841/154 1609/44/154 1607/840/153
f 1610/841/154 1612/842/155 1611/843/155 1609/44/154
f 1612/842/155 1614/844/156 1613/50/156 1611/843/155
f 1614/844/156 1616/845/157 1615/846/157 1613/50/156
f 1616/845/157 1618/847/158 1617/59/158 1615/846/157
f 1618/847/158 1620/848/159 1619/849/159 1617/59/158
f 1620/848/159 1622/850/160 1621/65/160 1619/849/159
f 1622/850/160 1624/851/161 1623/852/161 1621/65/160
f 1624/851/161 1626/853/162 1625/72/162 1623/852/161
f 1626/853/162 1628/854/163 1627/855/163 1625/72/162
f 1628/854/163 1630/856/164 1629/75/164 1627/855/163
f 1630/856/164 1632/857/165 1631/858/165 1629/75/164
f 1632/857/165 1634/859/166 1633/69/166 1631/858/165
f 1634/859/166 1636/860/167 1635/861/167 1633/69/166
f 1636/860/167 1638/862/168 1637/64/168 1635/861/167
f 1638/862/168 1640/863/169 1639/864/169 1637/64/168
f 1640/863/169 1642/865/170 1641/58/170 1639/864/169
f 1642/865/170 1644/866/171 1643/867/171 1641/58/170
f 1644/866/171 1646/868/172 1645/54/172 1643/867/171
f 1646/868/172 1648/869/173 1647/870/173 1645/54/172
f 1648/869/173 1550/750/124 1549/49/124 1647/870/173
f 1650/563/174 1652/751/175 1651/752/175 1649/30/174
f 1652/751/175 1654/753/176 1653/754/176 1651/752/175
f 1654/753/176 1656/755/177 1655/756/177 1653/754/176
f 1656/755/177 1658/757/178 1657/758/178 1655/756/177
f 1658/757/178 1660/759/179 1659/760/179 1657/758/178
f 1660/759/179 1662/761/180 1661/762/180 1659/760/179
f 1662/761/180 1664/763/181 1663/764/181 1661/762/180
f 1664/763/181 1666/765/182 1665/766/182 1663/764/181
f 1666/765/182 1668/767/183 1667/768/183 1665/766/182
f 1668/767/183 1670/769/184 1669/770/184 1667/768/183
f 1670/769/184 1672/771/185 1671/772/185 1669/770/184
f 1672/771/185 1674/773/186 1673/774/186 1671/772/185
f 1674/773/186 1676/656/187 1675/657/187 1673/774/186
f 1676/656/187 1678/775/188 1677/776/188 1675/657/187
f 1678/775/188 1680/777/189 1679/778/189 1677/776/188
f 1680/777/189 1682/779/190 1681/780/190 1679/778/189
f 1682/779/190 1684/781/191 1683/782/191 1681/780/190
f 1684/781/191 1686/783/192 1685/784/192 1683/782/191
f 1686/783/192 1688/785/193 1687/786/193 1685/784/192
f 1688/785/193 1690/787/194 1689/788/194 1687/786/193
f 1690/787/194 1692/789/195 1691/790/195 1689/788/194
f 1692/789/195 1694/791/196 1693/792/196 1691/790/195
f 1694/791/196 1696/793/197 1695/794/197 1693/792/196
f 1696/793/197 1698/795/198 1697/796/198 1695/794/197
f 1698/795/198 1700/797/199 1699/798/199 1697/796/198
f 1700/797/199 1650/750/174 1649/49/174 1699/798/199
f 1702/563/200 1704/751/201 1703/752/201 1701/30/200
f 1704/751/201 1706/753/202 1705/754/202 1703/752/201
f 1706/753/202 1708/755/203 1707/756/203 1705/754/202
f 1708/755/203 1710/757/204 1709/758/204 1707/756/203
f 1710/757/204 1712/759/205 1711/760/205 1709/758/204
f 1712/759/205 1714/761/206 1713/762/206 1711/760/205
f 1714/761/206 1716/763/207 1715/764/207 1713/762/206
f 1716/763/207 1718/765/208 1717/766/208 1715/764/207
f 1718/765/208 1720/767/209 1719/768/209 1717/766/208
f 1720/767/209 1722/769/210 1721/770/210 1719/768/209
f 1722/769/210 1724/771/211 1723/772/211 1721/770/210
f 1724/771/211 1726/773/212 1725/774/212 1723/772/211
f 1726/773/212 1728/656/213 1727/657/213 1725/774/212
f 1728/656/213 1730/775/214 1729/776/214 1727/657/213
f 1730/775/214 1732/777/215 1731/778/215 1729/776/214
f 1732/777/215 1734/779/216 1733/780/216 1731/778/215
f 1734/779/216 1736/781/217 1735/782/217 1733/780/216
f 1736/781/217 1738/783/218 1737/784/218 1735/782/217
f 1738/783/218 1740/785/219 1739/786/219 1737/784/218
f 1740/785/219 1742/787/220 1741/788/220 1739/786/219
f 1742/787/220 1744/789/221 1743/790/221 1741/788/220
f 1744/789/221 1746/791/222 1745/792/222 1743/790/221
f 1746/791/222 1748/793/223 1747/794/223 1745/792/222
f 1748/793/223 1750/795/224 1749/796/224 1747/794/223
f 1750/795/224 1752/797/225 1751/798/225 1749/796/224
f 1752/797/225 1702/750/200 1701/49/200 1751/798/225
f 1754/563/226 1756/751/227 1755/752/227 1753/30/226
f 1756/751/227 1758/753/228 1757/754/228 1755/752/227
f 1758/753/228 1760/755/229 1759/756/229 1757/754/228
f 1760/755/229 1762/757/230 1761/758/230 1759/756/229
f 1762/757/230 1764/759/231 1763/760/231 1761/758/230
f 1764/759/231 1766/761/232 1765/762/232 1763/760/231
f 1766/761/232 1768/763/233 1767/764/233 1765/762/232
f 1768/763/233 1770/765/234 1769/766/234 1767/764/233
f 1770/765/234 1772/767/235 1771/768/235 1769/766/234
f 1772/767/235 1774/769/236 1773/770/236 1771/768/235
f 1774/769/236 1776/771/237 1775/772/237 1773/770/236
f 1776/771/237 1778/773/238 1777/774/238 1775/772/237
f 1778/773/238 1780/656/239 1779/657/239 1777/774/238
f 1780/656/239 1782/775/240 1781/776/240 1779/657/239
f 1782/775/240 1784/777/241 1783/778/241 1781/776/240
f 1784/777/241 1786/779/242 1785/780/242 1783/778/241
f 1786/779/242 1788/781/243 1787/782/243 1785/780/242
f 1788/781/243 1790/783/244 1789/784/244 1787/782/243
f 1790/783/244 1792/785/245 1791/786/245 1789/784/244
f 1792/785/245 1794/787/246 1793/788/246 1791/786/245
f 1794/787/246 1796/789/247 1795/790/247 1793/788/246
f 1796/789/247 1798/791/248 1797/792/248 1795/790/247
f 1798/791/248 1800/793/249 1799/794/249 1797/792/248
f 1800/793/249 1802/795/250 1801/796/250 1799/794/249
f 1802/795/250 1804/797/251 1803/798/251 1801/796/250
f 1804/797/251 1754/750/226 1753/49/226 1803/798/251
f 1806/563/252 1808/751/253 1807/752/253 1805/30/252
f 1808/751/253 1810/753/254 1809/754/254 1807/752/253
f 1810/753/254 1812/755/255 1811/756/255 1809/754/254
f 1812/755/255 1814/757/256 1813/758/256 1811/756/255
f 1814/757/256 1816/759/257 1815/760/257 1813/758/256
f 1816/759/257 1818/761/258 1817/762/258 1815/760/257
f 1818/761/258 1820/763/259 1819/764/259 1817/762/258
f 1820/763/259 1822/765/260 1821/766/260 1819/764/259
f 1822/765/260 1824/767/261 1823/768/261 1821/766/260
f 1824/767/261 1826/769/262 1825/770/262 1823/768/261
f 1826/769/262 1828/771/263 1827/772/263 1825/770/262
f 1828/771/263 1830/773/264 1829/774/264 1827/772/263
f 1830/773/264 1832/656/265 1831/657/265 1829/774/264
f 1832/656/265 1834/775/266 1833/776/266 1831/657/265
f 1834/775/266 1836/777/267 1835/778/267 1833/776/266
f 1836/777/267 1838/779/268 1837/780/268 1835/778/267
f 1838/779/268 1840/781/269 1839/782/269 1837/780/268
f 1840/781/269 1842/783/270 1841/784/270 1839/782/269
f 1842/783/270 1844/785/271 1843/786/271 1841/784/270
f 1844/785/271 1846/787/272 1845/788/272 1843/786/271
f 1846/787/272 1848/789/273 1847/790/273 1845/788/272
f 1848/789/273 1850/791/274 1849/792/274 1847/790/273
f 1850/791/274 1852/793/275 1851/794/275 1849/792/274
f 1852/793/275 1854/795/276 1853/796/276 1851/794/275
f 1854/795/276 1856/797/277 1855/798/277 1853/796/276
f 1856/797/277 1806/750/252 1805/49/252 1855/798/277
f 1858/563/5 1860/871/278 1859/872/278 1857/30/5
f 1860/871/278 1862/873/279 1861/874/279 1859/872/278
f 1862/873/279 1864/875/280 1863/876/280 1861/874/279
f 1864/875/280 1866/877/281 1865/878/281 1863/876/280
f 1866/877/281 1868/879/282 1867/880/282 1865/878/281
f 1868/879/282 1870/751/283 1869/752/283 1867/880/282
f 1870/751/283 1872/881/284 1871/882/284 1869/752/283
f 1872/881/284 1874/883/285 1873/884/285 1871/882/284
f 1874/883/285 1876/885/286 1875/886/286 1873/884/285
f 1876/885/286 1878/887/287 1877/888/287 1875/886/286
f 1878/887/287 1880/889/288 1879/890/288 1877/888/287
f 1880/889/288 1882/753/289 1881/754/289 1879/890/288
f 1882/753/289 1884/891/290 1883/892/290 1881/754/289
f 1884/891/290 1886/893/291 1885/894/291 1883/892/290
f 1886/893/291 1888/895/292 1887/896/292 1885/894/291
f 1888/895/292 1890/897/293 1889/898/293 1887/896/292
f 1890/897/293 1892/899/294 1891/900/294 1889/898/293
f 1892/899/294 1894/755/295 1893/756/295 1891/900/294
f 1894/755/295 1896/901/296 1895/902/296 1893/756/295
f 1896/901/296 1898/903/297 1897/904/297 1895/902/296
f 1898/903/297 1900/905/298 1899/906/298 1897/904/297
f 1900/905/298 1902/907/299 1901/908/299 1899/906/298
f 1902/907/299 1904/909/300 1903/910/300 1901/908/299
f 1904/909/300 1906/757/301 1905/758/301 1903/910/300
f 1906/757/301 1908/911/302 1907/912/302 1905/758/301
f 1908/911/302 1910/913/303 1909/914/303 1907/912/302
f 1910/913/303 1912/915/304 1911/916/304 1909/914/303
f 1912/915/304 1914/917/305 1913/918/305 1911/916/304
f 1914/917/305 1916/919/306 1915/920/306 1913/918/305
f 1916/919/306 1918/759/307 1917/760/307 1915/920/306
f 1918/759/307 1920/921/308 1919/922/308 1917/760/307
f 1920/921/308 1922/923/309 1921/924/309 1919/922/308
f 1922/923/309 1924/925/310 1923/926/310 1921/924/309
f 1924/925/310 1926/927/311 1925/928/311 1923/926/310
f 1926/927/311 1928/929/312 1927/930/312 1925/928/311
f 1928/929/312 1930/761/313 1929/762/313 1927/930/312
f 1930/761/313 1932/931/314 1931/932/314 1929/762/313
f 1932/931/314 1934/933/315 1933/934/315 1931/932/314
f 1934/933/315 1936/935/316 1935/936/316 1933/934/315
f 1936/935/316 1938/937/317 1937/938/317 1935/936/316
f 1938/937/317 1940/939/318 1939/940/318 1937/938/317
f 1940/939/318 1942/763/319 1941/764/319 1939/940/318
f 1942/763/319 1944/941/320 1943/942/320 1941/764/319
f 1944/941/320 1946/943/321 1945/944/321 1943/942/320
f 1946/943/321 1948/945/322 1947/946/322 1945/944/321
f 1948/945/322 1950/947/323 1949/948/323 1947/946/322
f 1950/947/323 1952/949/324 1951/950/324 1949/948/323
f 1952/949/324 1954/765/325 1953/766/325 1951/950/324
f 1954/765/325 1956/951/326 1955/952/326 1953/766/325
f 1956/951/326 1958/953/327 1957/954/327 1955/952/326
f 1958/953/327 1960/955/328 1959/956/328 1957/954/327
f 1960/955/328 1962/957/329 1961/26/329 1959/956/328
f 1962/957/329 1964/958/330 1963/959/330 1961/26/329
f 1964/958/330 1966/767/331 1965/768/331 1963/959/330
f 1966/767/331 1968/960/332 1967/961/332 1965/768/331
f 1968/960/332 1970/962/332 1969/963/332 1967/961/332
f 1970/962/332 1972/964/332 1971/965/332 1969/963/332
f 1972/964/332 1974/966/332 1973/967/332 1971/965/332
f 1974/966/332 1976/968/332 1975/969/332 1973/967/332
f 1976/968/332 1978/769/332 1977/770/332 1975/969/332
f 1978/769/332 1980/970/332 1979/971/332 1977/770/332
f 1980/970/332 1982/972/332 1981/973/332 1979/971/332
f 1982/972/332 1984/974/332 1983/975/332 1981/973/332
f 1984/974/332 1986/976/332 1985/977/332 1983/975/332
f 1986/976/332 1988/978/332 1987/979/332 1985/977/332
f 1988/978/332 1990/771/332 1989/772/332 1987/979/332
f 1990/771/332 1992/980/333 1991/981/333 1989/772/332
f 1992/980/333 1994/982/334 1993/983/334 1991/981/333
f 1994/982/334 1996/984/335 1995/985/335 1993/983/334
f 1996/984/335 1998/986/336 1997/987/336 1995/985/335
f 1998/986/336 2000/988/337 1999/989/337 1997/987/336
f 2000/988/337 2002/773/338 2001/774/338 1999/989/337
f 2002/773/338 2004/990/339 2003/991/339 2001/774/338
f 2004/990/339 2006/992/340 2005/993/340 2003/991/339
f 2006/992/340 2008/994/341 2007/995/341 2005/993/340
f 2008/994/341 2010/996/342 2009/997/342 2007/995/341
f 2010/996/342 2012/998/343 2011/999/343 2009/997/342
f 2012/998/343 2014/656/344 2013/657/344 2011/999/343
f 2014/656/344 2016/1000/345 2015/1001/345 2013/657/344
f 2016/1000/345 2018/1002/346 2017/1003/346 2015/1001/345
f 2018/1002/346 2020/1004/347 2019/1005/347 2017/1003/346
f 2020/1004/347 2022/1006/348 2021/1007/348 2019/1005/347
f 2022/1006/348 2024/1008/349 2023/1009/349 2021/1007/348
f 2024/1008/349 2026/775/350 2025/776/350 2023/1009/349
f 2026/775/350 2028/1010/351 2027/1011/351 2025/776/350
f 2028/1010/351 2030/1012/352 2029/1013/352 2027/1011/351
f 2030/1012/352 2032/1014/353 2031/1015/353 2029/1013/352
f 2032/1014/353 2034/1016/354 2033/1017/354 2031/1015/353
f 2034/1016/354 2036/1018/355 2035/1019/355 2033/1017/354
f 2036/1018/355 2038/777/356 2037/778/356 2035/1019/355
f 2038/777/356 2040/1020/357 2039/1021/357 2037/778/356
f 2040/1020/357 2042/1022/358 2041/1023/358 2039/1021/357
f 2042/1022/358 2044/1024/359 2043/1025/359 2041/1023/358
f 2044/1024/359 2046/1026/360 2045/1027/360 2043/1025/359
f 2046/1026/360 2048/1028/361 2047/1029/361 2045/1027/360
f 2048/1028/361 2050/779/362 2049/780/362 2047/1029/361
f 2050/779/362 2052/1030/363 2051/1031/363 2049/780/362
f 2052/1030/363 2054/1032/364 2053/1033/364 2051/1031/363
f 2054/1032/364 2056/1034/365 2055/1035/365 2053/1033/364
f 2056/1034/365 2058/1036/366 2057/1037/366 2055/1035/365
f 2058/1036/366 2060/1038/367 2059/1039/367 2057/1037/366
f 2060/1038/367 2062/781/368 2061/782/368 2059/1039/367
f 2062/781/368 2064/1040/369 2063/1041/369 2061/782/368
f 2064/1040/369 2066/1042/370 2065/56/370 2063/1041/369
f 2066/1042/370 2068/1043/371 2067/1044/371 2065/56/370
f 2068/1043/371 2070/1045/372 2069/1046/372 2067/1044/371
f 2070/1045/372 2072/1047/373 2071/1048/373 2069/1046/372
f 2072/1047/373 2074/783/374 2073/784/374 2071/1048/373
f 2074/783/374 2076/1049/375 2075/1050/375 2073/784/374
f 2076/1049/375 2078/1051/376 2077/1052/376 2075/1050/375
f 2078/1051/376 2080/1053/377 2079/1054/377 2077/1052/376
f 2080/1053/377 2082/1055/378 2081/1056/378 2079/1054/377
f 2082/1055/378 2084/1057/379 2083/1058/379 2081/1056/378
f 2084/1057/379 2086/785/380 2085/786/380 2083/1058/379
f 2086/785/380 2088/1059/381 2087/1060/381 2085/786/380
f 2088/1059/381 2090/1061/382 2089/1062/382 2087/1060/381
f 2090/1061/382 2092/1063/383 2091/1064/383 2089/1062/382
f 2092/1063/383 2094/1065/383 2093/1066/383 2091/1064/383
f 2094/1065/383 2096/1067/383 2095/1068/383 2093/1066/383
f 2096/1067/383 2098/787/383 2097/788/383 2095/1068/383
f 2098/787/383 2100/1069/383 2099/1070/383 2097/788/383
f 2100/1069/383 2102/1071/383 2101/1072/383 2099/1070/383
f 2102/1071/383 2104/1073/383 2103/1074/383 2101/1072/383
f 2104/1073/383 2106/1075/383 2105/1076/383 2103/1074/383
f 2106/1075/383 2108/1077/383 2107/1078/383 2105/1076/383
f 2108/1077/383 2110/789/383 2109/790/383 2107/1078/383
f 2110/789/383 2112/1079/383 2111/1080/383 2109/790/383
f 2112/1079/383 2114/1081/383 2113/1082/383 2111/1080/383
f 2114/1081/383 2116/1083/6 2115/1084/6 2113/1082/383
f 2116/1083/6 2118/1085/384 2117/1086/384 2115/1084/6
f 2118/1085/384 2120/1087/385 2119/1088/385 2117/1086/384
f 2120/1087/385 2122/791/386 2121/792/386 2119/1088/385
f 2122/791/386 2124/1089/387 2123/1090/387 2121/792/386
f 2124/1089/387 2126/1091/388 2125/1092/388 2123/1090/387
f 2126/1091/388 2128/1093/389 2127/1094/389 2125/1092/388
f 2128/1093/389 2130/1095/390 2129/1096/390 2127/1094/389
f 2130/1095/390 2132/1097/391 2131/1098/391 2129/1096/390
f 2132/1097/391 2134/793/392 2133/794/392 2131/1098/391
f 2134/793/392 2136/1099/393 2135/1100/393 2133/794/392
f 2136/1099/393 2138/1101/394 2137/1102/394 2135/1100/393
f 2138/1101/394 2140/1103/395 2139/1104/395 2137/1102/394
f 2140/1103/395 2142/1105/396 2141/1106/396 2139/1104/395
f 2142/1105/396 2144/1107/397 2143/1108/397 2141/1106/396
f 2144/1107/397 2146/795/398 2145/796/398 2143/1108/397
f 2146/795/398 2148/1109/399 2147/1110/399 2145/796/398
f 2148/1109/399 2150/1111/400 2149/1112/400 2147/1110/399
f 2150/1111/400 2152/1113/401 2151/1114/401 2149/1112/400
f 2152/1113/401 2154/1115/402 2153/1116/402 2151/1114/401
f 2154/1115/402 2156/1117/403 2155/1118/403 2153/1116/402
f 2156/1117/403 2158/797/404 2157/798/404 2155/1118/403
f 2158/797/404 2160/1119/405 2159/1120/405 2157/798/404
f 2160/1119/405 2162/1121/406 2161/1122/406 2159/1120/405
f 2162/1121/406 2164/1123/407 2163/1124/407 2161/1122/406
f 2164/1123/407 2166/1125/408 2165/1126/408 2163/1124/407
f 2166/1125/408 2168/1127/409 2167/1128/409 2165/1126/408
f 2168/1127/409 1858/750/5 1857/49/5 2167/1128/409
f 2170/563/410 2172/1129/411 2171/1130/411 2169/30/410
f 2172/1129/411 2174/1131/412 2173/1132/412 2171/1130/411
f 2174/1131/412 2176/1133/413 2175/1134/413 2173/1132/412
f 2176/1133/413 2178/1135/414 2177/268/414 2175/1134/413
f 2178/1135/414 2180/1136/415 2179/1137/415 2177/268/414
f 2180/1136/415 2182/1138/416 2181/1139/416 2179/1137/415
f 2182/1138/416 2184/1140/417 2183/1141/417 2181/1139/416
f 2184/1140/417 2186/1142/418 2185/227/418 2183/1141/417
f 2186/1142/418 2188/1143/419 2187/1144/419 2185/227/418
f 2188/1143/419 2190/1145/420 2189/1146/420 2187/1144/419
f 2190/1145/420 2192/1147/421 2191/1148/421 2189/1146/420
f 2192/1147/421 2194/1149/422 2193/275/422 2191/1148/421
f 2194/1149/422 2196/1150/423 2195/1151/423 2193/275/422
f 2196/1150/423 2198/1152/424 2197/1153/424 2195/1151/423
f 2198/1152/424 2200/1154/425 2199/1155/425 2197/1153/424
f 2200/1154/425 2202/1156/426 2201/287/426 2199/1155/425
f 2202/1156/426 2204/1157/427 2203/1158/427 2201/287/426
f 2204/1157/427 2206/1159/428 2205/1160/428 2203/1158/427
f 2206/1159/428 2208/1161/429 2207/1162/429 2205/1160/428
f 2208/1161/429 2210/1163/430 2209/233/430 2207/1162/429
f 2210/1163/430 2212/1164/431 2211/1165/431 2209/233/430
f 2212/1164/431 2214/1166/432 2213/1167/432 2211/1165/431
f 2214/1166/432 2216/1168/433 2215/1169/433 2213/1167/432
f 2216/1168/433 2218/1170/434 2217/225/434 2215/1169/433
f 2218/1170/434 2220/1171/435 2219/1172/435 2217/225/434
f 2220/1171/435 2222/1173/435 2221/1174/435 2219/1172/435
f 2222/1173/435 2224/1175/435 2223/1176/435 2221/1174/435
f 2224/1175/435 2226/1177/435 2225/274/435 2223/1176/435
f 2226/1177/435 2228/1178/435 2227/1179/435 2225/274/435
f 2228/1178/435 2230/1180/435 2229/1181/435 2227/1179/435
f 2230/1180/435 2232/1182/435 2231/1183/435 2229/1181/435
f 2232/1182/435 2234/1184/435 2233/398/435 2231/1183/435
f 2234/1184/435 2236/1185/435 2235/1186/435 2233/398/435
f 2236/1185/435 2238/1187/435 2237/1188/435 2235/1186/435
f 2238/1187/435 2240/1189/435 2239/1190/435 2237/1188/435
f 2240/1189/435 2242/1191/436 2241/360/436 2239/1190/435
f 2242/1191/436 2244/935/437 2243/936/437 2241/360/436
f 2244/935/437 2246/1192/389 2245/1193/389 2243/936/437
f 2246/1192/389 2248/1194/438 2247/1195/438 2245/1193/389
f 2248/1194/438 2250/1196/439 2249/392/439 2247/1195/438
f 2250/1196/439 2252/1197/440 2251/1198/440 2249/392/439
f 2252/1197/440 2254/1199/441 2253/1200/441 2251/1198/440
f 2254/1199/441 2256/1201/442 2255/1202/442 2253/1200/441
f 2256/1201/442 2258/1203/443 2257/418/443 2255/1202/442
f 2258/1203/443 2260/1204/444 2259/1205/444 2257/418/443
f 2260/1204/444 2262/1206/445 2261/1207/445 2259/1205/444
f 2262/1206/445 2264/1208/446 2263/1209/446 2261/1207/445
f 2264/1208/446 2266/1210/447 2265/394/447 2263/1209/446
f 2266/1210/447 2268/1211/448 2267/1212/448 2265/394/447
f 2268/1211/448 2270/1213/449 2269/1214/449 2267/1212/448
f 2270/1213/449 2272/1215/450 2271/1216/450 2269/1214/449
f 2272/1215/450 2274/1217/451 2273/365/451 2271/1216/450
f 2274/1217/451 2276/1218/452 2275/1219/452 2273/365/451
f 2276/1218/452 2278/1220/453 2277/1221/453 2275/1219/452
f 2278/1220/453 2280/1222/454 2279/1223/454 2277/1221/453
f 2280/1222/454 2282/1224/455 2281/390/455 2279/1223/454
f 2282/1224/455 2284/1225/456 2283/1226/456 2281/390/455
f 2284/1225/456 2286/1227/457 2285/1228/457 2283/1226/456
f 2286/1227/457 2288/1229/458 2287/1230/458 2285/1228/457
f 2288/1229/458 2290/1231/459 2289/281/459 2287/1230/458
f 2290/1231/459 2292/1232/460 2291/1233/460 2289/281/459
f 2292/1232/460 2294/1234/461 2293/1235/461 2291/1233/460
f 2294/1234/461 2296/1236/461 2295/1237/461 2293/1235/461
f 2296/1236/461 2298/1238/461 2297/253/461 2295/1237/461
f 2298/1238/461 2300/1239/461 2299/1240/461 2297/253/461
f 2300/1239/461 2302/1241/461 2301/1242/461 2299/1240/461
f 2302/1241/461 2304/1243/461 2303/1244/461 2301/1242/461
f 2304/1243/461 2306/1245/461 2305/237/461 2303/1244/461
f 2306/1245/461 2308/1246/461 2307/1247/461 2305/237/461
f 2308/1246/461 2310/1248/461 2309/1249/461 2307/1247/461
f 2310/1248/461 2312/1250/461 2311/1251/461 2309/1249/461
f 2312/1250/461 2314/1252/461 2313/265/461 2311/1251/461
f 2314/1252/461 2316/1253/462 2315/1254/462 2313/265/461
f 2316/1253/462 2318/656/463 2317/657/463 2315/1254/462
f 2318/656/463 2320/1255/464 2319/1256/464 2317/657/463
f 2320/1255/464 2322/1257/465 2321/322/465 2319/1256/464
f 2322/1257/465 2324/1258/313 2323/1259/313 2321/322/465
f 2324/1258/313 2326/1260/466 2325/1261/466 2323/1259/313
f 2326/1260/466 2328/1262/467 2327/1263/467 2325/1261/466
f 2328/1262/467 2330/1264/468 2329/308/468 2327/1263/467
f 2330/1264/468 2332/1265/469 2331/1266/469 2329/308/468
f 2332/1265/469 2334/1267/470 2333/1268/470 2331/1266/469
f 2334/1267/470 2336/1269/471 2335/1270/471 2333/1268/470
f 2336/1269/471 2338/1271/472 2337/347/472 2335/1270/471
f 2338/1271/472 2340/1272/473 2339/1273/473 2337/347/472
f 2340/1272/473 2342/1274/474 2341/1275/474 2339/1273/473
f 2342/1274/474 2344/1276/475 2343/1277/475 2341/1275/474
f 2344/1276/475 2346/1278/476 2345/341/476 2343/1277/475
f 2346/1278/476 2348/1279/477 2347/1280/477 2345/341/476
f 2348/1279/477 2350/1281/478 2349/1282/478 2347/1280/477
f 2350/1281/478 2352/1283/479 2351/1284/479 2349/1282/478
f 2352/1283/479 2354/1285/480 2353/355/480 2351/1284/479
f 2354/1285/480 2356/1286/481 2355/1287/481 2353/355/480
f 2356/1286/481 2358/1288/482 2357/1289/482 2355/1287/481
f 2358/1288/482 2360/1290/483 2359/1291/483 2357/1289/482
f 2360/1290/483 2362/1292/484 2361/412/484 2359/1291/483
f 2362/1292/484 2364/1293/485 2363/1294/485 2361/412/484
f 2364/1293/485 2366/1295/486 2365/1296/486 2363/1294/485
f 2366/1295/486 2368/1297/487 2367/1298/487 2365/1296/486
f 2368/1297/487 2370/1299/488 2369/454/488 2367/1298/487
f 2370/1299/488 2372/1300/489 2371/1301/489 2369/454/488
f 2372/1300/489 2374/1302/490 2373/1303/490 2371/1301/489
f 2374/1302/490 2376/1304/491 2375/1305/491 2373/1303/490
f 2376/1304/491 2378/1306/492 2377/467/492 2375/1305/491
f 2378/1306/492 2380/1307/493 2379/1308/493 2377/467/492
f 2380/1307/493 2382/1309/494 2381/1310/494 2379/1308/493
f 2382/1309/494 2384/1311/495 2383/1312/495 2381/1310/494
f 2384/1311/495 2386/1313/496 2385/466/496 2383/1312/495
f 2386/1313/496 2388/1314/497 2387/1315/497 2385/466/496
f 2388/1314/497 2390/1316/498 2389/1317/498 2387/1315/497
f 2390/1316/498 2392/1063/499 2391/1064/499 2389/1317/498
f 2392/1063/499 2394/1318/500 2393/434/500 2391/1064/499
f 2394/1318/500 2396/1319/501 2395/1320/501 2393/434/500
f 2396/1319/501 2398/1321/502 2397/1322/502 2395/1320/501
f 2398/1321/502 2400/1323/503 2399/1324/503 2397/1322/502
f 2400/1323/503 2402/1325/504 2401/444/504 2399/1324/503
f 2402/1325/504 2404/1326/505 2403/1327/505 2401/444/504
f 2404/1326/505 2406/1328/506 2405/1329/506 2403/1327/505
f 2406/1328/506 2408/1330/507 2407/1331/507 2405/1329/506
f 2408/1330/507 2410/1332/508 2409/445/508 2407/1331/507
f 2410/1332/508 2412/1333/509 2411/1334/509 2409/445/508
f 2412/1333/509 2414/1335/510 2413/1336/510 2411/1334/509
f 2414/1335/510 2416/1337/511 2415/1338/511 2413/1336/510
f 2416/1337/511 2418/1339/512 2417/428/512 2415/1338/511
f 2418/1339/512 2420/1340/513 2419/1341/513 2417/428/512
f 2420/1340/513 2422/1342/514 2421/1343/514 2419/1341/513
f 2422/1342/514 2424/1344/515 2423/1345/515 2421/1343/514
f 2424/1344/515 2426/1346/516 2425/397/516 2423/1345/515
f 2426/1346/516 2428/1347/517 2427/1348/517 2425/397/516
f 2428/1347/517 2430/1349/518 2429/1350/518 2427/1348/517
f 2430/1349/518 2432/1351/519 2431/1352/519 2429/1350/518
f 2432/1351/519 2434/1353/520 2433/352/520 2431/1352/519
f 2434/1353/520 2436/1354/521 2435/1355/521 2433/352/520
f 2436/1354/521 2438/1356/522 2437/1357/522 2435/1355/521
f 2438/1356/522 2440/1358/523 2439/1359/523 2437/1357/522
f 2440/1358/523 2442/1360/524 2441/332/524 2439/1359/523
f 2442/1360/524 2444/1361/525 2443/1362/525 2441/332/524
f 2444/1361/525 2446/1363/526 2445/1364/526 2443/1362/525
f 2446/1363/526 2448/1365/527 2447/1366/527 2445/1364/526
f 2448/1365/527 2450/1367/528 2449/325/528 2447/1366/527
f 2450/1367/528 2452/1368/529 2451/1369/529 2449/325/528
f 2452/1368/529 2454/1370/530 2453/1371/530 2451/1369/529
f 2454/1370/530 2456/1372/531 2455/1373/531 2453/1371/530
f 2456/1372/531 2458/1374/532 2457/311/532 2455/1373/531
f 2458/1374/532 2460/1375/533 2459/1376/533 2457/311/532
f 2460/1375/533 2462/1377/534 2461/1378/534 2459/1376/533
f 2462/1377/534 2464/1379/535 2463/1380/535 2461/1378/534
f 2464/1379/535 2170/750/410 2169/49/410 2463/1380/535
f 2466/563/98 2468/751/99 2467/752/99 2465/30/98
f 2468/751/99 2470/753/536 2469/754/536 2467/752/99
f 2470/753/536 2472/755/101 2471/756/101 2469/754/536
f 2472/755/101 2474/757/102 2473/758/102 2471/756/101
f 2474/757/102 2476/759/103 2475/760/103 2473/758/102
f 2476/759/103 2478/761/104 2477/762/104 2475/760/103
f 2478/761/104 2480/763/105 2479/764/105 2477/762/104
f 2480/763/105 2482/765/106 2481/766/106 2479/764/105
f 2482/765/106 2484/767/107 2483/768/107 2481/766/106
f 2484/767/107 2486/769/108 2485/770/108 2483/768/107
f 2486/769/108 2488/771/537 2487/772/537 2485/770/108
f 2488/771/537 2490/773/110 2489/774/110 2487/772/537
f 2490/773/110 2492/656/111 2491/657/111 2489/774/110
f 2492/656/111 2494/775/112 2493/776/112 2491/657/111
f 2494/775/112 2496/777/113 2495/778/113 2493/776/112
f 2496/777/113 2498/779/538 2497/780/538 2495/778/113
f 2498/779/538 2500/781/115 2499/782/115 2497/780/538
f 2500/781/115 2502/783/539 2501/784/539 2499/782/115
f 2502/783/539 2504/785/117 2503/786/117 2501/784/539
f 2504/785/117 2506/787/118 2505/788/118 2503/786/117
f 2506/787/118 2508/789/119 2507/790/119 2505/788/118
f 2508/789/119 2510/791/120 2509/792/120 2507/790/119
f 2510/791/120 2512/793/121 2511/794/121 2509/792/120
f 2512/793/121 2514/795/122 2513/796/122 2511/794/121
f 2514/795/122 2516/797/123 2515/798/123 2513/796/122
f 2516/797/123 2466/750/98 2465/49/98 2515/798/123
f 2518/563/124 2520/799/125 2519/800/125 2517/30/124
f 2520/799/125 2522/801/126 2521/27/126 2519/800/125
f 2522/801/126 2524/802/127 2523/803/127 2521/27/126
f 2524/802/127 2526/804/128 2525/17/128 2523/803/127
f 2526/804/128 2528/805/129 2527/806/129 2525/17/128
f 2528/805/129 2530/807/130 2529/11/130 2527/806/129
f 2530/807/130 2532/808/131 2531/809/131 2529/11/130
f 2532/808/131 2534/810/132 2533/1/132 2531/809/131
f 2534/810/132 2536/811/133 2535/812/133 2533/1/132
f 2536/811/133 2538/813/134 2537/4/134 2535/812/133
f 2538/813/134 2540/814/135 2539/815/135 2537/4/134
f 2540/814/135 2542/816/136 2541/8/136 2539/815/135
f 2542/816/136 2544/817/137 2543/818/137 2541/8/136
f 2544/817/137 2546/819/138 2545/14/138 2543/818/137
f 2546/819/138 2548/820/139 2547/821/139 2545/14/138
f 2548/820/139 2550/822/140 2549/23/140 2547/821/139
f 2550/822/140 2552/823/141 2551/824/141 2549/23/140
f 2552/823/141 2554/825/142 2553/45/142 2551/824/141
f 2554/825/142 2556/826/143 2555/827/143 2553/45/142
f 2556/826/143 2558/828/144 2557/39/144 2555/827/143
f 2558/828/144 2560/829/145 2559/830/145 2557/39/144
f 2560/829/145 2562/831/146 2561/33/146 2559/830/145
f 2562/831/146 2564/832/147 2563/833/147 2561/33/146
f 2564/832/147 2566/834/148 2565/18/148 2563/833/147
f 2566/834/148 2568/656/149 2567/657/149 2565/18/148
f 2568/656/149 2570/835/150 2569/32/150 2567/657/149
f 2570/835/150 2572/836/151 2571/837/151 2569/32/150
f 2572/836/151 2574/838/152 2573/38/152 2571/837/151
f 2574/838/152 2576/839/153 2575/840/153 2573/38/152
f 2576/839/153 2578/841/154 2577/44/154 2575/840/153
f 2578/841/154 2580/842/155 2579/843/155 2577/44/154
f 2580/842/155 2582/844/156 2581/50/156 2579/843/155
f 2582/844/156 2584/845/157 2583/846/157 2581/50/156
f 2584/845/157 2586/847/158 2585/59/158 2583/846/157
f 2586/847/158 2588/848/159 2587/849/159 2585/59/158
f 2588/848/159 2590/850/160 2589/65/160 2587/849/159
f 2590/850/160 2592/851/161 2591/852/161 2589/65/160
f 2592/851/161 2594/853/162 2593/72/162 2591/852/161
f 2594/853/162 2596/854/163 2595/855/163 2593/72/162
f 2596/854/163 2598/856/164 2597/75/164 2595/855/163
f 2598/856/164 2600/857/165 2599/858/165 2597/75/164
f 2600/857/165 2602/859/166 2601/69/166 2599/858/165
f 2602/859/166 2604/860/167 2603/861/167 2601/69/166
f 2604/860/167 2606/862/168 2605/64/168 2603/861/167
f 2606/862/168 2608/863/169 2607/864/169 2605/64/168
f 2608/863/169 2610/865/170 2609/58/170 2607/864/169
f 2610/865/170 2612/866/171 2611/867/171 2609/58/170
f 2612/866/171 2614/868/172 2613/54/172 2611/867/171
f 2614/868/172 2616/869/173 2615/870/173 2613/54/172
f 2616/869/173 2518/750/124 2517/49/124 2615/870/173
