vt 0.1 0.5
vt 0.3 0.5
vt 0.5 0.5
vt 0.7 0.5
vt 0.9 0.5
# Blender v2.76 (sub 0) OBJ File: 'Revolver.blend'
# www.blender.org
mtllib Revolver.mtl
o Bullets_Cylinder.022
v 2.126255 -417.796844 2.181988
v 2.060856 -418.354309 2.181988
v 2.123431 -417.797668 1.687716
v 2.058325 -418.352997 1.687714
v 1.779100 -417.355804 2.181988
v 1.777637 -417.358276 1.687714
v 2.088629 -417.807465 1.678792
v 2.090237 -417.809540 1.679282
v 2.078181 -417.905853 1.679079
v 2.001549 -417.965424 1.660611
v 1.921623 -417.955444 1.639105
v 1.899352 -418.145416 1.639105
v 1.978579 -418.155304 1.660422
v 2.038161 -418.231934 1.678604
v 2.026106 -418.328247 1.678401
v 2.021139 -418.332092 1.677204
v 1.620298 -418.698395 1.687714
v 1.621066 -418.701111 2.181987
v 1.222895 -417.290070 2.181987
v 1.223664 -417.292786 1.687714
v 1.757416 -417.394501 1.677488
v 1.764499 -417.395386 1.678828
v 1.824077 -417.472015 1.678676
v 1.812016 -417.568329 1.660241
v 1.749523 -417.616943 1.639105
v 1.870432 -417.770569 1.639105
v 1.934344 -417.720856 1.660721
v 2.030659 -417.732910 1.678940
v 1.949480 -418.387817 1.677038
v 1.853164 -418.375763 1.658617
v 1.808226 -418.317993 1.639105
v 1.650040 -418.442719 1.639105
v 1.702101 -418.509674 1.661711
v 1.690051 -418.605957 1.679880
v 1.613425 -418.665558 1.679703
v 1.610941 -418.665222 1.679228
v 1.793581 -418.299164 1.639105
v 1.805636 -418.202850 1.639105
v 1.882262 -418.143280 1.639105
v 1.905233 -417.953400 1.639105
v 1.888651 -417.932068 1.639105
v 1.611015 -418.429108 1.639105
v 1.642517 -418.433044 1.639105
v 1.066323 -418.632904 1.687714
v 1.064861 -418.635376 2.181987
v 0.783105 -417.636871 2.181987
v 0.785636 -417.638184 1.687714
v 1.234039 -417.329559 1.678305
v 1.328614 -417.341400 1.678130
v 1.388186 -417.418030 1.659706
v 1.378583 -417.494720 1.639105
v 1.582060 -417.518768 1.639105
v 1.591557 -417.442932 1.659479
v 1.668189 -417.383331 1.677652
v 1.735383 -417.627930 1.639105
v 1.639073 -417.615875 1.639105
v 1.579496 -417.539246 1.639105
v 1.376125 -417.514343 1.639105
v 1.358303 -417.528198 1.639105
v 1.854440 -417.806580 1.639105
v 1.857711 -417.780457 1.639105
v 1.517114 -418.653503 1.679055
v 1.457532 -418.576874 1.660636
v 1.467558 -418.496735 1.639105
v 1.260317 -418.472229 1.639105
v 1.251228 -418.544891 1.658622
v 1.174607 -418.604431 1.676790
v 1.088239 -418.593628 1.676631
v 0.995544 -418.187958 1.639105
v 1.489467 -418.465118 1.639105
v 1.546207 -418.420990 1.639105
v 1.845656 -417.876770 1.639105
v 1.845750 -417.876007 1.639105
v 1.004892 -418.113281 1.639105
v 0.720529 -418.193512 1.687715
v 0.717706 -418.194336 2.181988
v 0.823681 -417.659576 1.676961
v 0.898640 -417.601288 1.676788
v 0.994944 -417.613342 1.658365
v 1.039284 -417.670380 1.639105
v 1.193199 -417.549011 1.639105
v 1.143617 -417.485229 1.660642
v 1.155678 -417.388916 1.678814
v 1.232304 -417.329346 1.678637
v 1.299499 -417.573914 1.639105
v 1.231106 -417.565369 1.639105
v 0.958717 -418.053009 1.639105
v 1.004987 -418.112518 1.639105
v 1.078297 -418.592377 1.678512
v 1.018720 -418.515778 1.678359
v 1.030770 -418.419464 1.659929
v 1.092349 -418.371582 1.639105
v 0.975143 -418.222656 1.639105
v 0.916312 -418.268402 1.659000
v 0.820007 -418.256348 1.677215
v 0.762060 -418.181793 1.677066
v 1.107390 -418.359894 1.639105
v 1.203700 -418.371948 1.639105
v 1.263278 -418.448578 1.639105
v 1.469580 -418.480560 1.639105
v 0.992932 -418.208832 1.639105
v 0.760430 -418.179718 1.677564
v 0.772485 -418.083405 1.677361
v 0.849105 -418.023834 1.658895
v 0.922653 -418.033051 1.639105
v 0.944905 -417.843262 1.639105
v 0.869530 -417.833801 1.659386
v 0.809958 -417.757172 1.677566
v 0.822014 -417.660858 1.677363
v 1.054516 -417.689972 1.639105
v 1.042460 -417.786285 1.639105
v 0.965834 -417.845886 1.639105
v 0.945410 -418.035889 1.639105
v 1.203188 -417.561859 1.639105
v 2.088629 -417.807465 2.151330
v 2.090236 -417.809540 2.151821
v 2.078181 -417.905853 2.151618
v 2.001549 -417.965424 2.133149
v 1.921623 -417.955444 2.111644
v 1.899352 -418.145416 2.111643
v 1.978579 -418.155304 2.132961
v 2.038162 -418.231934 2.151143
v 2.026106 -418.328247 2.150940
v 2.021139 -418.332092 2.149743
v 1.757416 -417.394501 2.150027
v 1.764499 -417.395386 2.151367
v 1.824076 -417.472015 2.151214
v 1.812016 -417.568329 2.132779
v 1.749523 -417.616943 2.111643
v 1.870432 -417.770569 2.111644
v 1.934344 -417.720856 2.133259
v 2.030659 -417.732910 2.151479
v 1.949480 -418.387817 2.149577
v 1.853163 -418.375763 2.131156
v 1.808226 -418.317993 2.111643
v 1.650040 -418.442719 2.111643
v 1.702101 -418.509674 2.134249
v 1.690051 -418.605957 2.152419
v 1.613425 -418.665558 2.152242
v 1.610941 -418.665222 2.151767
v 1.793581 -418.299164 2.111643
v 1.805636 -418.202850 2.111643
v 1.882262 -418.143280 2.111643
v 1.905233 -417.953400 2.111644
v 1.888651 -417.932068 2.111644
v 1.611015 -418.429108 2.111643
v 1.642517 -418.433044 2.111643
v 1.234039 -417.329559 2.150843
v 1.328614 -417.341400 2.150669
v 1.388186 -417.418030 2.132245
v 1.378583 -417.494720 2.111643
v 1.582060 -417.518768 2.111643
v 1.591557 -417.442932 2.132018
v 1.668188 -417.383331 2.150191
v 1.735383 -417.627930 2.111643
v 1.639073 -417.615875 2.111643
v 1.579496 -417.539246 2.111643
v 1.376125 -417.514343 2.111643
v 1.358303 -417.528198 2.111643
v 1.854440 -417.806580 2.111644
v 1.857711 -417.780457 2.111644
v 1.517114 -418.653503 2.151594
v 1.457532 -418.576874 2.133175
v 1.467558 -418.496735 2.111643
v 1.260317 -418.472229 2.111643
v 1.251228 -418.544891 2.131161
v 1.174607 -418.604431 2.149329
v 1.088239 -418.593628 2.149170
v 0.995544 -418.187958 2.111644
v 1.489467 -418.465118 2.111643
v 1.546206 -418.420990 2.111643
v 1.845656 -417.876770 2.111644
v 1.845750 -417.876007 2.111644
v 1.004892 -418.113281 2.111644
v 0.823681 -417.659576 2.149500
v 0.898639 -417.601288 2.149326
v 0.994944 -417.613342 2.130904
v 1.039284 -417.670380 2.111643
v 1.193198 -417.549011 2.111643
v 1.143617 -417.485229 2.133181
v 1.155678 -417.388916 2.151352
v 1.232304 -417.329346 2.151175
v 1.299499 -417.573914 2.111643
v 1.231106 -417.565369 2.111643
v 0.958717 -418.053009 2.111644
v 1.004987 -418.112518 2.111644
v 1.078297 -418.592377 2.151050
v 1.018720 -418.515778 2.150898
v 1.030770 -418.419464 2.132468
v 1.092349 -418.371582 2.111643
v 0.975143 -418.222656 2.111644
v 0.916312 -418.268402 2.131539
v 0.820007 -418.256348 2.149753
v 0.762060 -418.181793 2.149605
v 1.107390 -418.359894 2.111643
v 1.203700 -418.371948 2.111643
v 1.263278 -418.448578 2.111643
v 1.469580 -418.480560 2.111643
v 0.992932 -418.208832 2.111644
v 0.760430 -418.179718 2.150102
v 0.772485 -418.083405 2.149900
v 0.849105 -418.023834 2.131433
v 0.922653 -418.033051 2.111644
v 0.944905 -417.843262 2.111643
v 0.869530 -417.833801 2.131925
v 0.809958 -417.757172 2.150105
v 0.822014 -417.660858 2.149902
v 1.054516 -417.689972 2.111643
v 1.042460 -417.786285 2.111643
v 0.965834 -417.845886 2.111643
v 0.945410 -418.035889 2.111644
v 1.203188 -417.561859 2.111643
v 1.579916 -417.951019 2.181988
v 1.565251 -418.076050 2.181987
v 1.502066 -417.852112 2.181987
v 1.466626 -418.153809 2.181988
v 1.377335 -417.837372 2.181988
v 1.341895 -418.139069 2.181988
v 1.278710 -417.915131 2.181988
v 1.264044 -418.040161 2.181988
v 1.579916 -417.951019 2.472713
v 1.565250 -418.076050 2.472713
v 1.502066 -417.852112 2.472713
v 1.466626 -418.153809 2.472713
v 1.377335 -417.837372 2.472713
v 1.341895 -418.139069 2.472713
v 1.278710 -417.915131 2.472713
v 1.264044 -418.040161 2.472713
v 1.579916 -417.951019 2.670889
v 1.565250 -418.076050 2.670889
v 1.502066 -417.852112 2.670889
v 1.466626 -418.153809 2.670889
v 1.377335 -417.837372 2.670889
v 1.341895 -418.139069 2.670889
v 1.278710 -417.915131 2.670889
v 1.264044 -418.040161 2.670889
v 1.729800 -417.909576 2.478335
v 1.701216 -418.150848 2.478335
v 1.578068 -417.718719 2.478335
v 1.508995 -418.300934 2.478335
v 1.334965 -417.690247 2.478335
v 1.265893 -418.272461 2.478335
v 1.142745 -417.840332 2.478335
v 1.114160 -418.081604 2.478335
v 1.729800 -417.909576 2.665266
v 1.701216 -418.150848 2.665266
v 1.578068 -417.718719 2.665266
v 1.508995 -418.300934 2.665266
v 1.334965 -417.690247 2.665266
v 1.265893 -418.272461 2.665267
v 1.142745 -417.840332 2.665266
v 1.114160 -418.081604 2.665266
v 0.819952 -418.256439 1.954883
v 0.820142 -418.256104 1.308908
v 0.916262 -418.268494 1.954939
v 0.916453 -418.268158 1.308965
v 0.992888 -418.208923 1.955075
v 0.993078 -418.208588 1.309101
v 1.004944 -418.112610 1.955211
v 1.005134 -418.112274 1.309237
v 0.945366 -418.035980 1.955268
v 0.945557 -418.035645 1.309293
v 0.849056 -418.023926 1.955211
v 0.849246 -418.023590 1.309237
v 0.772430 -418.083496 1.955076
v 0.772620 -418.083160 1.309101
v 0.760375 -418.179810 1.954939
v 0.760565 -418.179474 1.308965
v 0.914653 -418.260895 1.190695
v 0.823881 -418.249512 1.190642
v 0.986873 -418.204742 1.190824
v 0.998235 -418.113953 1.190952
v 0.942084 -418.041748 1.191005
v 0.851312 -418.030396 1.190952
v 0.779092 -418.086517 1.190824
v 0.767730 -418.177307 1.190695
v 0.906944 -418.232635 1.138962
v 0.838378 -418.224030 1.138922
v 0.961497 -418.190216 1.139059
v 0.970079 -418.121643 1.139156
v 0.927664 -418.067078 1.139196
v 0.859098 -418.058502 1.139156
v 0.804546 -418.100922 1.139059
v 0.795964 -418.169495 1.138962
v 0.895652 -418.191376 1.102039
v 0.859531 -418.186859 1.102018
v 0.924390 -418.169037 1.102090
v 0.928911 -418.132904 1.102141
v 0.906567 -418.104187 1.102162
v 0.870446 -418.099640 1.102141
v 0.841708 -418.122009 1.102090
v 0.837187 -418.158112 1.102039
v 1.078243 -418.592499 1.954883
v 1.078433 -418.592163 1.308908
v 1.174553 -418.604553 1.954939
v 1.174743 -418.604218 1.308965
v 1.251179 -418.544952 1.955075
v 1.251369 -418.544617 1.309101
v 1.263234 -418.448639 1.955211
v 1.263424 -418.448334 1.309237
v 1.203657 -418.372040 1.955268
v 1.203847 -418.371704 1.309293
v 1.107347 -418.359985 1.955211
v 1.107537 -418.359650 1.309237
v 1.030721 -418.419556 1.955075
v 1.030911 -418.419220 1.309101
v 1.018665 -418.515869 1.954939
v 1.018856 -418.515533 1.308965
v 1.172944 -418.596954 1.190695
v 1.082172 -418.585571 1.190642
v 1.245164 -418.540802 1.190824
v 1.256526 -418.450012 1.190952
v 1.200374 -418.377808 1.191005
v 1.109602 -418.366425 1.190952
v 1.037382 -418.422577 1.190824
v 1.026020 -418.513367 1.190695
v 1.165235 -418.568665 1.138962
v 1.096669 -418.560089 1.138922
v 1.219787 -418.526276 1.139059
v 1.228370 -418.457703 1.139156
v 1.185955 -418.403137 1.139196
v 1.117389 -418.394562 1.139156
v 1.062837 -418.436981 1.139059
v 1.054254 -418.505554 1.138962
v 1.153942 -418.527435 1.102039
v 1.117822 -418.522919 1.102018
v 1.182680 -418.505096 1.102090
v 1.187201 -418.468964 1.102141
v 1.164857 -418.440216 1.102162
v 1.128737 -418.435699 1.102141
v 1.099999 -418.458069 1.102090
v 1.095478 -418.494171 1.102039
v 1.517059 -418.653595 1.954883
v 1.517249 -418.653259 1.308908
v 1.613369 -418.665649 1.954939
v 1.613559 -418.665314 1.308965
v 1.689995 -418.606079 1.955075
v 1.690186 -418.605743 1.309101
v 1.702051 -418.509766 1.955211
v 1.702241 -418.509430 1.309237
v 1.642473 -418.433136 1.955268
v 1.642663 -418.432800 1.309293
v 1.546163 -418.421082 1.955211
v 1.546353 -418.420746 1.309237
v 1.469537 -418.480652 1.955075
v 1.469727 -418.480316 1.309101
v 1.457482 -418.576965 1.954939
v 1.457672 -418.576630 1.308965
v 1.611760 -418.658051 1.190695
v 1.520988 -418.646667 1.190642
v 1.683980 -418.601898 1.190824
v 1.695342 -418.511108 1.190952
v 1.639191 -418.438904 1.191005
v 1.548419 -418.427551 1.190952
v 1.476199 -418.483673 1.190824
v 1.464836 -418.574463 1.190695
v 1.604051 -418.629791 1.138962
v 1.535485 -418.621185 1.138922
v 1.658603 -418.587372 1.139059
v 1.667186 -418.518799 1.139156
v 1.624771 -418.464233 1.139196
v 1.556205 -418.455658 1.139156
v 1.501653 -418.498077 1.139059
v 1.493070 -418.566650 1.138962
v 1.592759 -418.588531 1.102039
v 1.556638 -418.584015 1.102018
v 1.621497 -418.566193 1.102090
v 1.626018 -418.530060 1.102141
v 1.603674 -418.501343 1.102162
v 1.567553 -418.496826 1.102141
v 1.538815 -418.519165 1.102090
v 1.534294 -418.555267 1.102039
v 1.853115 -418.375854 1.954883
v 1.853305 -418.375519 1.308908
v 1.949425 -418.387909 1.954939
v 1.949615 -418.387573 1.308965
v 2.026051 -418.328339 1.955075
v 2.026241 -418.328003 1.309101
v 2.038106 -418.232025 1.955211
v 2.038296 -418.231689 1.309237
v 1.978529 -418.155396 1.955268
v 1.978719 -418.155060 1.309293
v 1.882219 -418.143341 1.955211
v 1.882409 -418.143005 1.309237
v 1.805593 -418.202911 1.955075
v 1.805783 -418.202576 1.309101
v 1.793537 -418.299225 1.954939
v 1.793727 -418.298889 1.308965
v 1.947816 -418.380310 1.190695
v 1.857044 -418.368958 1.190642
v 2.020036 -418.324158 1.190824
v 2.031398 -418.233398 1.190952
v 1.975246 -418.161163 1.191005
v 1.884474 -418.149811 1.190952
v 1.812254 -418.205963 1.190824
v 1.800892 -418.296722 1.190695
v 1.940107 -418.352051 1.138962
v 1.871541 -418.343475 1.138922
v 1.994659 -418.309631 1.139059
v 2.003242 -418.241058 1.139156
v 1.960827 -418.186523 1.139196
v 1.892261 -418.177917 1.139156
v 1.837708 -418.220337 1.139059
v 1.829126 -418.288910 1.138962
v 1.928814 -418.310791 1.102039
v 1.892694 -418.306274 1.102018
v 1.957552 -418.288452 1.102090
v 1.962073 -418.252350 1.102141
v 1.939729 -418.223602 1.102162
v 1.903609 -418.219086 1.102141
v 1.874871 -418.241425 1.102090
v 1.870349 -418.277557 1.102039
v 0.869481 -417.833893 1.954883
v 0.869671 -417.833557 1.308908
v 0.965791 -417.845947 1.954939
v 0.965981 -417.845612 1.308965
v 1.042417 -417.786377 1.955075
v 1.042607 -417.786041 1.309101
v 1.054472 -417.690063 1.955211
v 1.054663 -417.689728 1.309237
v 0.994895 -417.613434 1.955268
v 0.995085 -417.613098 1.309293
v 0.898585 -417.601379 1.955211
v 0.898775 -417.601044 1.309237
v 0.821959 -417.660950 1.955075
v 0.822149 -417.660614 1.309101
v 0.809904 -417.757263 1.954939
v 0.810094 -417.756927 1.308965
v 0.964182 -417.838348 1.190695
v 0.873410 -417.826996 1.190642
v 1.036402 -417.782196 1.190824
v 1.047764 -417.691437 1.190952
v 0.991613 -417.619202 1.191005
v 0.900840 -417.607849 1.190952
v 0.828620 -417.664001 1.190824
v 0.817258 -417.754761 1.190695
v 0.956473 -417.810089 1.138962
v 0.887907 -417.801514 1.138922
v 1.011025 -417.767670 1.139059
v 1.019608 -417.699097 1.139156
v 0.977193 -417.644562 1.139196
v 0.908627 -417.635956 1.139156
v 0.854075 -417.678375 1.139059
v 0.845492 -417.746948 1.138962
v 0.945180 -417.768829 1.102039
v 0.909060 -417.764313 1.102018
v 0.973918 -417.746490 1.102090
v 0.978440 -417.710388 1.102141
v 0.956096 -417.681641 1.102162
v 0.919975 -417.677124 1.102141
v 0.891237 -417.699463 1.102090
v 0.886716 -417.735596 1.102039
v 1.203145 -417.561951 1.954883
v 1.203335 -417.561615 1.308908
v 1.299455 -417.574005 1.954939
v 1.299645 -417.573669 1.308965
v 1.376081 -417.514435 1.955076
v 1.376271 -417.514099 1.309101
v 1.388136 -417.418121 1.955211
v 1.388327 -417.417786 1.309237
v 1.328559 -417.341492 1.955268
v 1.328749 -417.341156 1.309293
v 1.232249 -417.329437 1.955211
v 1.232439 -417.329102 1.309237
v 1.155623 -417.389008 1.955075
v 1.155813 -417.388672 1.309101
v 1.143568 -417.485321 1.954939
v 1.143758 -417.484985 1.308965
v 1.297846 -417.566406 1.190696
v 1.207074 -417.555054 1.190642
v 1.370066 -417.510254 1.190824
v 1.381428 -417.419464 1.190952
v 1.325277 -417.347260 1.191005
v 1.234504 -417.335907 1.190952
v 1.162284 -417.392059 1.190824
v 1.150922 -417.482819 1.190696
v 1.290137 -417.538147 1.138962
v 1.221571 -417.529541 1.138922
v 1.344689 -417.495728 1.139059
v 1.353272 -417.427155 1.139156
v 1.310857 -417.372620 1.139196
v 1.242291 -417.364014 1.139156
v 1.187739 -417.406433 1.139059
v 1.179156 -417.475006 1.138962
v 1.278844 -417.496887 1.102039
v 1.242724 -417.492371 1.102018
v 1.307582 -417.474548 1.102090
v 1.312104 -417.438416 1.102141
v 1.289760 -417.409698 1.102162
v 1.253639 -417.405182 1.102141
v 1.224901 -417.427521 1.102090
v 1.220380 -417.463623 1.102039
v 1.905190 -417.953461 1.954883
v 1.905380 -417.953125 1.308908
v 2.001500 -417.965515 1.954939
v 2.001690 -417.965179 1.308965
v 2.078126 -417.905945 1.955076
v 2.078316 -417.905609 1.309101
v 2.090181 -417.809631 1.955211
v 2.090371 -417.809296 1.309237
v 2.030604 -417.733002 1.955268
v 2.030794 -417.732666 1.309293
v 1.934294 -417.720947 1.955211
v 1.934484 -417.720612 1.309237
v 1.857667 -417.780548 1.955075
v 1.857857 -417.780212 1.309101
v 1.845612 -417.876831 1.954939
v 1.845802 -417.876526 1.308965
v 1.999891 -417.957916 1.190695
v 1.909118 -417.946564 1.190642
v 2.072111 -417.901764 1.190824
v 2.083473 -417.811005 1.190952
v 2.027321 -417.738770 1.191005
v 1.936549 -417.727417 1.190952
v 1.864329 -417.783569 1.190824
v 1.852967 -417.874359 1.190695
v 1.992182 -417.929657 1.138962
v 1.923616 -417.921082 1.138922
v 2.046734 -417.887238 1.139059
v 2.055316 -417.818695 1.139156
v 2.012902 -417.764130 1.139196
v 1.944335 -417.755554 1.139156
v 1.889783 -417.797974 1.139059
v 1.881201 -417.866516 1.138962
v 1.980889 -417.888428 1.102039
v 1.944768 -417.883911 1.102018
v 2.009627 -417.866089 1.102090
v 2.014148 -417.829956 1.102141
v 1.991804 -417.801208 1.102162
v 1.955684 -417.796692 1.102141
v 1.926946 -417.819031 1.102090
v 1.922424 -417.855164 1.102039
v 1.639030 -417.615936 1.954883
v 1.639220 -417.615601 1.308908
v 1.735340 -417.627991 1.954939
v 1.735530 -417.627686 1.308965
v 1.811966 -417.568420 1.955075
v 1.812156 -417.568085 1.309101
v 1.824021 -417.472107 1.955211
v 1.824211 -417.471771 1.309237
v 1.764444 -417.395477 1.955268
v 1.764634 -417.395172 1.309293
v 1.668134 -417.383423 1.955211
v 1.668324 -417.383087 1.309237
v 1.591508 -417.443024 1.955075
v 1.591698 -417.442688 1.309101
v 1.579452 -417.539337 1.954939
v 1.579643 -417.539001 1.308965
v 1.733731 -417.620392 1.190695
v 1.642958 -417.609039 1.190642
v 1.805951 -417.564240 1.190824
v 1.817313 -417.473480 1.190952
v 1.761161 -417.401276 1.191005
v 1.670389 -417.389893 1.190952
v 1.598169 -417.446045 1.190824
v 1.586807 -417.536835 1.190695
v 1.726022 -417.592133 1.138962
v 1.657456 -417.583557 1.138922
v 1.780574 -417.549713 1.139059
v 1.789156 -417.481171 1.139156
v 1.746742 -417.426605 1.139196
v 1.678176 -417.418030 1.139156
v 1.623623 -417.460449 1.139059
v 1.615041 -417.529022 1.138962
v 1.714729 -417.550903 1.102039
v 1.678609 -417.546387 1.102018
v 1.743467 -417.528564 1.102090
v 1.747988 -417.492432 1.102141
v 1.725644 -417.463684 1.102162
v 1.689524 -417.459167 1.102141
v 1.660786 -417.481506 1.102090
v 1.656265 -417.517639 1.102039
v -0.207699 1.575944 2.276923
v -0.207699 1.377246 2.201197
v -0.207699 2.066770 2.023149
v -0.207699 2.067397 1.765164
v 0.214448 1.575944 2.276923
v 0.214448 1.377246 2.201197
v 0.214448 2.066770 2.023149
v 0.214448 2.067398 1.765164
v -0.168019 2.051357 2.179056
v -0.168019 1.786627 2.268374
v 0.174768 2.051357 2.179055
v 0.174768 1.786627 2.268374
v -0.096670 2.118635 2.263391
v -0.096670 1.968073 2.380735
v 0.103419 2.118635 2.263391
v 0.103419 1.968074 2.380735
v -0.096670 2.182016 2.453872
v -0.096670 2.074292 2.501152
v 0.103419 2.182016 2.453872
v 0.103418 2.074292 2.501152
v -0.077948 2.212064 2.671061
v -0.077948 2.111795 2.625241
v 0.084697 2.212064 2.671061
v 0.084697 2.111795 2.625241
v -0.207699 1.275600 2.102187
v -0.207699 1.654069 1.442971
v 0.214448 1.654069 1.442971
v 0.214448 1.275600 2.102187
v -0.154561 0.049668 1.627178
v -0.154561 0.518361 1.627178
v -0.154561 0.049668 0.996165
v -0.154561 0.518361 0.810161
v 0.161309 0.049668 1.627178
v 0.161309 0.518361 1.627178
v 0.161309 0.049668 0.996165
v 0.161309 0.518361 0.810161
v -0.124871 -0.099135 1.078007
v -0.124871 -0.099135 1.284931
v 0.131619 -0.099135 1.078007
v 0.131619 -0.099135 1.284931
v -0.071484 -0.285139 1.092887
v -0.071484 -0.344660 1.210530
v 0.078232 -0.285139 1.092887
v 0.078232 -0.344660 1.210530
v -0.071484 -0.486693 1.011302
v -0.071484 -0.544873 1.113551
v 0.078232 -0.486693 1.011302
v 0.078232 -0.544873 1.113551
v -0.057475 -0.600966 0.864162
v -0.057475 -0.715705 0.890141
v 0.064223 -0.600966 0.864162
v 0.064223 -0.715705 0.890141
v -0.057475 -0.659991 0.701108
v -0.057475 -0.730516 0.727087
v 0.064223 -0.659991 0.701108
v 0.064223 -0.730516 0.727087
v 0.327798 -2.208930 4.754399
v 0.327798 -0.716681 4.391720
v 0.346943 -2.233109 3.141257
v 0.346944 -0.958467 2.839025
v 0.307796 -2.474473 4.613307
v 0.307796 -2.498651 3.338665
v 0.346944 -0.578481 2.564628
v 0.327798 0.376574 3.754644
v 0.390975 -0.470463 2.293747
v 0.461002 0.950702 3.564065
v 0.390975 0.290471 2.334551
v 0.390975 0.823812 2.784925
v 0.524178 1.065577 3.302306
v 0.391189 1.231892 3.414718
v 0.391189 1.154141 3.565106
v 0.392289 -0.166541 1.791495
v 0.394361 0.033233 1.611265
v 0.392503 1.370408 2.761702
v 0.394575 1.579904 2.447618
v 0.396902 0.129975 1.472794
v 0.397116 2.345484 1.641503
v 0.407129 0.138360 -0.846234
v 0.407343 2.278266 -0.827582
v 0.398307 2.048724 1.379464
v 0.398144 0.591875 1.328338
v 0.405938 0.603870 -0.416180
v 0.406101 2.044246 -0.398157
v 0.400450 2.376793 0.539767
v 0.397297 2.464155 1.485852
v 0.400631 2.457479 0.731364
v 0.408242 1.050728 -1.058142
v 0.408456 2.279828 -1.039490
v 0.426697 1.095856 -4.574149
v 0.426911 2.324956 -4.555498
v 0.086946 2.713566 -3.793732
v 0.288234 1.528182 -4.853699
v 0.288448 2.220798 -4.835049
v 0.420357 2.308929 -3.306850
v 0.420143 1.079830 -3.325501
v 0.086946 2.536002 -4.604102
v 0.086946 2.519001 -3.712513
v 0.086946 2.729592 -4.565253
v 0.384992 2.521843 -4.600842
v 0.378438 2.505816 -3.684169
v 0.310892 -0.493544 2.037120
v 0.312206 -0.374907 1.850693
v 0.274445 -0.655319 1.891294
v 0.275759 -0.604058 1.793298
v 0.274445 -0.894987 1.729578
v 0.275759 -0.817614 1.650557
v 0.274445 -1.029853 1.435535
v 0.275759 -0.925006 1.400350
v 0.274445 -1.023998 0.930551
v 0.275759 -0.919626 0.967119
v 0.274445 -0.886209 0.409688
v 0.275759 -0.793265 0.469624
v 0.274445 -0.682159 0.094696
v 0.275759 -0.600533 0.169317
v 0.274445 -0.360679 -0.039406
v 0.275759 -0.352339 0.070873
v 0.310892 -0.199671 -0.051582
v 0.312206 -0.191330 0.058696
v 0.390975 0.007782 -0.231501
v 0.392289 0.016123 0.215658
v 0.405546 0.139784 -0.501530
v 0.401145 0.143744 0.456716
v 0.553461 -0.917234 2.963436
v 0.553461 -2.061486 3.247707
v 0.553461 -0.662863 4.253574
v 0.553461 -2.002257 4.593763
v 0.553461 -2.325967 4.501239
v 0.553461 -2.377350 3.437765
v 0.553461 -0.580390 2.724838
v 0.553461 0.309799 3.694322
v 0.553461 -0.408506 2.495996
v 0.553461 0.921622 3.299428
v 0.553461 0.823934 3.520827
v 0.553461 0.199115 2.510977
v 0.553461 0.691268 2.873578
v 0.553461 -1.068700 3.110918
v 0.553461 -2.004948 3.324914
v 0.553461 -0.860569 4.166533
v 0.553461 -1.956487 4.463483
v 0.553461 -2.260805 4.353958
v 0.553461 -2.302846 3.483804
v 0.553461 -0.613285 2.872293
v 0.553461 -0.089519 3.708943
v 0.553461 -0.216486 3.199586
v 0.616597 -1.068700 3.110918
v 0.616597 -2.004948 3.324914
v 0.616597 -0.860569 4.166533
v 0.616597 -1.956486 4.463483
v 0.616597 -2.260805 4.353958
v 0.616597 -2.302846 3.483804
v 0.616597 -0.216486 3.199586
v 0.616597 -0.089519 3.708943
v 0.616597 -0.613285 2.872292
v 0.553461 -0.072575 3.474638
v 0.616597 -0.071885 3.477406
v 0.616597 -0.432995 2.949241
v 0.553461 -0.444036 2.940134
v 0.463133 -0.030825 1.718573
v 0.463322 1.329667 2.577390
v 0.491646 1.515110 2.303495
v 0.496734 0.139450 1.570141
v 0.499172 2.192795 1.585802
v 0.498983 0.229629 1.447062
v 0.508225 2.183270 -0.599809
v 0.508035 0.277059 -0.660639
v 0.509210 2.134677 -0.787387
v 0.502124 2.228142 0.610555
v 0.499497 2.095359 1.437874
v 0.499321 0.531138 1.380567
v 0.507711 0.542508 -0.454876
v 0.507886 2.088999 -0.435325
v 0.509021 1.046690 -0.734252
v 0.502738 0.275494 0.537040
v 0.506634 0.240331 -0.311189
v 0.399127 0.211062 0.939993
v 0.500238 0.506193 1.171448
v 0.398906 0.568644 1.150162
v 0.499349 0.788084 1.433965
v 0.398167 0.808099 1.379500
v 0.499475 1.955023 1.466469
v 0.398289 1.947401 1.410191
v 0.500599 2.120420 1.205646
v 0.399225 2.072451 1.193758
v 0.496862 1.130362 2.175035
v 0.499030 0.718880 1.481638
v 0.496848 0.918637 2.075178
v 0.498128 0.731128 1.727061
v 0.497912 1.915694 1.980421
v 0.396325 2.223080 1.903162
v 0.507735 0.759755 -0.489189
v 0.405955 0.761960 -0.451159
v 0.405075 0.575647 -0.328302
v 0.506844 0.513860 -0.336452
v 0.406081 1.927327 -0.439212
v 0.507864 1.923738 -0.475699
v 0.506891 2.117700 -0.229250
v 0.405148 2.069939 -0.222753
v 0.407815 0.700769 -0.860784
v 0.408057 0.931032 -0.920025
v 0.562712 1.986673 -1.037983
v 0.562498 1.437475 -1.056635
v 0.574613 1.999677 -3.305343
v 0.581167 2.006838 -4.553992
v 0.580953 1.457640 -4.572642
v 0.574399 1.450479 -3.323994
v 0.443766 1.967718 -4.833541
v 0.443552 1.740314 -4.852193
v 0.509084 1.410384 -0.752014
v 0.509184 1.986889 -0.780169
v 0.145497 1.685500 -4.849789
v 0.145617 2.056011 -4.839358
v 0.235251 1.780435 -4.848947
v 0.235370 1.939171 -4.838516
v 0.131902 1.652315 -1.479100
v 0.132022 2.022826 -1.468670
v 0.221656 1.747250 -1.478259
v 0.221776 1.905986 -1.467828
v -0.327807 -2.208930 4.754399
v -0.327806 -0.716681 4.391720
v -0.346952 -2.233109 3.141257
v -0.346952 -0.958467 2.839025
v -0.000004 -0.958467 2.839025
v -0.000004 -2.233109 3.141257
v -0.000004 -0.716681 4.391720
v -0.000004 -2.208931 4.754399
v -0.307804 -2.474473 4.613307
v -0.307804 -2.498652 3.338666
v -0.000004 -2.474473 4.613307
v -0.000004 -2.498652 3.338666
v -0.000004 -0.578481 2.564628
v -0.346952 -0.578481 2.564628
v -0.327806 0.376574 3.754644
v -0.000004 0.376574 3.754645
v -0.000004 -0.470463 2.293747
v -0.390983 -0.470463 2.293747
v -0.461009 0.950702 3.564065
v -0.000004 0.950702 3.564065
v -0.390983 0.290471 2.334551
v -0.390983 0.823812 2.784925
v -0.524186 1.065577 3.302307
v -0.391196 1.231892 3.414718
v -0.391196 1.154141 3.565106
v -0.000004 1.154141 3.565106
v -0.000004 1.234869 3.409686
v -0.000004 -0.166541 1.791495
v -0.392297 -0.166541 1.791495
v -0.394369 0.033233 1.611265
v -0.000004 0.033233 1.611265
v -0.000004 1.373384 2.756670
v -0.392510 1.370408 2.761702
v -0.000004 1.582880 2.442587
v -0.394582 1.579904 2.447618
v -0.000004 0.129975 1.472794
v -0.396910 0.129975 1.472794
v -0.397124 2.345484 1.641503
v -0.000004 2.346644 1.635773
v -0.000004 0.138360 -0.846234
v -0.407136 0.138360 -0.846234
v -0.407350 2.278265 -0.827583
v -0.000004 2.279397 -0.833318
v -0.398314 2.048724 1.379464
v -0.398152 0.591875 1.328338
v -0.405945 0.603870 -0.416180
v -0.406108 2.044246 -0.398157
v -0.000004 2.048884 1.376907
v -0.000004 0.592035 1.325781
v -0.000004 0.603934 -0.418741
v -0.000004 2.044310 -0.400719
v -0.000004 2.377788 0.516571
v -0.400458 2.376792 0.539766
v -0.000004 2.465315 1.480121
v -0.397304 2.464155 1.485852
v -0.400639 2.457479 0.731364
v -0.000004 2.458475 0.708169
v -0.000004 1.050728 -1.058142
v -0.408249 1.050728 -1.058141
v -0.408463 2.279828 -1.039490
v -0.000004 2.280960 -1.045226
v -0.000004 1.095856 -4.574149
v -0.426704 1.095856 -4.574149
v -0.426918 2.324956 -4.555498
v -0.086953 2.713566 -3.793731
v -0.000004 1.447318 -4.853699
v -0.288241 1.528182 -4.853700
v -0.288455 2.220798 -4.835048
v -0.000004 2.294426 -4.840782
v -0.420364 2.308929 -3.306850
v -0.000004 1.079830 -3.325501
v -0.420151 1.079830 -3.325501
v -0.000004 2.310061 -3.312585
v -0.000004 2.537133 -4.609838
v -0.086953 2.536002 -4.604102
v -0.086953 2.519001 -3.712513
v -0.000003 2.730724 -4.570990
v -0.086953 2.729592 -4.565253
v -0.000004 2.521107 -3.717038
v -0.000003 2.714698 -3.799466
v -0.385000 2.521843 -4.600842
v -0.378446 2.505816 -3.684168
v -0.000004 -0.493544 2.037120
v -0.310900 -0.493544 2.037121
v -0.000004 -0.374907 1.850693
v -0.312214 -0.374907 1.850694
v -0.000004 -0.655319 1.891294
v -0.274453 -0.655319 1.891294
v -0.000004 -0.604058 1.793298
v -0.275767 -0.604058 1.793298
v -0.000004 -0.894987 1.729578
v -0.274453 -0.894987 1.729578
v -0.000004 -0.817614 1.650557
v -0.275767 -0.817614 1.650557
v -0.000004 -1.029853 1.435535
v -0.274453 -1.029853 1.435535
v -0.000004 -0.925006 1.400350
v -0.275767 -0.925006 1.400350
v -0.000004 -1.023998 0.930551
v -0.274453 -1.023998 0.930551
v -0.000004 -0.919626 0.967119
v -0.275767 -0.919626 0.967119
v -0.000004 -0.886209 0.409688
v -0.274453 -0.886209 0.409688
v -0.000004 -0.793265 0.469624
v -0.275767 -0.793265 0.469624
v -0.000004 -0.682159 0.094696
v -0.274453 -0.682159 0.094696
v -0.000004 -0.600533 0.169317
v -0.275767 -0.600533 0.169317
v -0.000004 -0.360679 -0.039405
v -0.274453 -0.360679 -0.039405
v -0.000004 -0.352339 0.070873
v -0.275767 -0.352339 0.070873
v -0.000004 -0.199671 -0.051582
v -0.310900 -0.199671 -0.051582
v -0.000004 -0.191330 0.058696
v -0.312214 -0.191330 0.058696
v -0.000004 0.007782 -0.231501
v -0.390983 0.007782 -0.231501
v -0.000004 0.016123 0.215658
v -0.392297 0.016123 0.215658
v -0.000004 0.139812 -0.494788
v -0.405553 0.139784 -0.501530
v -0.000004 0.143715 0.449643
v -0.401152 0.143744 0.456717
v -0.553469 -0.917234 2.963436
v -0.553469 -2.061486 3.247707
v -0.553469 -0.662863 4.253574
v -0.553469 -2.002257 4.593763
v -0.553469 -2.325967 4.501239
v -0.553469 -2.377350 3.437765
v -0.553469 -0.580391 2.724838
v -0.553469 0.309799 3.694322
v -0.553469 -0.408506 2.495996
v -0.553469 0.921623 3.299428
v -0.553469 0.823934 3.520827
v -0.553469 0.199115 2.510977
v -0.553469 0.691268 2.873578
v -0.553469 -1.068700 3.110918
v -0.553469 -2.004948 3.324914
v -0.553469 -0.860569 4.166533
v -0.553469 -1.956486 4.463484
v -0.553469 -2.260805 4.353959
v -0.553469 -2.302846 3.483804
v -0.553469 -0.613285 2.872293
v -0.553469 -0.089519 3.708943
v -0.553469 -0.216486 3.199586
v -0.616606 -1.068700 3.110918
v -0.616605 -2.004948 3.324914
v -0.616605 -0.860569 4.166533
v -0.616606 -1.956487 4.463483
v -0.616606 -2.260805 4.353959
v -0.616606 -2.302847 3.483804
v -0.616605 -0.216486 3.199586
v -0.616605 -0.089519 3.708943
v -0.616605 -0.613285 2.872293
v -0.553469 -0.072575 3.474638
v -0.616605 -0.071885 3.477406
v -0.616605 -0.432995 2.949242
v -0.553469 -0.444036 2.940135
v -0.463141 -0.030825 1.718573
v -0.463330 1.329667 2.577390
v -0.491654 1.515110 2.303495
v -0.496741 0.139450 1.570141
v -0.499180 2.192795 1.585802
v -0.498991 0.229629 1.447062
v -0.508232 2.183270 -0.599809
v -0.508043 0.277059 -0.660638
v -0.509218 2.134677 -0.787387
v -0.502131 2.228142 0.610555
v -0.499504 2.095358 1.437874
v -0.499329 0.531138 1.380567
v -0.507719 0.542508 -0.454876
v -0.507894 2.089000 -0.435325
v -0.509028 1.046690 -0.734252
v -0.502746 0.275494 0.537040
v -0.506642 0.240331 -0.311189
v -0.399135 0.211062 0.939993
v -0.000004 0.210765 0.957244
v -0.500245 0.506193 1.171448
v -0.000004 0.568480 1.152056
v -0.398914 0.568644 1.150162
v -0.499357 0.788084 1.433965
v -0.000004 0.815310 1.374564
v -0.398175 0.808099 1.379500
v -0.000004 1.947883 1.409432
v -0.499482 1.955023 1.466469
v -0.398297 1.947401 1.410191
v -0.500607 2.120420 1.205646
v -0.000004 2.072877 1.196720
v -0.399232 2.072451 1.193759
v -0.496870 1.130362 2.175036
v -0.499038 0.718880 1.481638
v -0.496856 0.918637 2.075178
v -0.498136 0.731128 1.727061
v -0.497920 1.915694 1.980421
v -0.396332 2.223080 1.903162
v -0.000004 2.224877 1.897575
v -0.000004 0.762842 -0.455298
v -0.507742 0.759755 -0.489189
v -0.405962 0.761960 -0.451159
v -0.405082 0.575647 -0.328302
v -0.000004 0.577274 -0.340096
v -0.506851 0.513860 -0.336452
v -0.000004 1.936799 -0.441149
v -0.406088 1.927327 -0.439212
v -0.507871 1.923738 -0.475699
v -0.000004 2.068799 -0.231182
v -0.506898 2.117700 -0.229250
v -0.405155 2.069939 -0.222753
v -0.000004 0.685554 -0.857250
v -0.407822 0.700769 -0.860783
v -0.000004 0.909250 -0.910134
v -0.408065 0.931031 -0.920025
v -0.562719 1.986673 -1.037984
v -0.562505 1.437475 -1.056635
v -0.574620 1.999677 -3.305343
v -0.581174 2.006838 -4.553991
v -0.580960 1.457640 -4.572643
v -0.574406 1.450479 -3.323994
v -0.443773 1.967718 -4.833541
v -0.443559 1.740314 -4.852192
v -0.509092 1.410385 -0.752014
v -0.509192 1.986889 -0.780169
v -0.000004 1.642242 -4.849789
v -0.145504 1.685500 -4.849789
v -0.145624 2.056011 -4.839358
v -0.000003 2.095398 -4.842566
v -0.235258 1.780435 -4.848948
v -0.235377 1.939171 -4.838517
v -0.000004 1.609057 -1.479100
v -0.131910 1.652315 -1.479100
v -0.132029 2.022826 -1.468669
v -0.000004 2.062213 -1.471878
v -0.221663 1.747250 -1.478258
v -0.221783 1.905986 -1.467827
v 0.126086 2.001926 0.879574
v 0.137201 1.997183 0.914388
v 0.174789 1.876642 0.914066
v 0.165534 1.867546 0.879214
v 0.000865 2.053442 1.003767
v 0.201886 1.903474 0.941709
v 0.126086 2.005370 -0.407826
v 0.165534 1.870990 -0.408186
v 0.280723 1.832324 0.913947
v 0.280677 1.819375 0.879086
v 0.169747 1.983493 0.941923
v 0.000865 2.057218 -0.407688
v 0.280858 1.870436 0.941621
v 0.135036 1.905481 -0.408093
v 0.100130 1.990601 -0.407866
v 0.002022 2.031646 -0.407756
v 0.280677 1.822819 -0.408315
v 0.392948 1.890188 0.914102
v 0.217623 1.963401 0.965074
v -0.124718 2.002813 0.879576
v 0.230551 1.931876 0.964990
v 0.281001 1.910770 0.964933
v 0.360401 1.903730 0.941710
v 0.131654 1.871109 -0.408185
v 0.140480 1.892206 -0.408129
v 0.287370 1.799656 -0.408377
v 0.254844 1.721910 -0.408585
v 0.077832 1.785240 -0.408415
v 0.099435 1.794099 -0.408391
v 0.404063 1.885631 0.879262
v 0.404063 1.889074 -0.408138
v 0.249057 1.950239 0.969596
v -0.135867 1.998148 0.914391
v -0.124718 2.006257 -0.407824
v 0.281093 1.936836 0.969560
v 0.288537 1.802446 -0.408369
v 0.029157 1.765280 -0.408469
v 0.394284 1.860367 -0.408214
v 0.518848 1.841053 -0.408266
v 0.518848 1.837277 1.003189
v -0.168508 1.984689 0.941927
v -0.165116 1.868715 0.879218
v -0.165116 1.872159 -0.408183
v 0.312526 1.923697 0.964968
v -0.096373 1.991296 -0.407864
v 0.295888 1.820018 -0.408322
v 0.295193 1.623516 -0.408848
v 0.393301 1.582471 -0.408958
v 0.424537 1.324938 -0.409647
v 0.464887 1.226543 -0.409909
v 0.384741 1.059173 -0.410357
v 0.293064 1.021579 -0.410458
v 0.252020 0.923471 -0.410720
v 0.292369 0.825076 -0.411012
v 0.274404 0.828754 -0.410974
v 0.158924 0.781398 -0.411100
v 0.136495 0.765580 -0.411184
v 0.096145 0.863975 -0.410879
v -0.001962 0.905019 -0.410770
v -0.298100 1.025570 -0.410447
v -0.396208 1.066615 -0.410337
v -0.457912 1.251323 -0.409843
v -0.427444 1.324149 -0.409648
v -0.467794 1.422543 -0.409385
v -0.565901 1.463588 -0.409277
v -0.536230 1.485766 -0.409216
v -0.488058 1.600908 -0.408908
v -0.492474 1.628202 -0.408886
v -0.394367 1.587158 -0.408945
v -0.295972 1.627507 -0.408837
v -0.254926 1.725615 -0.408575
v -0.073822 1.785069 -0.408416
v 0.001040 1.753750 -0.408499
v 0.492391 1.819323 -0.408324
v 0.000855 2.049644 1.327071
v 0.516874 1.834345 1.326496
v -0.216524 1.964937 0.965078
v -0.201212 1.904900 0.941713
v -0.174306 1.877877 0.914069
v -0.137417 1.893189 -0.408126
v -0.280596 1.824804 -0.408309
v -0.280596 1.821360 0.879091
v 0.562995 1.185498 -0.410087
v 0.535157 1.163218 -0.410079
v 0.486985 1.048076 -0.410387
v 0.489567 1.020884 -0.410514
v 0.391460 1.061928 -0.410350
v 0.274404 0.825310 0.876427
v 0.158924 0.777955 0.876300
v -0.100357 0.864670 -0.410877
v -0.257750 0.927175 -0.410710
v -0.494603 1.026265 -0.410495
v -0.492381 1.051540 -0.410378
v -0.539736 1.167020 -0.410069
v -0.566884 1.185692 -0.410020
v -0.468489 1.226042 -0.409911
v -0.536230 1.482323 0.878185
v -0.488058 1.597465 0.878492
v -0.295277 1.824009 -0.408338
v 0.566224 1.722079 0.878825
v 0.566224 1.725523 -0.408575
v -0.518633 1.840947 1.003199
v -0.516674 1.838000 1.326506
v 0.000727 2.013459 1.335898
v 0.003156 2.014437 1.335410
v 0.092439 1.976363 1.335511
v 0.128657 1.886251 1.353739
v 0.097071 1.812096 1.375046
v 0.273583 1.738451 1.374850
v 0.304891 1.811956 1.353729
v 0.394938 1.848222 1.335644
v 0.484221 1.810148 1.335745
v 0.486569 1.804307 1.336926
v 0.728523 1.318226 1.325116
v 0.731349 1.319081 1.001804
v -0.248050 1.951997 0.969601
v -0.229675 1.933503 0.964994
v -0.280550 1.834309 0.913953
v -0.097067 1.794794 -0.408390
v -0.403512 1.891931 -0.408130
v -0.403512 1.888487 0.879270
v 0.465582 1.423044 -0.409384
v 0.535157 1.159774 0.877321
v 0.486985 1.044632 0.877014
v 0.398649 0.758385 -0.411162
v 0.398649 0.754941 0.876239
v 0.168114 0.768607 0.911102
v 0.274357 0.812175 0.911219
v 0.119855 0.640615 0.875933
v 0.119855 0.644059 -0.411468
v -0.492381 1.048096 0.877023
v -0.539736 1.163576 0.877332
v -0.683122 1.451552 -0.409308
v -0.683122 1.448109 0.878093
v -0.545419 1.491484 0.913036
v -0.501100 1.597418 0.913319
v -0.566826 1.726086 0.878836
v -0.566826 1.729530 -0.408564
v 0.532741 1.720928 -0.408587
v 0.570796 1.710838 0.913622
v -0.734794 1.324265 1.001818
v -0.731969 1.323391 1.325129
v -0.487396 1.808567 1.336653
v -0.484596 1.815137 1.335331
v -0.394542 1.851347 1.335580
v -0.305251 1.813216 1.353913
v -0.275714 1.739714 1.374853
v -0.094757 1.813716 1.375051
v -0.124964 1.888887 1.353636
v -0.086898 1.978226 1.335655
v 0.520432 1.720090 1.336867
v 0.482366 1.630750 1.355048
v 0.414456 1.603381 1.374488
v 0.490890 1.416993 1.373990
v 0.569563 1.448701 1.351468
v 0.658838 1.410684 1.333197
v 0.695049 1.320629 1.333133
v 0.694067 1.318325 1.333602
v 0.392319 1.594480 1.374464
v 0.303037 1.632553 1.374566
v 0.266827 1.722608 1.374807
v 0.090592 1.796903 1.375006
v 0.065528 1.786824 1.374979
v 0.467065 1.383218 1.373899
v 0.479518 1.412421 1.373977
v 0.627844 1.571567 0.971149
v 0.513229 0.803616 1.323739
v 0.515188 0.802399 1.000422
v -0.280415 1.872421 0.941627
v -0.280272 1.912755 0.964939
v -0.393384 1.865054 -0.408297
v -0.518634 1.844723 -0.408747
v 0.562694 1.185624 -0.410088
v 0.650636 1.210574 -0.409952
v 0.650636 1.207130 0.877448
v 0.500027 1.044493 0.911840
v 0.544346 1.150427 0.912124
v 0.534341 0.929153 0.876705
v 0.534341 0.932597 -0.410696
v 0.529917 0.922489 -0.410782
v 0.390477 0.784032 -0.411184
v 0.515188 0.806175 -0.411034
v 0.274222 0.773916 0.938689
v 0.195019 0.741436 0.938602
v 0.131004 0.645094 0.910772
v -0.004311 0.593681 -0.412093
v 0.095450 0.667473 -0.411544
v -0.122028 0.812871 -0.411016
v -0.298735 0.829214 -0.411008
v -0.569348 0.924590 -0.410717
v -0.569348 0.921146 0.876683
v -0.548990 1.154293 0.912134
v -0.505423 1.048049 0.911850
v -0.683675 1.199938 0.877429
v -0.683675 1.203382 -0.409972
v -0.734794 1.328041 -0.409650
v -0.572325 1.518507 0.940681
v -0.539286 1.597479 0.940891
v -0.571476 1.714877 0.913633
v -0.532824 1.726598 -0.408705
v 0.491696 1.622821 -0.408850
v 0.584182 1.678122 0.941107
v 0.499591 1.593879 0.913309
v 0.486550 1.594018 0.878483
v 0.486550 1.597461 -0.408917
v -0.280180 1.938821 0.969565
v -0.629507 1.576014 0.971161
v -0.522294 0.806068 1.000432
v -0.520320 0.807271 1.323749
v -0.693764 1.323231 1.334539
v -0.656376 1.410904 1.334947
v -0.566314 1.447057 1.353469
v -0.495228 1.416683 1.373989
v -0.416150 1.605701 1.374495
v -0.486452 1.635741 1.354200
v -0.522670 1.725851 1.336268
v -0.269033 1.723096 1.374808
v -0.307106 1.633814 1.374570
v -0.397161 1.597604 1.374473
v -0.477022 1.408920 1.373968
v -0.468601 1.387975 1.373912
v -0.064518 1.788435 1.374983
v -0.088745 1.798766 1.375011
v 0.656975 1.231345 1.333542
v 0.566928 1.195077 1.351864
v 0.492630 1.226698 1.373481
v 0.412088 1.034183 1.372966
v 0.479437 1.005520 1.353371
v 0.515640 0.915522 1.334962
v 0.481497 0.835456 1.334907
v 0.065978 0.857783 1.372493
v 0.468257 1.256455 1.373560
v 0.441444 1.323138 1.373739
v 0.000537 1.760692 1.374909
v -0.000166 1.760992 1.374909
v -0.003256 0.887306 1.372572
v 0.618932 1.593302 0.971207
v 0.648049 1.522315 0.963895
v 0.626202 1.067836 0.969247
v -0.004301 0.591972 1.323172
v -0.004311 0.589904 0.999853
v -0.359722 1.906277 0.941717
v -0.392364 1.892965 0.914109
v -0.491779 1.824705 -0.408713
v 0.533905 1.481982 -0.409226
v 0.563977 1.463394 -0.409326
v 0.679349 1.198562 -0.409984
v 0.679349 1.195118 0.877416
v 0.650590 1.193995 0.912240
v 0.571252 1.123256 0.939623
v 0.538213 1.044285 0.939412
v 0.543596 0.938249 0.911556
v 0.563053 0.917141 0.876672
v 0.563053 0.920585 -0.410728
v 0.488872 0.824382 -0.411394
v 0.515188 0.806176 -0.411525
v 0.387500 0.750277 0.911053
v 0.274080 0.733458 0.961784
v 0.223482 0.712709 0.961729
v 0.163645 0.658405 0.938380
v -0.002945 0.627124 -0.411916
v -0.281356 0.830719 -0.410968
v -0.522294 0.809845 -0.411515
v -0.543608 1.048110 0.939422
v -0.576088 1.127313 0.939634
v -0.679104 1.188697 0.912226
v -0.664297 1.423238 -0.409387
v -0.705341 1.325132 -0.409656
v -0.678471 1.459131 0.912950
v -0.664855 1.491603 0.940609
v -0.600788 1.547111 0.963961
v -0.579682 1.597560 0.964096
v 0.598726 1.642592 0.964216
v 0.537777 1.593670 0.940881
v 0.533905 1.478538 0.878175
v -0.311706 1.925905 0.964974
v -0.650059 1.526906 0.963907
v -0.620440 1.597685 0.971218
v -0.631428 1.072284 0.969260
v -0.489314 0.837945 1.334584
v -0.524736 0.926039 1.334993
v -0.486655 1.015264 1.353654
v -0.419617 1.042157 1.372987
v -0.493986 1.223512 1.373472
v -0.568950 1.193440 1.351854
v -0.658240 1.231570 1.333784
v -0.694450 1.321624 1.334203
v -0.440812 1.318866 1.373727
v -0.467850 1.255464 1.373557
v -0.073902 0.859485 1.372498
v -0.003962 0.887607 1.372573
v 0.477565 0.826245 1.333002
v 0.387511 0.790035 1.333058
v 0.298236 0.828051 1.351589
v 0.269142 0.900364 1.372607
v 0.093727 0.828628 1.372415
v 0.121523 0.759542 1.352335
v 0.083441 0.670316 1.333882
v -0.004148 0.635096 1.333937
v 0.262034 0.918041 1.372655
v 0.300108 1.007323 1.372894
v 0.390163 1.043533 1.372991
v 0.477655 1.233084 1.373498
v 0.085321 0.849534 1.372471
v 0.598922 1.542868 0.963950
v 0.578173 1.593465 0.964085
v 0.662594 1.486909 0.940596
v 0.645157 1.113163 0.962800
v 0.616200 1.043929 0.969184
v 0.244530 0.691498 0.966892
v 0.661389 1.225848 -0.409979
v 0.731349 1.322856 -0.409652
v 0.674698 1.183909 0.912213
v 0.650455 1.155735 0.939710
v 0.599715 1.094528 0.962750
v 0.578609 1.044080 0.962615
v 0.570693 0.965081 0.939200
v 0.567703 0.928163 0.911529
v 0.354859 0.736818 0.938589
v 0.273974 0.703573 0.966924
v -0.128117 0.641492 0.875935
v -0.141402 0.766563 -0.411181
v -0.166214 0.782548 -0.411097
v -0.298795 0.829068 -0.411008
v -0.535648 0.928159 -0.410840
v -0.495298 0.829764 -0.411375
v -0.573919 0.932201 0.911540
v -0.587305 0.964768 0.939199
v -0.584004 1.048191 0.962626
v -0.604753 1.098788 0.962762
v -0.664991 1.226737 -0.409912
v -0.585093 1.682257 0.941118
v -0.599887 1.646831 0.964228
v 0.543159 1.487634 0.913026
v 0.570256 1.514466 0.940670
v 0.680551 1.443286 0.878080
v 0.680551 1.446729 -0.409321
v -0.621595 1.048307 0.969195
v -0.650063 1.117744 0.962812
v -0.252427 0.693256 0.966897
v -0.006614 0.634107 1.333436
v -0.095896 0.672180 1.333741
v -0.132098 0.762177 1.352448
v -0.103013 0.830301 1.372420
v -0.279374 0.903884 1.372617
v -0.309182 0.834067 1.352149
v -0.399244 0.797914 1.333872
v -0.488527 0.835987 1.334177
v -0.396592 1.051414 1.373012
v -0.307310 1.013341 1.372910
v -0.271100 0.923287 1.372669
v -0.094016 0.851397 1.372476
v -0.478886 1.229584 1.373488
v 0.675979 1.454341 0.912937
v 0.650348 1.125588 0.956920
v 0.597244 0.998638 0.962494
v 0.208419 0.676704 0.961632
v 0.662084 1.422350 -0.409513
v 0.702434 1.323956 -0.410068
v 0.731349 1.322858 -0.410143
v 0.661082 1.151289 0.939698
v 0.581319 0.960635 0.939188
v 0.310085 0.718394 0.961744
v -0.139233 0.646050 0.910774
v -0.128117 0.644936 -0.411465
v -0.101052 0.668168 -0.411553
v -0.166214 0.779104 0.876303
v -0.281356 0.827276 0.876432
v -0.397191 0.788719 -0.411178
v -0.406096 0.757787 0.876246
v -0.665717 1.155982 0.939711
v -0.602960 1.002882 0.962505
v -0.216423 0.678207 0.961637
v -0.281786 0.705538 0.966930
v 0.592052 0.986245 0.956547
v -0.171780 0.659592 0.938383
v -0.175468 0.769822 0.911106
v -0.281402 0.814141 0.911224
v -0.406096 0.761231 -0.411154
v -0.394980 0.753044 0.911061
v -0.231231 0.714317 0.961733
v -0.281680 0.735423 0.961790
v -0.317791 0.720615 0.961750
v -0.202565 0.742842 0.938605
v -0.281537 0.775881 0.938694
v -0.362434 0.739354 0.938596
vn -0.124200 -0.992300 -0.000500
vn 0.613800 -0.789500 -0.000200
vn 0.992300 -0.124200 0.000200
vn 0.789500 0.613800 0.000500
vn 0.124200 0.992300 0.000600
vn -0.613800 0.789500 0.000200
vn -0.789500 -0.613800 -0.000600
vn -0.992300 0.124200 -0.000200
vn -0.000700 -0.001300 1.000000
vn 0.614000 -0.789300 -0.000300
vn 0.789400 0.613900 0.000500
vn -0.613800 0.789500 0.000300
vn -0.124200 -0.992300 -0.000600
vn 0.789500 0.613800 0.000600
vn 0.124200 0.992300 0.000500
vn -0.789500 -0.613800 -0.000500
vn -0.614000 0.789300 0.000200
vn -0.789400 -0.613900 -0.000500
vn -0.124300 -0.992200 -0.000500
vn 0.613900 -0.789400 -0.000200
vn 0.124300 0.992200 0.000600
vn 0.788200 0.613000 -0.054500
vn -0.110000 -0.878900 -0.464100
vn -0.990600 0.124100 -0.057700
vn 0.612800 -0.788100 -0.057600
vn 0.124000 0.990800 -0.054700
vn -0.788100 -0.612700 -0.058900
vn -0.124100 -0.990500 -0.059100
vn 0.990700 -0.123900 -0.056000
vn -0.612700 0.788400 -0.055900
vn -0.677500 0.085800 -0.730500
vn -0.699600 -0.543700 -0.463600
vn -0.543800 0.700700 -0.461900
vn 0.700200 0.544800 -0.461400
vn 0.544500 -0.699200 -0.463300
vn -0.879300 0.110700 -0.463300
vn 0.110400 0.880300 -0.461400
vn 0.880000 -0.109500 -0.462200
vn 0.000700 0.001300 -1.000000
vn 0.085500 0.679000 -0.729100
vn 0.678900 -0.083900 -0.729500
vn -0.084500 -0.677500 -0.730600
vn -0.539100 -0.418700 -0.730800
vn -0.419200 0.540600 -0.729400
vn 0.540000 0.420400 -0.729200
vn 0.420100 -0.538600 -0.730300
vn -0.109900 -0.879300 -0.463500
vn 0.612900 -0.788000 -0.057500
vn 0.124200 0.990700 -0.055000
vn -0.788100 -0.612700 -0.059100
vn -0.612800 0.788300 -0.055800
vn -0.543800 0.700500 -0.462200
vn 0.700100 0.544700 -0.461700
vn 0.544500 -0.699400 -0.463100
vn 0.110600 0.880500 -0.461000
vn 0.880000 -0.109500 -0.462100
vn 0.085400 0.679500 -0.728700
vn 0.678800 -0.083900 -0.729500
vn -0.084300 -0.677200 -0.731000
vn -0.419300 0.540700 -0.729200
vn 0.540600 0.420800 -0.728500
vn 0.419900 -0.538700 -0.730400
vn 0.788200 0.612900 -0.054700
vn -0.110000 -0.879100 -0.463800
vn 0.612800 -0.788100 -0.057700
vn -0.124100 -0.990500 -0.059400
vn -0.612700 0.788400 -0.056000
vn -0.677700 0.085900 -0.730300
vn 0.700400 0.544900 -0.461100
vn -0.879300 0.110700 -0.463200
vn 0.110400 0.880500 -0.461100
vn 0.085300 0.679000 -0.729200
vn 0.678600 -0.083900 -0.729700
vn -0.084500 -0.677400 -0.730800
vn -0.539000 -0.418600 -0.731000
vn -0.419100 0.540600 -0.729500
vn 0.540400 0.420700 -0.728700
vn 0.420300 -0.538900 -0.730000
vn 0.788300 0.612900 -0.054800
vn -0.109700 -0.879400 -0.463200
vn 0.124000 0.990800 -0.055000
vn -0.788100 -0.612700 -0.059300
vn -0.123900 -0.990500 -0.059100
vn -0.612800 0.788300 -0.056200
vn -0.699800 -0.543600 -0.463500
vn -0.543900 0.700600 -0.461800
vn 0.678700 -0.083900 -0.729600
vn -0.084200 -0.676900 -0.731300
vn -0.539200 -0.418800 -0.730700
vn -0.418800 0.540400 -0.729800
vn 0.540200 0.420600 -0.728900
vn 0.788300 0.612900 -0.054600
vn -0.109700 -0.879100 -0.463800
vn -0.990600 0.124100 -0.057800
vn 0.612800 -0.788100 -0.057900
vn -0.612800 0.788300 -0.056000
vn -0.677600 0.085800 -0.730400
vn -0.699500 -0.543400 -0.464100
vn 0.544600 -0.699300 -0.463000
vn -0.879400 0.110700 -0.463100
vn 0.110500 0.880300 -0.461400
vn 0.085600 0.679300 -0.728800
vn -0.084300 -0.677400 -0.730800
vn -0.538800 -0.418500 -0.731100
vn -0.419200 0.540800 -0.729300
vn 0.788200 0.612900 -0.055000
vn -0.109800 -0.878900 -0.464100
vn -0.678100 0.085900 -0.730000
vn -0.699600 -0.543600 -0.463800
vn 0.700200 0.544900 -0.461400
vn 0.085600 0.679200 -0.729000
vn 0.679100 -0.084000 -0.729200
vn -0.419000 0.540500 -0.729600
vn 0.540000 0.420600 -0.729100
vn -0.788000 -0.612800 -0.058900
vn -0.612900 0.788200 -0.055800
vn -0.677900 0.085900 -0.730200
vn 0.700200 0.544600 -0.461600
vn 0.679200 -0.084000 -0.729200
vn -0.084300 -0.677900 -0.730300
vn -0.539000 -0.418400 -0.731000
vn 0.540100 0.420400 -0.729100
vn 0.788200 0.613000 -0.054800
vn -0.109700 -0.878900 -0.464100
vn 0.612900 -0.788000 -0.057900
vn 0.124300 0.990700 -0.054700
vn -0.788000 -0.612800 -0.058800
vn -0.678000 0.085900 -0.730000
vn -0.699500 -0.543600 -0.463900
vn 0.110500 0.880100 -0.461700
vn 0.880100 -0.109500 -0.462000
vn -0.084300 -0.677500 -0.730600
vn 0.540400 0.420600 -0.728800
vn 0.420200 -0.538800 -0.730200
vn 0.993200 -0.116500 -0.005400
vn 0.785800 0.618500 -0.005500
vn 0.256200 -0.030000 -0.966200
vn 0.619200 -0.785200 -0.005200
vn 0.117400 0.993100 -0.005300
vn 0.202700 0.159600 -0.966100
vn 0.159400 -0.202200 -0.966300
vn -0.000000 0.000000 -1.000000
vn -0.117400 -0.993100 -0.005300
vn -0.619200 0.785200 -0.005200
vn 0.030200 0.255800 -0.966300
vn -0.030200 -0.255800 -0.966200
vn -0.785800 -0.618500 -0.005500
vn -0.993200 0.116500 -0.005400
vn -0.159500 0.202300 -0.966300
vn -0.202700 -0.159500 -0.966200
vn -0.256200 0.030000 -0.966200
vn 0.000000 0.000000 1.000000
vn -0.789400 -0.613900 0.000000
vn -0.613600 0.789600 0.000000
vn -0.613600 0.789700 0.000000
vn 0.789400 0.613800 0.000000
vn -0.124000 -0.992300 -0.000000
vn -0.992300 0.124100 0.000000
vn -0.614000 0.789300 0.000000
vn -0.613800 0.789500 0.000000
vn -0.124300 -0.992200 -0.000100
vn -0.992300 0.124200 0.000000
vn 0.992200 -0.124300 -0.000000
vn 0.124200 0.992300 0.000000
vn -0.992300 0.124000 -0.000000
vn 0.992300 -0.124200 0.000000
vn 0.992300 -0.124300 0.000000
vn 0.789400 0.613900 0.000000
vn -0.789400 -0.613800 0.000000
vn -0.992300 0.124300 -0.000000
vn -0.992200 0.124300 0.000000
vn 0.789300 0.614000 0.000000
vn 0.124900 0.992200 0.000000
vn 0.613900 -0.789400 0.000000
vn -0.613900 0.789400 0.000000
vn 0.124100 0.992300 0.000000
vn -0.789500 -0.613800 0.000000
vn -0.612100 0.790700 0.000000
vn 0.613800 -0.789500 0.000000
vn -0.124200 -0.992300 -0.000100
vn -0.124200 -0.992300 0.000000
vn 0.992300 -0.124100 0.000000
vn -0.122200 -0.992500 0.000000
vn 0.123800 0.992300 0.000000
vn -0.123800 -0.992300 0.000000
vn 0.123900 0.992300 0.000000
vn 0.613600 -0.789600 -0.000100
vn 0.786300 0.617900 0.000000
vn 0.124500 0.992200 0.000000
vn 0.613800 -0.789400 0.000000
vn 0.789500 0.613700 0.000000
vn 0.124400 0.992200 0.000000
vn -0.613700 0.789500 0.000000
vn 0.789500 0.613800 0.000000
vn -0.124300 -0.992200 0.000000
vn 0.133900 0.991000 0.000000
vn 0.992400 -0.123200 0.000000
vn 0.614000 -0.789300 0.000000
vn 0.609500 -0.792800 0.000000
vn 0.992300 -0.124000 0.000000
vn -0.789500 -0.613700 0.000000
vn 0.613700 -0.789500 0.000000
vn -0.790500 -0.612400 0.000000
vn 0.124700 0.992200 0.000000
vn 0.613300 -0.789800 0.000000
vn 0.789600 0.613700 0.000000
vn 0.124000 0.992300 0.000000
vn -0.613800 0.789400 0.000000
vn 0.164000 -0.085100 -0.982800
vn -0.176000 -0.048200 -0.983200
vn -0.096100 -0.156700 -0.983000
vn 0.054600 -0.183200 -0.981500
vn -0.159900 0.086700 -0.983300
vn -0.052900 0.179600 -0.982300
vn 0.182700 0.050100 -0.981900
vn 0.095300 0.159800 -0.982500
vn -0.993200 0.116500 0.000000
vn 0.030800 0.024400 0.999200
vn -0.619100 0.785300 0.000000
vn 0.117400 0.993100 -0.000000
vn 0.785800 0.618500 0.000000
vn -0.785800 -0.618500 0.000000
vn -0.117400 -0.993100 0.000000
vn 0.619100 -0.785300 0.000000
vn 0.993200 -0.116500 -0.000000
vn 0.024300 -0.031100 -0.999200
vn 0.038800 -0.004600 0.999200
vn 0.030800 0.024400 -0.999200
vn -0.038800 0.004600 0.999200
vn 0.038800 -0.004600 -0.999200
vn -0.030800 -0.024400 0.999200
vn -0.038800 0.004600 -0.999200
vn -0.116300 -0.993200 0.000000
vn 0.615400 -0.788200 0.000000
vn 0.993100 -0.117600 0.000000
vn -0.993100 0.117700 0.000000
vn -0.615400 0.788200 0.000000
vn 0.116300 0.993200 0.000100
vn 0.782800 0.622300 0.000000
vn -0.782800 -0.622300 0.000000
vn 0.004600 0.039500 -0.999200
vn 0.024300 -0.031100 0.999200
vn -0.004600 -0.039500 -0.999200
vn 0.004600 0.039500 0.999200
vn -0.024300 0.031100 -0.999200
vn -0.004600 -0.039500 0.999200
vn -0.030800 -0.024400 -0.999200
vn -0.024300 0.031100 0.999200
vn -1.000000 0.000000 -0.000000
vn -0.000000 1.000000 0.002400
vn 1.000000 0.000000 -0.000000
vn 0.000000 -0.356100 0.934400
vn 0.000000 0.040500 0.999200
vn 0.895400 0.198400 0.398700
vn 0.938100 0.143200 0.315400
vn -0.938100 0.143200 0.315400
vn 0.000000 0.995100 0.098400
vn -0.895400 0.198400 0.398700
vn 0.000000 -0.526500 0.850200
vn 0.000000 0.781700 -0.623600
vn 0.000000 -0.957200 0.289300
vn 0.000000 -0.749900 0.661500
vn 0.000000 0.948900 -0.315700
vn -0.000000 0.990600 -0.137000
vn 0.994100 0.000800 0.108900
vn -0.994100 0.000800 0.108900
vn 0.000000 -0.415600 0.909500
vn 0.000000 -0.867200 -0.497900
vn 0.000000 -0.697800 0.716300
vn -0.000000 0.614800 -0.788700
vn 0.000000 -0.368900 -0.929500
vn 0.000000 -0.917100 0.398700
vn 0.000000 1.000000 0.000000
vn 0.971200 -0.234400 -0.043000
vn 0.980700 -0.195700 0.000000
vn -0.980700 -0.195700 -0.000000
vn -0.000000 -0.481900 -0.876200
vn -0.971200 -0.234400 -0.043000
vn 0.000000 -0.290000 0.957000
vn -0.000000 -0.079700 -0.996800
vn 0.000000 -0.794400 0.607400
vn 0.000000 -0.435900 0.900000
vn 0.000000 0.375200 -0.926900
vn -0.000000 0.940300 -0.340400
vn 0.000000 0.789800 -0.613400
vn 0.998200 -0.035600 -0.048100
vn -0.998200 -0.035600 -0.048100
vn -0.000000 -0.345700 -0.938400
vn 0.000000 -0.995900 0.090500
vn 0.537400 -0.690800 -0.483800
vn 0.882300 -0.402700 -0.243700
vn 0.004800 0.978200 0.207500
vn 0.000000 -0.669900 -0.742500
vn -0.000800 0.831900 0.554900
vn -0.000000 -0.819800 -0.572700
vn 0.827800 0.560700 0.020500
vn -0.003900 -0.023000 -0.999700
vn 0.024800 0.921300 -0.388000
vn 0.822200 0.565800 -0.062300
vn -0.007800 0.220100 0.975400
vn 1.000000 -0.003300 0.007000
vn 0.007400 0.028800 -0.999600
vn -0.000800 -0.991600 -0.129300
vn 0.000100 0.991300 -0.131800
vn 0.005200 0.997400 -0.072300
vn 0.003000 1.000000 -0.008800
vn -0.006400 0.795200 0.606300
vn 1.000000 -0.002500 0.003600
vn 0.000000 -0.999900 -0.012800
vn 0.002700 1.000000 0.007400
vn 0.021900 0.008200 -0.999700
vn 0.067100 0.196300 -0.978200
vn 0.006200 0.075100 -0.997200
vn 0.064700 -0.571900 -0.817800
vn 0.897300 0.441300 0.008800
vn 0.002600 0.999900 0.012800
vn 0.612500 -0.326600 -0.719900
vn 0.045300 0.998800 0.018400
vn -0.047100 0.388100 0.920400
vn 0.881000 0.080200 -0.466200
vn 0.011600 0.999700 0.020800
vn 0.976000 0.217600 0.009100
vn -0.004100 0.886500 0.462600
vn 0.100400 0.638000 -0.763500
vn 0.000000 -0.669500 0.742800
vn 0.000000 -0.996000 0.089600
vn 0.000000 -0.273300 -0.961900
vn 0.999900 -0.006700 0.010000
vn 0.000000 0.243000 -0.970000
vn 0.986600 -0.144000 -0.076900
vn 0.999900 -0.011300 0.005000
vn 0.000000 -0.559300 0.828900
vn 0.000000 0.555700 -0.831400
vn -0.000000 0.999900 0.012400
vn 0.000000 -0.909000 0.416900
vn -0.000000 0.918900 -0.394400
vn -0.000000 0.969200 0.246200
vn 0.999900 -0.012600 -0.000200
vn 0.000000 -0.999900 -0.011600
vn 0.000000 0.841600 0.540100
vn 0.999900 -0.011800 -0.003100
vn -0.000000 -0.966700 -0.255700
vn 0.999900 -0.004800 -0.011900
vn 0.999900 -0.010100 -0.006500
vn -0.000000 -0.839300 -0.543700
vn 0.975400 -0.220400 0.005000
vn -0.000000 -0.385000 -0.922900
vn 0.000000 0.368700 0.929600
vn 0.933000 -0.359800 0.006400
vn -0.000000 -0.075400 -0.997200
vn 0.000000 0.075400 0.997200
vn -0.004200 -0.880900 0.473300
vn 0.000000 -0.655200 -0.755500
vn 0.000000 -0.603400 0.797500
vn 0.996000 -0.089500 0.003000
vn -0.003800 -0.896100 -0.443800
vn -0.002900 -0.988300 -0.152600
vn 0.000000 -1.000000 0.004100
vn 0.989800 -0.070100 0.123800
vn 0.851200 0.379100 0.363100
vn 1.000000 -0.000800 0.004400
vn 1.000000 -0.000300 0.003800
vn 1.000000 -0.000200 0.002200
vn 1.000000 0.006400 0.004200
vn 1.000000 -0.000100 0.007100
vn 0.605400 -0.795600 -0.022100
vn 0.785100 -0.618700 -0.028100
vn 0.481000 0.024000 -0.876400
vn 0.862100 0.398900 0.312500
vn 0.543600 0.833200 -0.101300
vn 0.743000 -0.669100 0.017900
vn 0.879000 -0.080900 -0.469900
vn 0.991700 -0.096700 0.084300
vn 0.393000 0.166900 0.904300
vn 0.786600 0.616700 -0.030300
vn 0.437800 -0.620300 -0.650800
vn 0.449700 -0.887400 -0.101400
vn -0.002700 0.906300 0.422700
vn 0.002100 -0.990900 0.134400
vn 0.001800 1.000000 0.005300
vn 0.521500 0.853200 0.006400
vn 0.011200 0.221700 -0.975000
vn 0.515100 0.184900 -0.837000
vn 0.003700 -0.298400 -0.954400
vn 0.523400 -0.203200 -0.827500
vn 0.433200 -0.892000 0.129400
vn -0.000600 -0.989600 0.144000
vn 1.000000 0.000100 0.005800
vn 0.742400 0.655100 0.140400
vn 0.743200 -0.573300 -0.345000
vn -0.006300 0.646600 0.762800
vn -0.007600 -0.011200 0.999900
vn 0.343500 -0.010300 0.939100
vn -0.003600 0.949700 0.313000
vn 0.541900 0.809100 0.227600
vn -0.009200 -0.341300 0.939900
vn 0.374300 -0.257100 0.890900
vn 0.426200 -0.904600 0.003500
vn 0.000900 -1.000000 0.002300
vn -0.005100 -0.239800 -0.970800
vn 0.011500 -0.738500 -0.674100
vn 0.816500 0.561100 0.135900
vn 1.000000 -0.000600 0.005200
vn 0.900700 0.020300 -0.433900
vn 0.769500 0.414500 -0.485900
vn 0.890000 0.455800 0.008900
vn 0.921600 -0.388200 0.001200
vn 0.926100 -0.377200 0.001400
vn 0.943900 0.330300 0.006500
vn 0.982400 0.001300 0.186900
vn 0.975700 -0.202500 -0.083600
vn -0.726700 0.687000 0.003800
vn -0.793000 -0.609200 -0.009200
vn 0.022600 0.007900 -0.999700
vn -0.005700 0.019900 -0.999800
vn -0.011100 0.016500 -0.999800
vn 0.014200 0.039400 -0.999100
vn 0.011800 0.021400 -0.999700
vn -0.272700 -0.962000 -0.010000
vn -0.297700 0.954600 0.008800
vn -1.000000 0.001000 -0.004000
vn -0.537400 -0.690800 -0.483800
vn -0.882300 -0.402700 -0.243700
vn -0.004800 0.978200 0.207500
vn 0.000800 0.831900 0.554900
vn -0.827800 0.560700 0.020500
vn 0.003900 -0.023000 -0.999700
vn -0.024800 0.921300 -0.388000
vn -0.822200 0.565800 -0.062300
vn 0.007800 0.220100 0.975400
vn -1.000000 -0.003300 0.007000
vn -0.007400 0.028800 -0.999600
vn 0.000800 -0.991600 -0.129300
vn -0.000100 0.991300 -0.131800
vn -0.005200 0.997400 -0.072300
vn -0.003000 1.000000 -0.008800
vn 0.006400 0.795200 0.606300
vn -1.000000 -0.002500 0.003600
vn -0.002700 1.000000 0.007400
vn -0.021900 0.008200 -0.999700
vn -0.067100 0.196300 -0.978200
vn -0.006200 0.075100 -0.997200
vn -0.064700 -0.571900 -0.817800
vn -0.897300 0.441300 0.008800
vn -0.002600 0.999900 0.012800
vn -0.612500 -0.326600 -0.719900
vn -0.045300 0.998800 0.018400
vn 0.047100 0.388100 0.920400
vn -0.881000 0.080200 -0.466300
vn -0.011600 0.999700 0.020800
vn -0.976000 0.217600 0.009100
vn 0.004100 0.886500 0.462600
vn -0.100400 0.638000 -0.763500
vn -0.999900 -0.006700 0.010000
vn -0.986600 -0.144000 -0.076900
vn -0.999900 -0.011300 0.005000
vn -0.999900 -0.012600 -0.000200
vn -0.999900 -0.011800 -0.003100
vn -0.999900 -0.004800 -0.011900
vn -0.999900 -0.010100 -0.006500
vn -0.975400 -0.220400 0.005000
vn 0.000000 0.368700 0.929500
vn -0.933000 -0.359800 0.006400
vn 0.004200 -0.880900 0.473300
vn -0.996000 -0.089500 0.003000
vn 0.003800 -0.896100 -0.443800
vn 0.002900 -0.988300 -0.152600
vn -0.989800 -0.070100 0.123800
vn -0.851200 0.379100 0.363100
vn -1.000000 -0.000800 0.004400
vn -1.000000 -0.000300 0.003800
vn -1.000000 -0.000200 0.002200
vn -1.000000 0.006400 0.004200
vn -1.000000 -0.000100 0.007100
vn -0.605400 -0.795600 -0.022100
vn -0.785100 -0.618700 -0.028100
vn -0.481000 0.024000 -0.876400
vn -0.862100 0.398900 0.312500
vn -0.543600 0.833200 -0.101300
vn -0.743000 -0.669100 0.017900
vn -0.879000 -0.080900 -0.469900
vn -0.991700 -0.096700 0.084300
vn -0.393000 0.166900 0.904300
vn -0.786600 0.616700 -0.030300
vn -0.437800 -0.620300 -0.650800
vn -0.449600 -0.887400 -0.101400
vn 0.002700 0.906300 0.422700
vn -0.002100 -0.990900 0.134400
vn -0.001800 1.000000 0.005300
vn -0.521500 0.853200 0.006400
vn -0.011200 0.221700 -0.975000
vn -0.515100 0.184900 -0.837000
vn -0.003700 -0.298400 -0.954400
vn -0.523400 -0.203200 -0.827500
vn -0.433200 -0.892000 0.129400
vn 0.000600 -0.989600 0.144000
vn -1.000000 0.000100 0.005800
vn -0.742400 0.655100 0.140400
vn -0.743200 -0.573300 -0.345000
vn 0.006300 0.646600 0.762800
vn 0.007600 -0.011200 0.999900
vn -0.343500 -0.010300 0.939100
vn 0.003600 0.949700 0.313000
vn -0.541900 0.809100 0.227600
vn 0.009200 -0.341300 0.939900
vn -0.374400 -0.257100 0.890900
vn -0.426200 -0.904600 0.003500
vn -0.000900 -1.000000 0.002300
vn 0.005100 -0.239800 -0.970800
vn -0.011500 -0.738500 -0.674100
vn -0.816500 0.561100 0.135900
vn -1.000000 -0.000600 0.005200
vn -0.900700 0.020300 -0.433900
vn -0.769500 0.414500 -0.485900
vn -0.890000 0.455800 0.008900
vn -0.921600 -0.388200 0.001200
vn -0.926100 -0.377200 0.001400
vn -0.943900 0.330300 0.006500
vn -0.982400 0.001300 0.186900
vn -0.975700 -0.202500 -0.083600
vn 0.726700 0.687000 0.003800
vn 0.793000 -0.609200 -0.009200
vn -0.022600 0.007900 -0.999700
vn 0.005700 0.019900 -0.999800
vn 0.011100 0.016500 -0.999800
vn -0.014200 0.039400 -0.999100
vn -0.011800 0.021400 -0.999700
vn 0.272700 -0.962000 -0.010000
vn 0.297700 0.954600 0.008800
vn 1.000000 0.001000 -0.004000
vn 0.917200 0.277900 -0.285500
vn 0.384300 0.923200 0.002700
vn 0.635100 0.222800 -0.739600
vn 0.959500 0.281700 0.000800
vn 0.364700 0.872700 -0.324600
vn 0.237700 0.570200 -0.786400
vn -0.000000 0.002700 -1.000000
vn 0.385900 0.922500 0.002500
vn -0.446600 0.848500 -0.284000
vn -0.377700 0.925900 0.002800
vn 0.492000 0.201000 -0.847100
vn 0.203800 0.489400 -0.847900
vn -0.288700 0.609300 -0.738500
vn 0.376400 -0.926400 -0.009200
vn -0.389000 -0.921200 -0.009000
vn -0.473100 0.881000 0.002400
vn 0.071700 0.174100 -0.982100
vn -0.203900 0.492200 -0.846300
vn -0.921500 0.388300 -0.005000
vn -0.376400 0.926500 -0.003500
vn 0.926400 0.376400 -0.006200
vn 0.389000 0.921200 -0.003700
vn 0.388900 0.921200 -0.006200
vn 0.171900 0.073100 -0.982400
vn -0.915200 0.284400 -0.285500
vn -0.957500 0.288500 0.000800
vn -0.070500 0.174600 -0.982100
vn 0.385100 0.922800 0.010800
vn -0.633600 0.227300 -0.739600
vn 0.921000 -0.389400 -0.007700
vn -0.379400 0.925200 0.002500
vn -0.389000 -0.921200 -0.006500
vn -0.377200 0.926100 -0.006300
vn 0.388100 0.921600 -0.006000
vn -0.000100 0.002700 -1.000000
vn 0.921200 -0.388900 -0.006600
vn 0.375800 -0.926700 -0.008700
vn 0.379400 -0.925200 -0.002500
vn -0.389000 -0.921200 -0.009600
vn 0.376400 -0.926400 -0.008400
vn 0.000100 0.002700 -1.000000
vn 0.002600 -0.000300 -1.000000
vn -0.000000 0.002800 -1.000000
vn -0.926400 -0.376400 -0.007900
vn -0.922500 0.386000 0.001000
vn 0.376400 -0.926400 -0.006800
vn 0.376100 -0.926600 -0.006400
vn 0.925200 0.379400 0.001000
vn -0.378500 0.925500 0.010800
vn 0.099300 0.235500 0.966800
vn 0.925200 0.379400 0.009100
vn -0.490600 0.204500 -0.847000
vn -0.358600 0.875300 -0.324600
vn 0.479300 0.877600 0.002300
vn -0.926400 -0.376400 -0.006500
vn 0.922500 -0.386000 -0.001000
vn 0.921200 -0.388900 -0.009300
vn 0.376400 -0.926400 -0.009100
vn -0.492800 -0.870100 -0.002300
vn 0.358600 -0.873500 -0.329300
vn 0.961800 -0.273600 -0.000700
vn 0.926300 0.376800 -0.003900
vn -0.000900 0.003900 -1.000000
vn -0.375700 0.926700 -0.005100
vn -0.925200 -0.379400 -0.001000
vn 0.376800 -0.926300 -0.007600
vn 0.921400 -0.388500 -0.006400
vn -0.226800 0.973900 0.002600
vn -0.871800 0.365600 -0.326000
vn -0.852800 -0.522200 -0.001400
vn 0.921200 -0.389000 -0.005700
vn -0.921500 0.388300 -0.006500
vn -0.922500 0.385900 0.009100
vn -0.097600 0.236200 0.966800
vn 0.238300 0.095100 0.966500
vn -0.000000 -0.002700 1.000000
vn 0.922500 -0.386000 0.007000
vn -0.171400 0.074400 -0.982400
vn -0.233600 0.571800 -0.786400
vn -0.200300 0.490800 -0.847900
vn 0.452600 0.845300 -0.284000
vn 0.921000 -0.389400 -0.006300
vn -0.926200 -0.377000 -0.007700
vn 0.871800 -0.363900 -0.327900
vn -0.926700 -0.375700 -0.008800
vn -0.376400 0.926500 -0.003600
vn -0.000800 -0.001100 -1.000000
vn 0.377700 -0.925900 -0.002200
vn -0.466300 -0.836100 -0.288800
vn 0.233600 -0.567600 -0.789400
vn 0.919600 -0.267800 -0.287300
vn -0.002700 -0.000300 -1.000000
vn 0.388900 0.921300 -0.003100
vn -0.855100 0.518400 0.001400
vn -0.874400 -0.357700 -0.327900
vn -0.244900 -0.969500 -0.002600
vn 0.926400 0.376400 -0.004800
vn -0.221600 0.932700 -0.284500
vn -0.568100 0.239800 -0.787300
vn -0.819200 -0.495700 -0.288300
vn -0.922500 0.385900 0.001000
vn -0.921200 0.389000 -0.005900
vn -0.921200 0.389000 -0.006900
vn -0.002700 -0.000000 -1.000000
vn 0.926600 0.375900 -0.005000
vn -0.376400 0.926500 -0.005800
vn 0.815700 -0.501500 -0.288300
vn 0.849100 -0.528300 -0.001400
vn -0.925200 -0.379400 0.007100
vn -0.237600 0.096800 0.966500
vn 0.237600 -0.102000 0.966000
vn 0.378500 -0.925600 0.005800
vn 0.293000 0.607200 -0.738500
vn 0.207300 0.490700 -0.846300
vn -0.926500 -0.376400 -0.004400
vn -0.385900 -0.922500 -0.002500
vn 0.568100 -0.235600 -0.788600
vn 0.874400 0.359400 -0.326000
vn 0.386000 0.922500 0.002500
vn -0.305500 -0.596100 -0.742500
vn 0.200300 -0.486200 -0.850500
vn 0.637500 -0.209400 -0.741500
vn -0.821800 0.493100 -0.285600
vn -0.569700 -0.231500 -0.788500
vn -0.239500 -0.926800 -0.289400
vn -0.581100 -0.331900 -0.743100
vn -0.170300 0.650200 -0.740400
vn -0.487100 0.206000 -0.848700
vn 0.389700 0.920900 -0.005000
vn 0.578800 -0.336000 -0.743100
vn -0.385100 -0.922900 0.005800
vn -0.238300 -0.100300 0.966000
vn 0.097600 -0.241300 0.965500
vn -0.921300 0.389000 -0.003400
vn -0.364700 -0.870900 -0.329300
vn 0.487100 -0.201500 -0.849800
vn 0.569700 0.235700 -0.787300
vn 0.002000 0.006200 -1.000000
vn 0.070500 -0.169300 -0.983000
vn -0.926700 -0.375600 -0.008900
vn -0.376400 0.926500 -0.004300
vn -0.488500 -0.198100 -0.849800
vn -0.002700 0.005400 -1.000000
vn -0.000000 0.002600 -1.000000
vn 0.519100 -0.258000 -0.814900
vn 0.233700 0.972300 0.002600
vn -0.099300 -0.240700 0.965500
vn 0.171400 -0.069100 -0.982800
vn 0.488500 0.202600 -0.848700
vn 0.186900 0.551900 -0.812700
vn -0.389300 -0.921100 -0.006700
vn 0.926400 0.376400 -0.008200
vn -0.377000 0.926200 -0.004000
vn 0.922500 -0.385900 -0.001000
vn -0.237700 -0.566000 -0.789400
vn -0.002000 0.002800 1.000000
vn -0.389600 -0.920900 -0.010000
vn -0.221200 -0.492400 -0.841800
vn -0.071700 -0.168800 -0.983000
vn 0.171500 -0.069100 -0.982800
vn 0.504800 -0.194700 -0.841000
vn -0.920900 0.389700 -0.006700
vn -0.384300 -0.923200 -0.002200
vn 0.388500 0.921400 -0.002700
vn 0.921400 -0.388600 -0.006000
vn 0.389000 0.921200 -0.004600
vn 0.926400 0.376400 -0.005100
vn -0.926400 -0.376400 -0.007600
vn -0.584200 0.331000 -0.741000
vn -0.185000 -0.642500 -0.743600
vn -0.511000 0.251100 -0.822100
vn -0.189200 -0.533800 -0.824200
vn -0.172000 -0.067900 -0.982800
vn 0.389500 0.921000 -0.003800
vn -0.375700 0.926700 -0.004300
vn -0.920900 0.389700 -0.006300
vn -0.520900 -0.254300 -0.814800
vn -0.183100 0.553200 -0.812700
vn -0.171900 -0.067900 -0.982800
vn 0.228200 0.931100 -0.284500
vn 0.174900 0.649000 -0.740400
vn 0.000200 0.006500 -1.000000
vn 0.172000 0.073100 -0.982400
vn -0.203800 -0.484800 -0.850500
vn -0.921500 -0.261300 -0.287300
vn -0.963800 -0.266800 -0.000700
vn 0.486700 -0.873600 -0.002300
vn -0.389000 -0.921200 -0.008100
vn -0.171500 0.074400 -0.982400
vn -0.638900 -0.204900 -0.741500
vn 0.460400 -0.839400 -0.288800
vn -0.506200 -0.191100 -0.841000
vn 0.301300 -0.598200 -0.742500
vn 0.217700 -0.494000 -0.841800
vn -0.921200 0.389000 -0.006200
vn -0.926200 -0.376900 -0.007300
vn 0.926700 0.375800 -0.005400
vn -0.388500 -0.921400 -0.007700
vn 0.002600 0.005600 -1.000000
vn 0.921200 -0.388900 -0.006700
vn 0.376800 -0.926200 -0.008400
vn -0.388400 -0.921500 -0.008900
vn 0.926300 0.376800 -0.003800
vn 0.003400 0.002500 -1.000000
vn -0.003400 0.002600 -1.000000
vn -0.000000 -0.230700 -0.973000
vn 0.505800 -0.770900 -0.387200
vn 0.000000 -0.469200 0.883100
vn 0.000000 -0.585400 -0.810700
vn 0.000000 0.236200 0.971700
vn 0.000000 -0.999800 0.019000
vn -0.000000 -0.596600 -0.802500
vn 0.729700 0.424800 -0.535800
vn 0.893900 0.355400 0.273200
vn 0.000000 0.503500 0.864000
vn 0.481700 -0.875900 0.028300
vn -0.000000 0.315000 0.949100
vn 0.000000 -0.928900 -0.370400
vn 0.870200 0.381600 0.311700
vn 0.000400 0.887900 0.460100
vn 0.000000 -0.005100 1.000000
vn 0.817900 0.460000 -0.345700
vn 0.429000 0.238900 0.871200
vn 0.553500 -0.196200 -0.809400
vn 0.637800 -0.302500 0.708300
vn 0.524300 -0.495500 -0.692500
vn 0.599400 -0.471400 -0.646800
vn 0.367300 0.466100 0.804900
vn 0.449700 0.215200 0.866900
vn 0.759600 0.026500 -0.649800
vn -0.505800 -0.770900 -0.387200
vn -0.729700 0.424800 -0.535800
vn -0.893900 0.355400 0.273200
vn -0.481700 -0.875900 0.028300
vn -0.870200 0.381600 0.311700
vn -0.000400 0.887900 0.460100
vn -0.817900 0.460000 -0.345700
vn -0.429000 0.238900 0.871200
vn -0.553500 -0.196200 -0.809400
vn -0.637800 -0.302500 0.708300
vn -0.524300 -0.495500 -0.692500
vn -0.599400 -0.471400 -0.646800
vn -0.367300 0.466100 0.804900
vn -0.449700 0.215200 0.866900
vn -0.759600 0.026500 -0.649800
vn 0.000000 0.261500 0.965200
vn 0.000000 -0.338600 0.940900
vn 0.000000 -0.464100 -0.885800
vn 0.000000 0.510400 0.860000
vn -0.018600 0.753900 -0.656700
vn -0.000000 -0.470600 -0.882300
vn 0.000000 -0.222800 -0.974900
vn -0.007100 0.997200 0.074000
vn 0.000000 -0.998800 0.048300
vn 0.005300 0.886500 -0.462600
vn 0.033100 0.382500 -0.923400
vn 0.018600 0.753900 -0.656700
vn 0.007100 0.997200 0.074000
vn -0.005300 0.886500 -0.462600
vn -0.033200 0.382500 -0.923400
usemtl BulletYellow
s off
usemtl BulletTip
usemtl Metal
f 574/3/249 573/3/249 575/3/249 576/3/249
f 576/3/250 575/3/250 579/3/250 580/3/250
f 580/3/251 579/3/251 577/3/251 578/3/251
f 578/3/252 577/3/252 573/3/252 574/3/252
f 577/3/253 584/3/253 582/3/253 573/3/253
f 580/3/251 578/3/251 600/3/251 599/3/251
f 583/3/254 587/3/254 588/3/254 584/3/254
f 579/3/255 583/3/255 584/3/255 577/3/255
f 573/3/256 582/3/256 581/3/256 575/3/256
f 575/3/257 581/3/257 583/3/257 579/3/257
f 587/3/251 591/3/251 592/3/251 588/3/251
f 582/3/258 586/3/258 585/3/258 581/3/258
f 584/3/259 588/3/259 586/3/259 582/3/259
f 581/3/260 585/3/260 587/3/260 583/3/260
f 592/3/261 596/3/261 594/3/261 590/3/261
f 586/3/249 590/3/249 589/3/249 585/3/249
f 588/3/262 592/3/262 590/3/262 586/3/262
f 585/3/263 589/3/263 591/3/263 587/3/263
f 589/3/264 593/3/264 595/3/264 591/3/264
f 591/3/265 595/3/265 596/3/265 592/3/265
f 590/3/266 594/3/266 593/3/266 589/3/266
f 593/3/267 594/3/267 596/3/267 595/3/267
f 600/3/268 597/3/268 598/3/268 599/3/268
f 574/3/249 576/3/249 598/3/249 597/3/249
f 578/3/269 574/3/269 597/3/269 600/3/269
f 576/3/270 580/3/270 599/3/270 598/3/270
f 602/3/249 604/3/249 603/3/249 601/3/249
f 604/3/271 608/3/271 607/3/271 603/3/271
f 608/3/251 606/3/251 605/3/251 607/3/251
f 606/3/152 602/3/152 601/3/152 605/3/152
f 605/3/272 601/3/272 610/3/272 612/3/272
f 606/3/273 608/3/273 604/3/273 602/3/273
f 611/3/274 612/3/274 616/3/274 615/3/274
f 607/3/275 605/3/275 612/3/275 611/3/275
f 601/3/276 603/3/276 609/3/276 610/3/276
f 603/3/277 607/3/277 611/3/277 609/3/277
f 615/3/251 616/3/251 620/3/251 619/3/251
f 610/3/278 609/3/278 613/3/278 614/3/278
f 612/3/279 610/3/279 614/3/279 616/3/279
f 609/3/280 611/3/280 615/3/280 613/3/280
f 620/3/281 618/3/281 622/3/281 624/3/281
f 614/3/249 613/3/249 617/3/249 618/3/249
f 616/3/282 614/3/282 618/3/282 620/3/282
f 613/3/283 615/3/283 619/3/283 617/3/283
f 621/3/284 623/3/284 627/3/284 625/3/284
f 617/3/285 619/3/285 623/3/285 621/3/285
f 619/3/286 620/3/286 624/3/286 623/3/286
f 618/3/287 617/3/287 621/3/287 622/3/287
f 626/3/288 625/3/288 627/3/288 628/3/288
f 623/3/251 624/3/251 628/3/251 627/3/251
f 622/3/249 621/3/249 625/3/249 626/3/249
f 624/3/289 622/3/289 626/3/289 628/3/289
f 645/3/290 648/3/290 735/3/290 733/3/290
f 644/3/291 637/3/291 673/3/291 674/3/291
f 816/3/292 642/3/292 646/3/292 821/3/292
f 644/3/293 817/3/293 820/3/293 645/3/293
f 821/3/294 646/3/294 647/3/294 823/3/294
f 645/3/295 820/3/295 825/3/295 648/3/295
f 656/3/296 649/3/296 734/3/296 739/3/296
f 650/3/297 829/3/297 1001/3/297 770/3/297
f 656/3/298 841/3/298 846/3/298 658/3/298
f 660/3/299 651/3/299 736/3/299 738/3/299
f 654/3/300 763/3/300 989/3/300 839/3/300
f 757/3/301 759/3/301 758/3/301 733/3/301 735/3/301
f 753/3/302 751/3/302 974/3/302 976/3/302
f 755/3/303 652/3/303 837/3/303 980/3/303
f 653/3/304 749/3/304 971/3/304 838/3/304
f 841/3/305 656/3/305 651/3/305 832/3/305
f 843/3/306 657/3/306 658/3/306 846/3/306
f 828/3/307 649/3/307 657/3/307 843/3/307
f 649/3/308 656/3/308 658/3/308 657/3/308
f 667/3/309 860/3/309 851/3/309 661/3/309
f 832/3/310 651/3/310 660/3/310 850/3/310
f 665/3/311 778/3/311 785/3/311 783/3/311
f 668/3/312 863/3/312 866/3/312 670/3/312
f 778/3/313 779/3/313 784/3/313 785/3/313
f 661/3/314 851/3/314 855/3/314 664/3/314
f 662/3/315 666/3/315 774/3/315 775/3/315
f 850/3/316 660/3/316 666/3/316 862/3/316
f 661/3/317 664/3/317 779/3/317 776/3/317
f 659/3/309 847/3/309 860/3/309 667/3/309
f 669/3/251 668/3/251 670/3/251 663/3/251
f 672/3/318 671/3/318 668/3/318 669/3/318
f 868/3/319 669/3/319 663/3/319 869/3/319
f 662/3/320 665/3/320 671/3/320
f 869/3/321 663/3/321 670/3/321 866/3/321
f 666/3/322 662/3/322 671/3/322 672/3/322
f 862/3/323 666/3/323 672/3/323 669/3/323 868/3/323
f 668/3/324 671/3/324 665/3/324 858/3/324 863/3/324
f 673/3/325 872/3/325 876/3/325 675/3/325
f 637/3/326 806/3/326 872/3/326 673/3/326
f 817/3/327 644/3/327 674/3/327 874/3/327
f 676/3/328 675/3/328 677/3/328 678/3/328
f 874/3/329 674/3/329 676/3/329 878/3/329
f 674/3/330 673/3/330 675/3/330 676/3/330
f 678/3/331 677/3/331 679/3/331 680/3/331
f 675/3/332 876/3/332 880/3/332 677/3/332
f 878/3/333 676/3/333 678/3/333 882/3/333
f 886/3/334 680/3/334 682/3/334 890/3/334
f 677/3/335 880/3/335 884/3/335 679/3/335
f 882/3/336 678/3/336 680/3/336 886/3/336
f 890/3/337 682/3/337 684/3/337 894/3/337
f 680/3/338 679/3/338 681/3/338 682/3/338
f 679/3/339 884/3/339 888/3/339 681/3/339
f 894/3/340 684/3/340 686/3/340 898/3/340
f 682/3/341 681/3/341 683/3/341 684/3/341
f 681/3/342 888/3/342 892/3/342 683/3/342
f 686/3/343 685/3/343 687/3/343 688/3/343
f 684/3/344 683/3/344 685/3/344 686/3/344
f 683/3/345 892/3/345 896/3/345 685/3/345
f 688/3/346 687/3/346 689/3/346 690/3/346
f 685/3/347 896/3/347 900/3/347 687/3/347
f 898/3/348 686/3/348 688/3/348 902/3/348
f 690/3/349 689/3/349 691/3/349 692/3/349
f 687/3/350 900/3/350 904/3/350 689/3/350
f 902/3/351 688/3/351 690/3/351 906/3/351
f 910/3/352 692/3/352 694/3/352 914/3/352
f 689/3/353 904/3/353 908/3/353 691/3/353
f 906/3/354 690/3/354 692/3/354 910/3/354
f 692/3/355 691/3/355 693/3/355 694/3/355
f 691/3/356 908/3/356 912/3/356 693/3/356
f 648/3/357 825/3/357 969/3/357 747/3/357
f 693/3/358 912/3/358 829/3/358 650/3/358
f 731/3/359 730/3/359 733/3/359 758/3/359 756/3/359 732/3/359
f 649/3/360 761/3/360 647/3/360 732/3/360 760/3/360 734/3/360
f 735/3/361 745/3/361 746/3/361 737/3/361 742/3/361 765/3/361 748/3/361 741/3/361
f 734/3/362 757/3/362 735/3/362 741/3/362 750/3/362 752/3/362 740/3/362
f 737/3/363 736/3/363 743/3/363 767/3/363 762/3/363 742/3/363
f 736/3/364 739/3/364 734/3/364 740/3/364 754/3/364 768/3/364 743/3/364
f 736/3/365 737/3/365 744/3/365 780/3/365 781/3/365 738/3/365
f 648/3/366 747/3/366 694/3/366 745/3/366 735/3/366
f 693/3/367 650/3/367 737/3/367 746/3/367
f 751/3/368 753/3/368 752/3/368 750/3/368
f 647/3/369 646/3/369 731/3/369 732/3/369
f 749/3/370 653/3/370 741/3/370 748/3/370
f 694/3/371 693/3/371 746/3/371 745/3/371
f 650/3/372 770/3/372 771/3/372 659/3/372 744/3/372 737/3/372
f 641/3/373 640/3/373 639/3/373 637/3/373 730/3/373 731/3/373
f 763/3/374 654/3/374 742/3/374 762/3/374
f 651/3/375 656/3/375 739/3/375 736/3/375
f 644/3/376 645/3/376 733/3/376 730/3/376
f 652/3/377 755/3/377 754/3/377 740/3/377
f 988/3/378 761/3/378 649/3/378 828/3/378
f 747/3/379 969/3/379 914/3/379 694/3/379
f 749/3/380 764/3/380 993/3/380 971/3/380
f 764/3/381 749/3/381 748/3/381 765/3/381
f 751/3/382 653/3/382 838/3/382 974/3/382
f 653/3/383 751/3/383 750/3/383 741/3/383
f 652/3/384 753/3/384 976/3/384 837/3/384
f 753/3/385 652/3/385 740/3/385 752/3/385
f 769/3/386 655/3/386 743/3/386 768/3/386
f 655/3/387 769/3/387 998/3/387 840/3/387
f 732/3/388 756/3/388 758/3/388 759/3/388 757/3/388 734/3/388 760/3/388
f 646/3/389 642/3/389 731/3/389
f 637/3/390 644/3/390 730/3/390
f 823/3/391 647/3/391 761/3/391 988/3/391
f 763/3/392 766/3/392 995/3/392 989/3/392
f 766/3/393 763/3/393 762/3/393 767/3/393
f 764/3/394 654/3/394 839/3/394 993/3/394
f 654/3/395 764/3/395 765/3/395 742/3/395
f 766/3/396 655/3/396 840/3/396 995/3/396
f 655/3/397 766/3/397 767/3/397 743/3/397
f 755/3/398 769/3/398 768/3/398 754/3/398
f 769/3/399 755/3/399 980/3/399 998/3/399
f 770/3/400 1001/3/400 1003/3/400 771/3/400
f 771/3/401 1003/3/401 847/3/401 659/3/401
f 642/3/402 641/3/402 731/3/402
f 774/3/403 777/3/403 776/3/403 775/3/403
f 775/3/404 776/3/404 779/3/404 778/3/404
f 772/3/403 773/3/403 777/3/403 774/3/403
f 665/3/405 662/3/405 775/3/405 778/3/405
f 666/3/406 660/3/406 772/3/406 774/3/406
f 667/3/407 661/3/407 776/3/407 777/3/407
f 659/3/408 667/3/408 777/3/408 773/3/408
f 738/3/409 781/3/409 772/3/409 660/3/409
f 773/3/410 772/3/410 781/3/410 780/3/410
f 780/3/411 744/3/411 659/3/411 773/3/411
f 784/3/412 782/3/412 786/3/412 788/3/412
f 783/3/413 785/3/413 789/3/413 787/3/413
f 858/3/414 665/3/414 783/3/414 1018/3/414
f 664/3/415 855/3/415 1015/3/415 782/3/415
f 779/3/416 664/3/416 782/3/416 784/3/416
f 786/3/417 787/3/417 789/3/417 788/3/417
f 786/3/418 1021/3/418 1024/3/418 787/3/418
f 1018/3/419 783/3/419 787/3/419 1024/3/419
f 782/3/420 1015/3/420 1021/3/420 786/3/420
f 785/3/421 784/3/421 788/3/421 789/3/421
f 819/3/422 954/3/422 956/3/422 826/3/422
f 818/3/423 875/3/423 873/3/423 807/3/423
f 816/3/424 821/3/424 822/3/424 813/3/424
f 818/3/293 819/3/293 820/3/293 817/3/293
f 821/3/425 823/3/425 824/3/425 822/3/425
f 819/3/295 826/3/295 825/3/295 820/3/295
f 842/3/426 960/3/426 955/3/426 827/3/426
f 830/3/427 1002/3/427 1001/3/427 829/3/427
f 842/3/428 845/3/428 846/3/428 841/3/428
f 849/3/429 959/3/429 957/3/429 831/3/429
f 835/3/430 839/3/430 989/3/430 991/3/430
f 983/3/431 956/3/431 954/3/431 984/3/431 985/3/431
f 978/3/432 976/3/432 974/3/432 975/3/432
f 981/3/433 980/3/433 837/3/433 833/3/433
f 834/3/434 838/3/434 971/3/434 972/3/434
f 841/3/435 832/3/435 831/3/435 842/3/435
f 843/3/436 846/3/436 845/3/436 844/3/436
f 828/3/437 843/3/437 844/3/437 827/3/437
f 827/3/438 844/3/438 845/3/438 842/3/438
f 861/3/309 852/3/309 851/3/309 860/3/309
f 832/3/439 850/3/439 849/3/439 831/3/439
f 857/3/440 1017/3/440 1020/3/440 1011/3/440
f 864/3/441 867/3/441 866/3/441 863/3/441
f 1011/3/442 1020/3/442 1019/3/442 1012/3/442
f 852/3/443 856/3/443 855/3/443 851/3/443
f 853/3/444 1008/3/444 1007/3/444 859/3/444
f 850/3/445 862/3/445 859/3/445 849/3/445
f 852/3/446 1009/3/446 1012/3/446 856/3/446
f 848/3/309 861/3/309 860/3/309 847/3/309
f 865/3/249 854/3/249 867/3/249 864/3/249
f 871/3/447 865/3/447 864/3/447 870/3/447
f 868/3/448 869/3/448 854/3/448 865/3/448
f 853/3/449 870/3/449 857/3/449
f 869/3/450 866/3/450 867/3/450 854/3/450
f 859/3/451 871/3/451 870/3/451 853/3/451
f 862/3/452 868/3/452 865/3/452 871/3/452 859/3/452
f 864/3/453 863/3/453 858/3/453 857/3/453 870/3/453
f 873/3/325 877/3/325 876/3/325 872/3/325
f 807/3/326 873/3/326 872/3/326 806/3/326
f 817/3/327 874/3/327 875/3/327 818/3/327
f 879/3/454 883/3/454 881/3/454 877/3/454
f 874/3/329 878/3/329 879/3/329 875/3/329
f 875/3/455 879/3/455 877/3/455 873/3/455
f 883/3/456 887/3/456 885/3/456 881/3/456
f 877/3/332 881/3/332 880/3/332 876/3/332
f 878/3/333 882/3/333 883/3/333 879/3/333
f 886/3/334 890/3/334 891/3/334 887/3/334
f 881/3/335 885/3/335 884/3/335 880/3/335
f 882/3/336 886/3/336 887/3/336 883/3/336
f 890/3/337 894/3/337 895/3/337 891/3/337
f 887/3/457 891/3/457 889/3/457 885/3/457
f 885/3/339 889/3/339 888/3/339 884/3/339
f 894/3/340 898/3/340 899/3/340 895/3/340
f 891/3/458 895/3/458 893/3/458 889/3/458
f 889/3/342 893/3/342 892/3/342 888/3/342
f 899/3/459 903/3/459 901/3/459 897/3/459
f 895/3/460 899/3/460 897/3/460 893/3/460
f 893/3/345 897/3/345 896/3/345 892/3/345
f 903/3/461 907/3/461 905/3/461 901/3/461
f 897/3/347 901/3/347 900/3/347 896/3/347
f 898/3/462 902/3/462 903/3/462 899/3/462
f 907/3/463 911/3/463 909/3/463 905/3/463
f 901/3/350 905/3/350 904/3/350 900/3/350
f 902/3/351 906/3/351 907/3/351 903/3/351
f 910/3/464 914/3/464 915/3/464 911/3/464
f 905/3/353 909/3/353 908/3/353 904/3/353
f 906/3/354 910/3/354 911/3/354 907/3/354
f 911/3/465 915/3/465 913/3/465 909/3/465
f 909/3/466 913/3/466 912/3/466 908/3/466
f 826/3/467 968/3/467 969/3/467 825/3/467
f 913/3/358 830/3/358 829/3/358 912/3/358
f 952/3/468 953/3/468 982/3/468 984/3/468 954/3/468 951/3/468
f 827/3/469 955/3/469 986/3/469 953/3/469 824/3/469 987/3/469
f 956/3/470 962/3/470 970/3/470 994/3/470 963/3/470 958/3/470 967/3/470 966/3/470
f 955/3/471 961/3/471 977/3/471 973/3/471 962/3/471 956/3/471 983/3/471
f 958/3/472 963/3/472 990/3/472 997/3/472 964/3/472 957/3/472
f 957/3/473 964/3/473 999/3/473 979/3/473 961/3/473 955/3/473 960/3/473
f 957/3/474 959/3/474 1014/3/474 1013/3/474 965/3/474 958/3/474
f 826/3/475 956/3/475 966/3/475 915/3/475 968/3/475
f 913/3/476 967/3/476 958/3/476 830/3/476
f 975/3/477 973/3/477 977/3/477 978/3/477
f 824/3/478 953/3/478 952/3/478 822/3/478
f 972/3/479 970/3/479 962/3/479 834/3/479
f 915/3/480 966/3/480 967/3/480 913/3/480
f 830/3/481 958/3/481 965/3/481 848/3/481 1004/3/481 1002/3/481
f 812/3/482 952/3/482 951/3/482 807/3/482 810/3/482 811/3/482
f 991/3/483 990/3/483 963/3/483 835/3/483
f 831/3/484 957/3/484 960/3/484 842/3/484
f 818/3/485 951/3/485 954/3/485 819/3/485
f 833/3/486 961/3/486 979/3/486 981/3/486
f 988/3/487 828/3/487 827/3/487 987/3/487
f 968/3/488 915/3/488 914/3/488 969/3/488
f 972/3/489 971/3/489 993/3/489 992/3/489
f 992/3/490 994/3/490 970/3/490 972/3/490
f 975/3/491 974/3/491 838/3/491 834/3/491
f 834/3/492 962/3/492 973/3/492 975/3/492
f 833/3/493 837/3/493 976/3/493 978/3/493
f 978/3/494 977/3/494 961/3/494 833/3/494
f 1000/3/495 999/3/495 964/3/495 836/3/495
f 836/3/496 840/3/496 998/3/496 1000/3/496
f 953/3/497 986/3/497 955/3/497 983/3/497 985/3/497 984/3/497 982/3/497
f 822/3/498 952/3/498 813/3/498
f 807/3/499 951/3/499 818/3/499
f 823/3/500 988/3/500 987/3/500 824/3/500
f 991/3/501 989/3/501 995/3/501 996/3/501
f 996/3/502 997/3/502 990/3/502 991/3/502
f 992/3/503 993/3/503 839/3/503 835/3/503
f 835/3/504 963/3/504 994/3/504 992/3/504
f 996/3/505 995/3/505 840/3/505 836/3/505
f 836/3/506 964/3/506 997/3/506 996/3/506
f 981/3/507 979/3/507 999/3/507 1000/3/507
f 1000/3/508 998/3/508 980/3/508 981/3/508
f 1002/3/509 1004/3/509 1003/3/509 1001/3/509
f 1004/3/510 848/3/510 847/3/510 1003/3/510
f 813/3/511 952/3/511 812/3/511
f 1007/3/512 1008/3/512 1009/3/512 1010/3/512
f 1008/3/513 1011/3/513 1012/3/513 1009/3/513
f 1005/3/512 1007/3/512 1010/3/512 1006/3/512
f 857/3/514 1011/3/514 1008/3/514 853/3/514
f 859/3/515 1007/3/515 1005/3/515 849/3/515
f 861/3/516 1010/3/516 1009/3/516 852/3/516
f 848/3/517 1006/3/517 1010/3/517 861/3/517
f 959/3/518 849/3/518 1005/3/518 1014/3/518
f 1006/3/519 1013/3/519 1014/3/519 1005/3/519
f 1013/3/520 1006/3/520 848/3/520 965/3/520
f 1019/3/521 1025/3/521 1022/3/521 1016/3/521
f 1017/3/522 1023/3/522 1026/3/522 1020/3/522
f 858/3/523 1018/3/523 1017/3/523 857/3/523
f 856/3/524 1016/3/524 1015/3/524 855/3/524
f 1012/3/525 1019/3/525 1016/3/525 856/3/525
f 1022/3/526 1025/3/526 1026/3/526 1023/3/526
f 1022/3/527 1023/3/527 1024/3/527 1021/3/527
f 1018/3/528 1024/3/528 1023/3/528 1017/3/528
f 1016/3/529 1022/3/529 1021/3/529 1015/3/529
f 1020/3/530 1026/3/530 1025/3/530 1019/3/530
f 1028/3/531 1029/3/531 1030/3/531 1027/3/531
f 1038/3/532 1031/3/532 1066/3/532 1065/3/532 1057/3/532 1056/3/532 1044/3/532 1049/3/532 1070/3/532 1061/3/532 1058/3/532 1045/3/532 1037/3/532 1028/3/532 1027/3/532 1033/3/532
f 1029/3/533 1028/3/533 1037/3/533 1032/3/533
f 1033/3/534 1027/3/534 1030/3/534 1034/3/534
f 1030/3/535 1029/3/535 1035/3/535 1036/3/535
f 1029/3/536 1032/3/536 1039/3/536 1035/3/536
f 1038/3/537 1033/3/537 1034/3/537 1040/3/537 1041/3/537 1042/3/537
f 1034/3/538 1030/3/538 1036/3/538 1043/3/538
f 1035/3/539 1044/3/539 1056/3/539 1036/3/539
f 1059/3/540 1067/3/540 1103/3/540 1142/3/540 1232/3/540 1302/3/540 1268/3/540 1269/3/540 1147/3/540 1146/3/540 1198/3/540 1128/3/540 1031/3/540 1038/3/540 1060/3/540 1046/3/540
f 1032/3/541 1037/3/541 1045/3/541 1047/3/541
f 1032/3/542 1047/3/542 1048/3/542 1039/3/542
f 1039/3/543 1049/3/543 1044/3/543 1035/3/543
f 1131/3/544 1130/3/544 1176/3/544 1071/3/544 1042/3/544
f 1040/3/537 1034/3/537 1050/3/537 1051/3/537
f 1132/3/545 1131/3/545 1042/3/545 1041/3/545
f 1069/3/537 1060/3/537 1038/3/537 1042/3/537 1071/3/537 1106/3/537
f 1052/3/537 1053/3/537 1054/3/537 1055/3/537 1050/3/537 1034/3/537 1043/3/537
f 1043/3/546 1036/3/546 1056/3/546 1057/3/546
f 1058/3/547 1061/3/547 1048/3/547 1047/3/547
f 1039/3/548 1048/3/548 1070/3/548 1049/3/548
f 1188/3/549 1134/3/549 1133/3/549 1051/3/549 1050/3/549 1055/3/549
f 1260/3/550 1189/3/550 1188/3/550 1055/3/550 1054/3/550 1063/3/550 1099/3/550
f 1052/3/537 1043/3/537 1062/3/537
f 1187/3/551 1186/3/551 1073/3/551 1053/3/551
f 1054/3/537 1053/3/537 1063/3/537
f 1249/3/552 1248/3/552 1261/3/552 1260/3/552 1099/3/552 1098/3/552 1145/3/552
f 1186/3/553 1185/3/553 1074/3/553 1073/3/553
f 1045/3/554 1058/3/554 1047/3/554
f 1046/3/555 1068/3/555 1105/3/555 1059/3/555
f 1069/3/556 1068/3/556 1046/3/556 1060/3/556
f 1061/3/557 1070/3/557 1048/3/557
f 1031/3/558 1101/3/558 1102/3/558 1066/3/558
f 1067/3/559 1059/3/559 1105/3/559 1104/3/559
f 1176/3/560 1175/3/560 1106/3/560 1071/3/560
f 1107/3/561 1108/3/561 1068/3/561 1069/3/561
f 1138/3/562 1137/3/562 1064/3/562 1100/3/562
f 1185/3/563 1179/3/563 1178/3/563 1227/3/563 1074/3/563
f 1329/3/564 1252/3/564 1251/3/564 1109/3/564 1076/3/564
f 1077/3/565 1076/3/565 1109/3/565 1110/3/565 1111/3/565 1112/3/565 1113/3/565
f 1327/3/566 1326/3/566 1079/3/566 1078/3/566
f 1181/3/567 1180/3/567 1191/3/567 1148/3/567 1272/3/567
f 1081/3/568 1114/3/568 1115/3/568 1082/3/568
f 1330/3/569 1257/3/569 1262/3/569 1317/3/569 1085/3/569 1084/3/569
f 1317/3/570 1316/3/570 1378/3/570 1116/3/570 1085/3/570
f 1116/3/571 1214/3/571 1288/3/571 1215/3/571 1117/3/571 1086/3/571 1085/3/571
f 1289/3/572 1352/3/572 1395/3/572 1350/3/572 1215/3/572 1288/3/572 1405/3/572
f 1118/3/573 1119/3/573 1120/3/573 1121/3/573 1122/3/573 1088/3/573 1087/3/573
f 1314/3/574 1247/3/574 1246/3/574 1090/3/574 1089/3/574
f 1092/3/575 1123/3/575 1124/3/575 1093/3/575
f 1171/3/576 1170/3/576 1270/3/576 1197/3/576
f 1137/3/577 1136/3/577 1072/3/577 1064/3/577
f 1065/3/578 1066/3/578 1141/3/578 1338/3/578 1386/3/578 1363/3/578 1362/3/578 1380/3/578 1333/3/578 1264/3/578 1192/3/578 1263/3/578 1299/3/578 1228/3/578 1166/3/578 1126/3/578 1127/3/578
f 1128/3/579 1129/3/579 1101/3/579 1031/3/579
f 1102/3/580 1101/3/580 1130/3/580 1131/3/580 1132/3/580 1133/3/580 1134/3/580 1135/3/580 1136/3/580 1137/3/580 1138/3/580 1139/3/580
f 1066/3/581 1102/3/581 1140/3/581 1141/3/581
f 1103/3/582 1067/3/582 1104/3/582 1143/3/582
f 1108/3/583 1144/3/583 1105/3/583 1068/3/583
f 1146/3/584 1147/3/584 1108/3/584 1107/3/584
f 1177/3/585 1139/3/585 1138/3/585 1100/3/585 1165/3/585
f 1110/3/586 1149/3/586 1150/3/586 1111/3/586
f 1191/3/587 1190/3/587 1259/3/587 1075/3/587 1148/3/587
f 1328/3/588 1327/3/588 1078/3/588 1077/3/588 1113/3/588
f 1151/3/589 1152/3/589 1114/3/589 1081/3/589
f 1153/3/590 1115/3/590 1114/3/590 1154/3/590
f 1082/3/591 1115/3/591 1155/3/591 1156/3/591
f 1326/3/592 1321/3/592 1320/3/592 1080/3/592 1079/3/592
f 1348/3/593 1349/3/593 1214/3/593
f 1373/3/594 1372/3/594 1350/3/594 1395/3/594
f 1119/3/595 1157/3/595 1158/3/595 1120/3/595
f 1375/3/596 1309/3/596 1308/3/596 1118/3/596 1087/3/596
f 1308/3/597 1307/3/597 1351/3/597 1118/3/597
f 1159/3/598 1160/3/598 1123/3/598 1092/3/598
f 1123/3/599 1161/3/599 1162/3/599 1124/3/599
f 1093/3/600 1124/3/600 1163/3/600 1164/3/600
f 1170/3/601 1169/3/601 1242/3/601 1226/3/601 1270/3/601
f 1178/3/602 1177/3/602 1165/3/602 1227/3/602
f 1167/3/603 1168/3/603 1129/3/603 1128/3/603
f 1101/3/604 1129/3/604 1169/3/604 1170/3/604 1171/3/604 1172/3/604 1173/3/604 1174/3/604 1175/3/604 1176/3/604 1130/3/604
f 1140/3/605 1102/3/605 1139/3/605 1177/3/605 1178/3/605 1179/3/605 1180/3/605 1181/3/605 1182/3/605 1183/3/605 1184/3/605
f 1180/3/606 1179/3/606 1185/3/606 1186/3/606 1187/3/606 1135/3/606 1134/3/606 1188/3/606 1189/3/606 1190/3/606 1191/3/606
f 1141/3/607 1140/3/607 1193/3/607 1194/3/607
f 1103/3/608 1143/3/608 1142/3/608
f 1105/3/609 1144/3/609 1195/3/609 1104/3/609
f 1104/3/610 1195/3/610 1196/3/610 1143/3/610
f 1108/3/611 1147/3/611 1269/3/611 1144/3/611
f 1136/3/612 1135/3/612 1187/3/612 1053/3/612 1052/3/612 1062/3/612 1072/3/612
f 1243/3/613 1173/3/613 1172/3/613 1125/3/613 1097/3/613
f 1100/3/537 1064/3/537 1072/3/537 1062/3/537 1043/3/537 1057/3/537 1065/3/537 1127/3/537 1231/3/537 1271/3/537 1272/3/537 1148/3/537 1075/3/537 1074/3/537 1227/3/537 1165/3/537
f 1200/3/568 1201/3/568 1149/3/568 1110/3/568
f 1202/3/614 1150/3/614 1149/3/614 1203/3/614
f 1111/3/578 1150/3/578 1204/3/578 1205/3/578
f 1255/3/615 1254/3/615 1112/3/615 1206/3/615
f 1319/3/616 1318/3/616 1281/3/616 1207/3/616
f 1337/3/617 1385/3/617 1386/3/617 1273/3/617 1200/3/617 1110/3/617 1199/3/617 1109/3/617
f 1208/3/618 1194/3/618 1267/3/618 1212/3/618 1156/3/618 1155/3/618 1211/3/618 1286/3/618 1383/3/618 1336/3/618 1346/3/618 1389/3/618 1345/3/618 1283/3/618 1152/3/618 1151/3/618 1282/3/618
f 1114/3/619 1152/3/619 1283/3/619 1154/3/619
f 1154/3/620 1209/3/620 1210/3/620 1153/3/620
f 1153/3/621 1211/3/621 1155/3/621 1115/3/621
f 1080/3/622 1207/3/622 1281/3/622 1282/3/622 1151/3/622 1081/3/622
f 1368/3/623 1367/3/623 1287/3/623 1392/3/623
f 1216/3/624 1217/3/624 1157/3/624 1119/3/624
f 1218/3/625 1158/3/625 1157/3/625 1219/3/625
f 1120/3/626 1158/3/626 1220/3/626 1221/3/626
f 1313/3/627 1312/3/627 1357/3/627 1294/3/627
f 1123/3/628 1160/3/628 1295/3/628 1161/3/628
f 1162/3/629 1161/3/629 1223/3/629 1224/3/629
f 1162/3/630 1225/3/630 1163/3/630 1124/3/630
f 1164/3/631 1163/3/631 1225/3/631 1358/3/631 1359/3/631 1304/3/631 1233/3/631 1303/3/631 1296/3/631 1295/3/631 1160/3/631 1159/3/631 1222/3/631 1167/3/631 1128/3/631 1198/3/631
f 1379/3/632 1315/3/632 1314/3/632 1089/3/632 1088/3/632 1122/3/632
f 1244/3/633 1243/3/633 1097/3/633 1096/3/633
f 1198/3/634 1270/3/634 1226/3/634 1094/3/634 1093/3/634 1164/3/634
f 1242/3/635 1241/3/635 1094/3/635 1226/3/635
f 1245/3/636 1244/3/636 1096/3/636 1095/3/636
f 1166/3/637 1229/3/637 1230/3/637 1126/3/637
f 1127/3/638 1126/3/638 1230/3/638 1231/3/638
f 1234/3/639 1235/3/639 1168/3/639 1167/3/639
f 1129/3/640 1168/3/640 1236/3/640 1237/3/640 1238/3/640 1239/3/640 1240/3/640 1241/3/640 1242/3/640 1169/3/640
f 1174/3/606 1173/3/606 1243/3/606 1244/3/606 1245/3/606 1240/3/606 1239/3/606 1246/3/606 1247/3/606 1248/3/606 1249/3/606
f 1193/3/641 1140/3/641 1184/3/641 1250/3/641 1251/3/641 1252/3/641 1253/3/641 1254/3/641 1255/3/641 1256/3/641
f 1257/3/606 1258/3/606 1259/3/606 1190/3/606 1189/3/606 1260/3/606 1261/3/606 1262/3/606
f 1194/3/642 1193/3/642 1266/3/642 1267/3/642
f 1142/3/557 1143/3/557 1196/3/557 1232/3/557
f 1195/3/643 1144/3/643 1269/3/643 1268/3/643
f 1195/3/644 1268/3/644 1302/3/644 1196/3/644
f 1183/3/645 1182/3/645 1384/3/645 1385/3/645
f 1273/3/646 1274/3/646 1201/3/646 1200/3/646
f 1203/3/590 1149/3/590 1201/3/590 1275/3/590
f 1203/3/647 1276/3/647 1277/3/647 1202/3/647
f 1150/3/648 1202/3/648 1278/3/648 1204/3/648
f 1205/3/649 1204/3/649 1279/3/649 1280/3/649
f 1154/3/650 1283/3/650 1345/3/650 1209/3/650
f 1209/3/651 1284/3/651 1285/3/651 1210/3/651
f 1210/3/652 1286/3/652 1211/3/652 1153/3/652
f 1157/3/653 1217/3/653 1353/3/653 1219/3/653
f 1218/3/654 1219/3/654 1290/3/654 1291/3/654
f 1218/3/655 1292/3/655 1220/3/655 1158/3/655
f 1364/3/595 1398/3/595 1354/3/595 1353/3/595 1217/3/595 1216/3/595 1289/3/595 1234/3/595 1167/3/595 1222/3/595 1221/3/595 1220/3/595 1292/3/595 1397/3/595 1365/3/595 1305/3/595
f 1162/3/656 1224/3/656 1358/3/656 1225/3/656
f 1223/3/657 1161/3/657 1295/3/657 1296/3/657
f 1224/3/658 1223/3/658 1297/3/658 1298/3/658
f 1241/3/659 1240/3/659 1245/3/659 1095/3/659 1094/3/659
f 1228/3/660 1300/3/660 1229/3/660 1166/3/660
f 1231/3/578 1230/3/578 1301/3/578 1271/3/578
f 1267/3/661 1266/3/661 1235/3/661 1234/3/661
f 1168/3/662 1235/3/662 1306/3/662 1307/3/662 1308/3/662 1309/3/662 1310/3/662 1311/3/662 1312/3/662 1313/3/662 1236/3/662
f 1262/3/606 1261/3/606 1248/3/606 1247/3/606 1314/3/606 1315/3/606 1316/3/606 1317/3/606
f 1266/3/663 1193/3/663 1256/3/663 1318/3/663 1319/3/663 1320/3/663 1321/3/663 1322/3/663 1323/3/663 1324/3/663 1325/3/663
f 1322/3/606 1321/3/606 1326/3/606 1327/3/606 1328/3/606 1253/3/606 1252/3/606 1329/3/606 1258/3/606 1257/3/606 1330/3/606
f 1263/3/554 1192/3/554 1331/3/554 1332/3/554
f 1192/3/547 1264/3/547 1331/3/547
f 1232/3/547 1196/3/547 1302/3/547
f 1250/3/664 1184/3/664 1183/3/664 1385/3/664 1337/3/664
f 1275/3/665 1201/3/665 1274/3/665 1339/3/665
f 1275/3/620 1340/3/620 1276/3/620 1203/3/620
f 1276/3/666 1341/3/666 1342/3/666 1277/3/666
f 1202/3/667 1277/3/667 1343/3/667 1278/3/667
f 1344/3/535 1279/3/535 1204/3/535 1278/3/535
f 1111/3/668 1205/3/668 1280/3/668 1282/3/668 1281/3/668 1206/3/668 1112/3/668
f 1346/3/669 1336/3/669 1285/3/669 1284/3/669
f 1323/3/670 1322/3/670 1330/3/670 1084/3/670 1083/3/670
f 1367/3/671 1325/3/671 1324/3/671 1213/3/671 1287/3/671
f 1291/3/672 1290/3/672 1355/3/672 1356/3/672
f 1119/3/673 1118/3/673 1351/3/673 1352/3/673 1289/3/673 1216/3/673
f 1294/3/674 1357/3/674 1121/3/674 1120/3/674 1221/3/674 1222/3/674
f 1304/3/608 1298/3/608 1297/3/608 1233/3/608
f 1299/3/675 1332/3/675 1300/3/675 1228/3/675
f 1230/3/648 1229/3/648 1360/3/648 1301/3/648
f 1229/3/667 1300/3/667 1361/3/667 1360/3/667
f 1271/3/676 1301/3/676 1362/3/676 1363/3/676
f 1233/3/557 1297/3/557 1303/3/557
f 1235/3/677 1266/3/677 1325/3/677 1367/3/677 1368/3/677 1369/3/677 1370/3/677 1371/3/677 1372/3/677 1373/3/677 1374/3/677 1306/3/677
f 1310/3/606 1309/3/606 1375/3/606 1376/3/606 1377/3/606 1371/3/606 1370/3/606 1378/3/606 1316/3/606 1315/3/606 1379/3/606
f 1299/3/678 1263/3/678 1332/3/678
f 1300/3/679 1332/3/679 1331/3/679 1361/3/679
f 1333/3/680 1361/3/680 1331/3/680 1264/3/680
f 1334/3/669 1265/3/669 1341/3/669
f 1265/3/678 1335/3/678 1342/3/678 1341/3/678
f 1182/3/681 1181/3/681 1272/3/681 1384/3/681
f 1259/3/682 1258/3/682 1329/3/682 1076/3/682 1075/3/682
f 1251/3/683 1250/3/683 1337/3/683 1109/3/683
f 1141/3/684 1194/3/684 1208/3/684 1282/3/684 1280/3/684 1279/3/684 1344/3/684 1388/3/684 1401/3/684 1382/3/684 1335/3/684 1265/3/684 1334/3/684 1381/3/684 1387/3/684 1339/3/684 1274/3/684 1273/3/684 1386/3/684 1338/3/684
f 1339/3/685 1387/3/685 1340/3/685 1275/3/685
f 1276/3/651 1340/3/651 1381/3/651 1334/3/651 1341/3/651
f 1342/3/679 1382/3/679 1401/3/679 1343/3/679 1277/3/679
f 1388/3/536 1344/3/536 1278/3/536 1343/3/536
f 1199/3/686 1110/3/686 1109/3/686
f 1254/3/687 1253/3/687 1328/3/687 1113/3/687 1112/3/687
f 1389/3/688 1284/3/688 1209/3/688 1345/3/688
f 1389/3/689 1346/3/689 1284/3/689
f 1336/3/690 1383/3/690 1285/3/690
f 1383/3/691 1286/3/691 1210/3/691 1285/3/691
f 1324/3/692 1323/3/692 1083/3/692 1213/3/692
f 1390/3/693 1347/3/693 1391/3/693 1212/3/693 1267/3/693 1234/3/693 1289/3/693 1405/3/693 1396/3/693 1406/3/693 1412/3/693 1409/3/693 1400/3/693 1366/3/693 1399/3/693 1402/3/693
f 1214/3/537 1349/3/537 1288/3/537
f 1320/3/694 1319/3/694 1207/3/694 1080/3/694
f 1378/3/695 1370/3/695 1369/3/695 1348/3/695 1214/3/695 1116/3/695
f 1349/3/646 1393/3/646 1394/3/646 1288/3/646
f 1374/3/696 1373/3/696 1395/3/696 1352/3/696
f 1307/3/697 1306/3/697 1374/3/697 1352/3/697 1351/3/697
f 1377/3/698 1376/3/698 1086/3/698 1117/3/698
f 1353/3/699 1354/3/699 1290/3/699 1219/3/699
f 1397/3/700 1292/3/700 1218/3/700 1291/3/700
f 1354/3/701 1398/3/701 1355/3/701 1290/3/701
f 1291/3/702 1356/3/702 1365/3/702 1397/3/702
f 1305/3/703 1356/3/703 1355/3/703 1364/3/703
f 1312/3/704 1311/3/704 1121/3/704 1357/3/704
f 1311/3/705 1310/3/705 1379/3/705 1122/3/705 1121/3/705
f 1372/3/706 1371/3/706 1377/3/706 1117/3/706 1215/3/706 1350/3/706
f 1358/3/707 1224/3/707 1298/3/707 1359/3/707
f 1303/3/708 1297/3/708 1223/3/708 1296/3/708
f 1359/3/709 1298/3/709 1304/3/709
f 1360/3/710 1380/3/710 1362/3/710 1301/3/710
f 1361/3/711 1333/3/711 1380/3/711 1360/3/711
f 1384/3/712 1272/3/712 1271/3/712 1363/3/712 1386/3/712 1385/3/712
f 1365/3/689 1356/3/689 1305/3/689
f 1335/3/713 1382/3/713 1342/3/713
f 1387/3/714 1381/3/714 1340/3/714
f 1401/3/542 1388/3/542 1343/3/542
f 1390/3/715 1403/3/715 1393/3/715 1347/3/715
f 1391/3/716 1347/3/716 1393/3/716 1349/3/716
f 1404/3/665 1394/3/665 1393/3/665 1403/3/665
f 1288/3/717 1394/3/717 1396/3/717 1405/3/717
f 1376/3/718 1375/3/718 1087/3/718 1086/3/718
f 1364/3/719 1355/3/719 1398/3/719
f 1366/3/703 1407/3/703 1399/3/703
f 1400/3/689 1408/3/689 1407/3/689 1366/3/689
f 1390/3/720 1402/3/720 1410/3/720 1403/3/720
f 1404/3/685 1403/3/685 1410/3/685 1411/3/685
f 1404/3/721 1406/3/721 1396/3/721 1394/3/721
f 1399/3/722 1407/3/722 1410/3/722 1402/3/722
f 1409/3/669 1408/3/669 1400/3/669
f 1411/3/714 1410/3/714 1407/3/714 1408/3/714
f 1404/3/723 1411/3/723 1412/3/723 1406/3/723
f 1409/3/724 1412/3/724 1411/3/724 1408/3/724
f 1318/3/725 1256/3/725 1255/3/725 1206/3/725 1281/3/725
f 1133/3/726 1132/3/726 1041/3/726 1040/3/726 1051/3/726
f 1107/3/537 1069/3/537 1106/3/537 1145/3/537 1098/3/537
f 1175/3/727 1174/3/727 1249/3/727 1145/3/727 1106/3/727
f 1125/3/571 1107/3/571 1098/3/571 1097/3/571
f 1172/3/728 1171/3/728 1197/3/728 1125/3/728
f 1197/3/729 1270/3/729 1198/3/729 1146/3/729 1107/3/729 1125/3/729
f 1237/3/730 1236/3/730 1313/3/730 1294/3/730 1293/3/730
f 1053/3/537 1073/3/537 1074/3/537 1075/3/537 1076/3/537 1077/3/537 1078/3/537 1079/3/537 1080/3/537 1081/3/537 1082/3/537 1083/3/537 1084/3/537 1085/3/537 1086/3/537 1087/3/537 1088/3/537 1089/3/537 1090/3/537 1091/3/537 1092/3/537 1093/3/537 1094/3/537 1095/3/537 1096/3/537 1097/3/537 1098/3/537 1099/3/537 1063/3/537
f 1091/3/573 1293/3/573 1294/3/573 1222/3/573 1159/3/573 1092/3/573
f 1238/3/731 1237/3/731 1293/3/731 1091/3/731
f 1246/3/732 1239/3/732 1238/3/732 1091/3/732 1090/3/732
f 1369/3/733 1368/3/733 1392/3/733 1348/3/733
f 1082/3/734 1156/3/734 1212/3/734 1287/3/734 1213/3/734 1083/3/734
f 1212/3/735 1391/3/735 1349/3/735 1348/3/735 1392/3/735 1287/3/735
usemtl Black
f 794/4/736 632/4/736 631/4/736 795/4/736
f 635/4/737 637/4/737 703/4/737 701/4/737
f 629/4/738 797/4/738 800/4/738 633/4/738
f 632/4/739 794/4/739 802/4/739 635/4/739
f 630/4/740 796/4/740 797/4/740 629/4/740
f 800/4/741 801/4/741 634/4/741 633/4/741
f 795/4/742 631/4/742 634/4/742 801/4/742
f 639/4/743 640/4/743 707/4/743 706/4/743
f 641/4/744 638/4/744 705/4/744 704/4/744
f 796/4/745 630/4/745 636/4/745 805/4/745
f 633/4/746 634/4/746 700/4/746 699/4/746
f 805/4/747 636/4/747 638/4/747 809/4/747
f 635/4/748 802/4/748 806/4/748 637/4/748
f 638/4/749 641/4/749 642/4/749 643/4/749
f 643/4/750 642/4/750 816/4/750 815/4/750
f 809/4/751 638/4/751 643/4/751 815/4/751
f 700/4/251 696/4/251 709/4/251 713/4/251
f 702/4/251 697/4/251 710/4/251 715/4/251
f 702/4/251 701/4/251 703/4/251 706/4/251 707/4/251 704/4/251 705/4/251
f 698/4/251 699/4/251 712/4/251 711/4/251
f 640/4/752 641/4/752 704/4/752 707/4/752
f 638/4/753 636/4/753 702/4/753 705/4/753
f 631/4/754 632/4/754 695/4/754 696/4/754
f 629/4/755 633/4/755 699/4/755 698/4/755
f 632/4/756 635/4/756 701/4/756 695/4/756
f 634/4/757 631/4/757 696/4/757 700/4/757
f 636/4/758 630/4/758 697/4/758 702/4/758
f 630/4/759 629/4/759 698/4/759 697/4/759
f 637/4/760 639/4/760 706/4/760 703/4/760
f 699/4/251 700/4/251 713/4/251 712/4/251
f 697/4/251 698/4/251 711/4/251 710/4/251
f 696/4/251 695/4/251 708/4/251 709/4/251
f 695/4/251 701/4/251 714/4/251 708/4/251
f 701/4/251 702/4/251 715/4/251 726/4/251 716/4/251 729/4/251 714/4/251
f 794/4/736 795/4/736 792/4/736 793/4/736
f 803/4/761 922/4/761 924/4/761 807/4/761
f 790/4/738 798/4/738 800/4/738 797/4/738
f 793/4/739 803/4/739 802/4/739 794/4/739
f 791/4/740 790/4/740 797/4/740 796/4/740
f 800/4/741 798/4/741 799/4/741 801/4/741
f 795/4/742 801/4/742 799/4/742 792/4/742
f 810/4/762 927/4/762 928/4/762 811/4/762
f 812/4/763 925/4/763 926/4/763 808/4/763
f 796/4/745 805/4/745 804/4/745 791/4/745
f 798/4/764 920/4/764 921/4/764 799/4/764
f 805/4/747 809/4/747 808/4/747 804/4/747
f 803/4/748 807/4/748 806/4/748 802/4/748
f 808/4/765 814/4/765 813/4/765 812/4/765
f 814/4/766 815/4/766 816/4/766 813/4/766
f 809/4/751 815/4/751 814/4/751 808/4/751
f 921/4/249 934/4/249 930/4/249 917/4/249
f 923/4/249 936/4/249 931/4/249 918/4/249
f 923/4/249 926/4/249 925/4/249 928/4/249 927/4/249 924/4/249 922/4/249
f 919/4/249 932/4/249 933/4/249 920/4/249
f 811/4/767 928/4/767 925/4/767 812/4/767
f 808/4/768 926/4/768 923/4/768 804/4/768
f 792/4/769 917/4/769 916/4/769 793/4/769
f 790/4/770 919/4/770 920/4/770 798/4/770
f 793/4/771 916/4/771 922/4/771 803/4/771
f 799/4/772 921/4/772 917/4/772 792/4/772
f 804/4/773 923/4/773 918/4/773 791/4/773
f 791/4/774 918/4/774 919/4/774 790/4/774
f 807/4/775 924/4/775 927/4/775 810/4/775
f 920/4/249 933/4/249 934/4/249 921/4/249
f 918/4/249 931/4/249 932/4/249 919/4/249
f 917/4/249 930/4/249 929/4/249 916/4/249
f 916/4/249 929/4/249 935/4/249 922/4/249
f 922/4/249 935/4/249 950/4/249 937/4/249 947/4/249 936/4/249 923/4/249
usemtl Wood
f 710/5/776 711/5/776 720/5/776 719/5/776
f 711/5/777 712/5/777 721/5/777 720/5/777
f 708/5/778 714/5/778 725/5/778 717/5/778
f 717/5/251 719/5/251 720/5/251 718/5/251
f 718/5/251 720/5/251 721/5/251 722/5/251
f 719/5/251 717/5/251 725/5/251 728/5/251 723/5/251 727/5/251 724/5/251
f 715/5/779 710/5/779 719/5/779 724/5/779
f 729/5/780 716/5/780 723/5/780 728/5/780
f 713/5/781 709/5/781 718/5/781 722/5/781
f 709/5/782 708/5/782 717/5/782 718/5/782
f 726/5/783 715/5/783 724/5/783 727/5/783
f 712/5/784 713/5/784 722/5/784 721/5/784
f 716/5/785 726/5/785 727/5/785 723/5/785
f 714/5/786 729/5/786 728/5/786 725/5/786
f 931/5/776 940/5/776 941/5/776 932/5/776
f 932/5/777 941/5/777 942/5/777 933/5/777
f 929/5/778 938/5/778 946/5/778 935/5/778
f 938/5/249 939/5/249 941/5/249 940/5/249
f 939/5/249 943/5/249 942/5/249 941/5/249
f 940/5/249 945/5/249 948/5/249 944/5/249 949/5/249 946/5/249 938/5/249
f 936/5/779 945/5/779 940/5/779 931/5/779
f 950/5/787 949/5/787 944/5/787 937/5/787
f 934/5/781 943/5/781 939/5/781 930/5/781
f 930/5/782 939/5/782 938/5/782 929/5/782
f 947/5/788 948/5/788 945/5/788 936/5/788
f 933/5/784 942/5/784 943/5/784 934/5/784
f 937/5/789 944/5/789 948/5/789 947/5/789
f 935/5/790 946/5/790 949/5/790 950/5/790
